{"type":"FeatureCollection","metadata":{"title":"Karnataka district boundaries for atlas navigation","source":"BharatMaps / National Informatics Centre, Government of India","sourceUrl":"https://mapservice.gov.in/mapserviceserv176/rest/services/BharatMapService_Karnataka/Admin_Boundary_District/MapServer","catalogUrl":"https://karnataka.data.gov.in/catalog/admin-boundaries","policy":"National Data Sharing and Accessibility Policy (NDSAP)","retrievedAt":"2026-07-26","precision":"simplified administrative display boundary; not for legal use"},"features":[{"type":"Feature","properties":{"id":"audit-bagalkote","district":"Bagalkote","districtName":{"en":"Bagalkote","kn":"ಬಾಗಲಕೋಟೆ"},"lgdCode":524,"sourceObjectId":1},"geometry":{"type":"Polygon","coordinates":[[[75.42205,16.76759],[75.41307,16.76648],[75.40769,16.76146],[75.39239,16.75957],[75.38435,16.76342],[75.36618,16.76013],[75.36645,16.74242],[75.3625,16.72912],[75.36538,16.72272],[75.36265,16.71436],[75.31858,16.71858],[75.28789,16.7151],[75.26456,16.69162],[75.26269,16.68069],[75.26825,16.64096],[75.26148,16.62042],[75.25532,16.61898],[75.25885,16.60773],[75.25228,16.60513],[75.23138,16.61576],[75.22133,16.61693],[75.17706,16.60383],[75.16875,16.59868],[75.15718,16.58499],[75.15695,16.56904],[75.16591,16.54771],[75.16198,16.53452],[75.15479,16.52838],[75.13559,16.52461],[75.12135,16.50862],[75.11043,16.50696],[75.10527,16.51102],[75.10017,16.52652],[75.09023,16.5382],[75.08441,16.55926],[75.07128,16.56759],[75.06675,16.53938],[75.0076,16.53841],[74.98851,16.50096],[74.98911,16.47709],[74.98627,16.46946],[74.98653,16.46309],[74.99132,16.46285],[74.9884,16.45355],[75.0168,16.45844],[75.01773,16.43978],[75.02323,16.44038],[75.02382,16.43555],[75.02796,16.43364],[75.07782,16.43779],[75.07296,16.40439],[75.0494,16.39982],[75.0485,16.39642],[75.03963,16.39802],[75.03506,16.38677],[75.0346,16.33801],[75.0432,16.31823],[75.0559,16.33042],[75.0651,16.32671],[75.07621,16.33165],[75.08661,16.33044],[75.09627,16.32487],[75.12962,16.33086],[75.14865,16.31535],[75.15941,16.32083],[75.16011,16.31127],[75.14809,16.28245],[75.20317,16.27283],[75.23409,16.25947],[75.23222,16.25024],[75.2384,16.25097],[75.22962,16.23336],[75.23231,16.21006],[75.24909,16.20464],[75.26879,16.20802],[75.28074,16.19972],[75.28588,16.20125],[75.28886,16.19201],[75.28434,16.17636],[75.29233,16.17274],[75.27581,16.12028],[75.32777,16.11533],[75.34134,16.12455],[75.34703,16.12375],[75.35436,16.12861],[75.3531,16.11647],[75.35535,16.11532],[75.40458,16.11387],[75.40692,16.12624],[75.41188,16.13063],[75.41593,16.11576],[75.43893,16.11548],[75.43576,16.09658],[75.42787,16.09294],[75.43117,16.06925],[75.44523,16.06925],[75.4449,16.05286],[75.42799,16.05263],[75.41941,16.05663],[75.41541,16.05242],[75.41646,16.03281],[75.42333,16.0329],[75.42607,16.00935],[75.43784,16.00302],[75.43163,15.97541],[75.43236,15.97],[75.4396,15.96646],[75.42487,15.92137],[75.44153,15.91857],[75.43794,15.89359],[75.44662,15.89307],[75.44715,15.8899],[75.44327,15.88917],[75.44791,15.88615],[75.46145,15.88675],[75.45871,15.88454],[75.45977,15.88012],[75.46542,15.88136],[75.46561,15.87724],[75.47567,15.87631],[75.47405,15.87332],[75.47882,15.87107],[75.48023,15.87766],[75.49784,15.87229],[75.5052,15.86179],[75.50233,15.85832],[75.50699,15.85551],[75.50785,15.86018],[75.51963,15.85771],[75.52057,15.85286],[75.51566,15.85412],[75.51234,15.85133],[75.51982,15.84603],[75.52232,15.84008],[75.53143,15.84203],[75.52989,15.83487],[75.53899,15.83313],[75.54696,15.83645],[75.5564,15.83252],[75.55061,15.8279],[75.55213,15.82484],[75.56302,15.83041],[75.56646,15.83833],[75.57128,15.83374],[75.56813,15.8339],[75.56596,15.82964],[75.57673,15.83058],[75.57687,15.82478],[75.58711,15.83333],[75.6,15.82681],[75.60898,15.83061],[75.60541,15.82713],[75.61656,15.82118],[75.61774,15.83559],[75.63087,15.83388],[75.63121,15.83081],[75.63537,15.83343],[75.63703,15.84085],[75.64243,15.84134],[75.64281,15.83196],[75.65681,15.82658],[75.66156,15.82874],[75.66002,15.83432],[75.66269,15.8378],[75.67215,15.83626],[75.67604,15.82112],[75.6802,15.82184],[75.6832,15.83016],[75.68862,15.83061],[75.69669,15.82464],[75.70855,15.8292],[75.71386,15.82764],[75.72192,15.81792],[75.74479,15.81276],[75.7796,15.81716],[75.77743,15.82728],[75.77439,15.82729],[75.77667,15.84897],[75.78028,15.85271],[75.79763,15.84781],[75.79992,15.85765],[75.80909,15.85469],[75.80606,15.84859],[75.81367,15.84688],[75.82074,15.84978],[75.82099,15.84548],[75.82949,15.83985],[75.84703,15.83881],[75.84873,15.87193],[75.84006,15.87182],[75.83822,15.86497],[75.82801,15.86652],[75.83523,15.8823],[75.82971,15.88677],[75.82733,15.90035],[75.81187,15.89992],[75.81033,15.8937],[75.77907,15.8974],[75.77355,15.90241],[75.77886,15.9075],[75.77616,15.91825],[75.78852,15.92502],[75.79074,15.92303],[75.82574,15.9271],[75.83651,15.92565],[75.83953,15.93094],[75.85319,15.93557],[75.87817,15.93171],[75.8915,15.91626],[75.90278,15.91819],[75.90169,15.92353],[75.91404,15.91241],[75.92707,15.89501],[75.92829,15.87564],[75.9415,15.8745],[75.94441,15.86693],[75.96342,15.86545],[75.96634,15.85919],[75.9743,15.86178],[75.97904,15.87333],[75.97529,15.89669],[75.97413,15.92252],[75.97765,15.95152],[75.97432,15.95242],[75.9736,15.98633],[75.98706,15.99595],[75.98964,16.00524],[76.01214,16.00213],[76.01768,16.00339],[76.02161,16.00918],[76.05212,16.00328],[76.05238,16.00575],[76.0566,16.00561],[76.05663,16.01181],[76.07878,16.01079],[76.08446,15.99615],[76.07259,15.96525],[76.06272,15.91547],[76.05815,15.90741],[76.07059,15.90265],[76.10117,15.90055],[76.10301,15.89391],[76.11723,15.88634],[76.12536,15.89367],[76.14524,15.89531],[76.15397,15.91481],[76.16052,15.92122],[76.17201,15.92467],[76.17233,15.9316],[76.18996,15.93168],[76.19966,15.93512],[76.20038,15.94381],[76.22655,15.94087],[76.22994,15.92322],[76.25689,15.92277],[76.26208,15.90667],[76.27157,15.90498],[76.27597,15.91047],[76.2761,15.90381],[76.28464,15.90274],[76.28528,15.92896],[76.3018,15.93063],[76.30233,15.92359],[76.31205,15.92262],[76.31324,15.92939],[76.32849,15.93226],[76.32269,15.95597],[76.30944,15.95724],[76.29803,15.98953],[76.29791,15.99905],[76.31189,16.00011],[76.31136,16.01291],[76.30292,16.03822],[76.30586,16.06337],[76.3032,16.07345],[76.25881,16.07399],[76.25671,16.0858],[76.25814,16.09045],[76.29381,16.08839],[76.30053,16.08395],[76.32796,16.07752],[76.33228,16.09195],[76.2678,16.10971],[76.26184,16.09681],[76.25546,16.09707],[76.25253,16.1051],[76.25418,16.11023],[76.24413,16.11368],[76.24648,16.12811],[76.23416,16.13071],[76.23868,16.16673],[76.16469,16.18603],[76.13924,16.1811],[76.12065,16.19121],[76.06313,16.21048],[76.05786,16.22767],[76.06802,16.24374],[76.06531,16.26207],[76.05866,16.27132],[76.03244,16.28941],[76.02641,16.30067],[76.00946,16.30453],[75.99219,16.2996],[75.95602,16.2972],[75.93045,16.31577],[75.89122,16.32701],[75.87327,16.3447],[75.84048,16.34905],[75.81029,16.37029],[75.78919,16.37406],[75.77318,16.38322],[75.72081,16.39099],[75.70302,16.40778],[75.68866,16.41438],[75.67781,16.42419],[75.67115,16.42483],[75.63277,16.44432],[75.59943,16.44652],[75.58398,16.43256],[75.57509,16.41278],[75.56734,16.41254],[75.56071,16.41698],[75.55596,16.42668],[75.55219,16.45592],[75.54601,16.46236],[75.53632,16.46624],[75.49906,16.45357],[75.49562,16.44669],[75.49847,16.43071],[75.48852,16.41854],[75.47905,16.41595],[75.46489,16.41834],[75.45659,16.41239],[75.44764,16.41403],[75.43372,16.42935],[75.43235,16.43661],[75.46322,16.47379],[75.4555,16.50669],[75.48587,16.5086],[75.49073,16.52602],[75.48836,16.5551],[75.47224,16.56336],[75.47295,16.56696],[75.47806,16.56738],[75.48387,16.5731],[75.48486,16.5808],[75.49113,16.58563],[75.49361,16.59315],[75.48492,16.60643],[75.46205,16.62256],[75.45494,16.66386],[75.44721,16.6651],[75.4378,16.69785],[75.4626,16.69991],[75.4883,16.69449],[75.49201,16.74419],[75.47696,16.74732],[75.46529,16.75492],[75.44275,16.75727],[75.42604,16.76793],[75.42205,16.76759]]]}},{"type":"Feature","properties":{"id":"audit-ballari","district":"Ballari","districtName":{"en":"Ballari","kn":"ಬಳ್ಳಾರಿ"},"lgdCode":528,"sourceObjectId":2},"geometry":{"type":"Polygon","coordinates":[[[77.03584,15.82957],[77.02519,15.83751],[77.01598,15.82216],[76.99876,15.81119],[76.96699,15.77427],[76.94404,15.76329],[76.92227,15.7281],[76.91688,15.69966],[76.90678,15.69035],[76.88942,15.68485],[76.88086,15.67132],[76.8616,15.65389],[76.85762,15.6424],[76.8343,15.62778],[76.83238,15.61828],[76.83644,15.60262],[76.83222,15.59572],[76.835,15.56594],[76.83102,15.56002],[76.81057,15.54717],[76.80785,15.52428],[76.81255,15.51689],[76.81079,15.51283],[76.79697,15.50106],[76.78012,15.49285],[76.72646,15.49257],[76.70899,15.48855],[76.68393,15.47175],[76.67136,15.45306],[76.66599,15.44984],[76.63989,15.44414],[76.61227,15.44283],[76.59607,15.42543],[76.59233,15.41302],[76.5718,15.40127],[76.55497,15.39666],[76.54066,15.38114],[76.55766,15.36629],[76.54981,15.34725],[76.55316,15.33798],[76.5529,15.32021],[76.55524,15.31717],[76.57906,15.31082],[76.58136,15.30678],[76.59091,15.30663],[76.58901,15.29803],[76.58214,15.29494],[76.57672,15.26081],[76.58137,15.25296],[76.5952,15.25804],[76.59993,15.26308],[76.60646,15.26332],[76.6047,15.24462],[76.59907,15.24022],[76.60243,15.22006],[76.61348,15.22573],[76.61549,15.22212],[76.60366,15.19551],[76.57376,15.19341],[76.55542,15.2022],[76.55,15.19179],[76.53491,15.199],[76.51811,15.18154],[76.5095,15.18593],[76.49974,15.18174],[76.48042,15.20966],[76.44827,15.22064],[76.43188,15.23294],[76.42768,15.224],[76.43134,15.21713],[76.42323,15.20713],[76.40916,15.19378],[76.39586,15.19339],[76.40389,15.18112],[76.41474,15.17313],[76.44015,15.13719],[76.45957,15.0917],[76.47996,15.0705],[76.46117,15.0425],[76.45166,15.03866],[76.422,15.04596],[76.40984,15.06184],[76.3924,15.06471],[76.39255,15.05368],[76.40393,15.03782],[76.40486,15.02939],[76.39382,15.0225],[76.37868,15.02249],[76.37913,15.01148],[76.37153,14.99692],[76.36145,14.9959],[76.36596,14.99231],[76.36314,14.98558],[76.37606,14.98236],[76.37469,14.95734],[76.39401,14.95851],[76.39411,14.95498],[76.40786,14.95102],[76.40175,14.93483],[76.39799,14.93309],[76.4259,14.93076],[76.43014,14.93532],[76.43453,14.93518],[76.46186,14.92498],[76.46992,14.927],[76.45298,14.91758],[76.45297,14.91072],[76.46063,14.89167],[76.45912,14.88391],[76.46406,14.88122],[76.46518,14.87634],[76.47072,14.88184],[76.47534,14.88114],[76.4751,14.86845],[76.48187,14.8594],[76.49565,14.86095],[76.49929,14.863],[76.49954,14.86845],[76.51769,14.8731],[76.52353,14.86956],[76.53339,14.87196],[76.53033,14.8757],[76.53851,14.87609],[76.54172,14.88151],[76.565,14.88034],[76.57,14.86563],[76.58692,14.85879],[76.5927,14.86405],[76.59486,14.88161],[76.6331,14.88345],[76.63779,14.89259],[76.64832,14.89663],[76.66627,14.89455],[76.67417,14.89704],[76.67753,14.89444],[76.67733,14.91122],[76.66528,14.91583],[76.65979,14.94175],[76.67931,14.93884],[76.69707,14.92761],[76.70678,14.93095],[76.706,14.9423],[76.7128,14.93946],[76.71668,14.94758],[76.71712,14.96824],[76.7114,14.97568],[76.68872,14.97858],[76.67762,15.0095],[76.67273,15.01291],[76.67259,15.02056],[76.67793,15.0246],[76.68808,15.02501],[76.68596,15.01878],[76.70158,15.01608],[76.70474,15.02183],[76.7037,15.03337],[76.71151,15.03273],[76.71726,15.036],[76.73011,15.03282],[76.73609,15.0229],[76.72815,15.00984],[76.7275,14.99735],[76.73406,14.98545],[76.74461,14.98646],[76.75076,14.98317],[76.76057,14.98986],[76.77238,14.99084],[76.77874,15.00456],[76.78712,15.00793],[76.79013,15.02071],[76.78572,15.02768],[76.78343,15.04261],[76.78035,15.04269],[76.77361,15.05912],[76.77524,15.07225],[76.77989,15.07604],[76.77669,15.0784],[76.78215,15.07733],[76.78602,15.08781],[76.79235,15.08757],[76.80024,15.09583],[76.81161,15.08638],[76.82377,15.08001],[76.83602,15.07923],[76.86143,15.06198],[76.86087,15.05979],[76.86589,15.05968],[76.86519,15.05522],[76.86919,15.05342],[76.87784,15.03546],[76.87716,15.03021],[76.89498,15.03707],[76.90722,15.03252],[76.91837,15.03552],[76.92222,15.03128],[76.9496,15.03037],[76.96592,15.01804],[76.98522,15.01519],[76.98603,15.02649],[77.00303,15.03091],[77.00408,15.03383],[77.03595,15.03128],[77.04956,15.03308],[77.05043,15.02447],[77.04412,15.00984],[77.07204,15.00459],[77.08245,15.00608],[77.08475,15.03071],[77.09085,15.02933],[77.09366,15.03614],[77.11293,15.03406],[77.11527,15.0464],[77.1195,15.04569],[77.12821,15.07231],[77.13012,15.10077],[77.14208,15.10457],[77.15017,15.11161],[77.15633,15.12293],[77.15728,15.14047],[77.13795,15.14347],[77.13472,15.14829],[77.14076,15.15859],[77.16283,15.15736],[77.16487,15.1682],[77.16913,15.17135],[77.16588,15.18935],[77.15482,15.21482],[77.15166,15.2147],[77.1454,15.2251],[77.12512,15.22694],[77.12627,15.24002],[77.13622,15.24096],[77.14378,15.25721],[77.16767,15.2585],[77.16693,15.26858],[77.15926,15.26784],[77.15285,15.27406],[77.14714,15.27292],[77.15194,15.27568],[77.15158,15.29243],[77.11838,15.29485],[77.11701,15.32574],[77.11259,15.32743],[77.1131,15.33368],[77.10145,15.33368],[77.07439,15.32589],[77.06373,15.32802],[77.0649,15.34355],[77.04474,15.35569],[77.04183,15.36192],[77.04135,15.37099],[77.04742,15.3834],[77.04725,15.39002],[77.02923,15.40436],[77.0339,15.41927],[77.03353,15.43289],[77.0275,15.43974],[77.01077,15.44874],[76.9973,15.47801],[76.9771,15.48976],[76.97384,15.49953],[76.97453,15.51051],[77.01479,15.50183],[77.02884,15.50046],[77.03004,15.50265],[77.03132,15.54408],[77.02624,15.58174],[77.03291,15.60498],[77.03043,15.63449],[77.07173,15.64665],[77.08319,15.65915],[77.10136,15.6485],[77.10747,15.64003],[77.10625,15.63744],[77.12142,15.63108],[77.1283,15.66246],[77.12888,15.66586],[77.12014,15.66761],[77.12137,15.67109],[77.10923,15.68146],[77.07869,15.69514],[77.08257,15.6987],[77.08741,15.71549],[77.07887,15.71625],[77.07969,15.72751],[77.0491,15.73026],[77.04938,15.74004],[77.04594,15.74036],[77.04799,15.75622],[77.05431,15.75617],[77.05646,15.76283],[77.05106,15.76452],[77.05231,15.76987],[77.05695,15.7687],[77.06094,15.78626],[77.06641,15.78505],[77.06717,15.78774],[77.06712,15.80269],[77.06373,15.80319],[77.06547,15.82735],[77.05888,15.82999],[77.04256,15.82884],[77.04069,15.83274],[77.03584,15.82957]]]}},{"type":"Feature","properties":{"id":"audit-belagavi","district":"Belagavi","districtName":{"en":"Belagavi","kn":"ಬೆಳಗಾವಿ"},"lgdCode":527,"sourceObjectId":3},"geometry":{"type":"MultiPolygon","coordinates":[[[[74.2913,15.83217],[74.26171,15.82967],[74.26896,15.81659],[74.26647,15.7978],[74.27486,15.79609],[74.28544,15.78794],[74.28982,15.78773],[74.28915,15.79142],[74.2933,15.79527],[74.30234,15.78746],[74.31341,15.79643],[74.30337,15.80666],[74.2913,15.83217]]],[[[75.31988,16.9567],[75.2796,16.95656],[75.27938,16.92333],[75.2829,16.90972],[75.28994,16.90403],[75.28203,16.88029],[75.26472,16.8628],[75.23766,16.86794],[75.22764,16.84318],[75.2142,16.8417],[75.18185,16.8434],[75.18899,16.87528],[75.17658,16.86771],[75.15555,16.86856],[75.13648,16.87449],[75.13246,16.88942],[75.13484,16.8947],[75.12032,16.90253],[75.11748,16.91344],[75.09631,16.91374],[75.0918,16.92605],[75.08933,16.95158],[75.07435,16.95002],[75.06204,16.94152],[75.04454,16.94173],[75.03577,16.93284],[75.02643,16.93192],[75.02523,16.928],[75.02659,16.94414],[75.0045,16.94627],[74.99291,16.95207],[74.96436,16.94763],[74.96751,16.94161],[74.96064,16.93995],[74.96016,16.93726],[74.96568,16.92986],[74.96454,16.92678],[74.95042,16.93295],[74.9476,16.93935],[74.93171,16.94476],[74.92316,16.93931],[74.92178,16.92986],[74.93422,16.92423],[74.93266,16.91891],[74.94435,16.91084],[74.95486,16.91017],[74.95535,16.90534],[74.96358,16.90971],[74.96036,16.88095],[74.94438,16.8827],[74.93592,16.87924],[74.93522,16.87107],[74.92555,16.87203],[74.92402,16.86713],[74.9265,16.86354],[74.90152,16.86255],[74.90761,16.85017],[74.91029,16.83514],[74.91082,16.78954],[74.92014,16.7725],[74.88987,16.77126],[74.86936,16.77407],[74.86568,16.76336],[74.84982,16.77276],[74.84451,16.76182],[74.79874,16.75366],[74.79575,16.74775],[74.78337,16.75132],[74.77197,16.75068],[74.76937,16.74481],[74.76035,16.74127],[74.75276,16.73086],[74.73209,16.71832],[74.69102,16.71554],[74.68773,16.7086],[74.6894,16.68646],[74.68082,16.68589],[74.68109,16.68091],[74.68886,16.68154],[74.68955,16.67703],[74.67902,16.6731],[74.6795,16.66617],[74.66516,16.66567],[74.65348,16.63883],[74.65905,16.63167],[74.66981,16.6294],[74.68757,16.61789],[74.68986,16.61314],[74.68698,16.60679],[74.67383,16.6092],[74.65999,16.6029],[74.64001,16.61045],[74.63335,16.60036],[74.63586,16.58391],[74.62863,16.57773],[74.6188,16.58407],[74.61708,16.57587],[74.60952,16.56959],[74.59896,16.56431],[74.58788,16.5661],[74.58464,16.55913],[74.5746,16.55894],[74.57381,16.55391],[74.56854,16.55387],[74.56065,16.56262],[74.55485,16.56451],[74.55602,16.57356],[74.56466,16.57965],[74.56689,16.58539],[74.55877,16.59465],[74.54349,16.59532],[74.54449,16.63547],[74.48903,16.63014],[74.47672,16.64447],[74.47171,16.66405],[74.46874,16.6638],[74.4564,16.65505],[74.45835,16.64868],[74.45478,16.6473],[74.46581,16.62472],[74.4641,16.61509],[74.46671,16.60682],[74.43544,16.60106],[74.42634,16.59574],[74.42215,16.58451],[74.39663,16.58327],[74.39291,16.56488],[74.3869,16.55994],[74.38715,16.5362],[74.37983,16.52859],[74.35793,16.53834],[74.35611,16.54976],[74.35908,16.55575],[74.35625,16.55975],[74.35399,16.55892],[74.35512,16.55506],[74.34572,16.555],[74.33969,16.54776],[74.33488,16.54788],[74.32517,16.5563],[74.31571,16.55445],[74.31512,16.5046],[74.30614,16.50369],[74.30137,16.52927],[74.2916,16.53388],[74.28314,16.52459],[74.28109,16.5411],[74.27713,16.54525],[74.27054,16.54796],[74.26444,16.54044],[74.26955,16.52248],[74.2761,16.52131],[74.27822,16.50491],[74.25251,16.50062],[74.24737,16.49691],[74.25663,16.48954],[74.26077,16.4801],[74.27438,16.48563],[74.27458,16.49403],[74.27966,16.50483],[74.2909,16.5049],[74.29218,16.48571],[74.28845,16.47723],[74.28928,16.46297],[74.29705,16.46454],[74.31246,16.45324],[74.33259,16.45476],[74.32971,16.4472],[74.33623,16.44567],[74.33269,16.43685],[74.33674,16.42881],[74.32885,16.41905],[74.33505,16.40141],[74.3448,16.40553],[74.36369,16.40509],[74.36291,16.39552],[74.35358,16.38188],[74.35341,16.36642],[74.3473,16.36832],[74.34064,16.38867],[74.33587,16.39374],[74.32749,16.3915],[74.32484,16.37829],[74.31719,16.381],[74.32477,16.35994],[74.31764,16.35305],[74.32703,16.34251],[74.31532,16.34008],[74.31656,16.33619],[74.3225,16.33437],[74.31661,16.32656],[74.32875,16.32375],[74.33129,16.32067],[74.32461,16.31666],[74.32516,16.31368],[74.33322,16.31345],[74.33474,16.30903],[74.33192,16.30525],[74.33591,16.30709],[74.34255,16.29803],[74.34201,16.29118],[74.33472,16.28961],[74.32796,16.29325],[74.32578,16.28559],[74.32083,16.28448],[74.32493,16.27176],[74.33415,16.2688],[74.33333,16.27597],[74.33843,16.2714],[74.34335,16.27309],[74.34378,16.27808],[74.35046,16.27537],[74.35363,16.28309],[74.34301,16.29066],[74.3456,16.29376],[74.35478,16.29264],[74.36253,16.28672],[74.36714,16.26943],[74.37301,16.26164],[74.38064,16.26197],[74.38261,16.27736],[74.41051,16.2831],[74.41595,16.2801],[74.41761,16.258],[74.43577,16.25883],[74.43555,16.25115],[74.45483,16.25339],[74.45609,16.24386],[74.46862,16.24019],[74.48048,16.25013],[74.49035,16.23489],[74.49521,16.2349],[74.5031,16.22541],[74.49593,16.2143],[74.50126,16.20553],[74.508,16.20226],[74.50584,16.20136],[74.50624,16.19024],[74.49379,16.18645],[74.48955,16.17742],[74.48837,16.15726],[74.47983,16.14713],[74.48511,16.1423],[74.49123,16.10431],[74.4851,16.09837],[74.48156,16.08889],[74.47273,16.0906],[74.45868,16.10379],[74.4429,16.10534],[74.42762,16.11197],[74.40997,16.10212],[74.40696,16.09351],[74.39004,16.08946],[74.39086,16.08048],[74.38362,16.08293],[74.38173,16.0793],[74.37222,16.07821],[74.37151,16.06824],[74.36133,16.05384],[74.37734,16.05512],[74.36905,16.03922],[74.3734,16.03644],[74.38099,16.03548],[74.40209,16.04611],[74.40552,16.05184],[74.42969,16.05915],[74.44285,16.05281],[74.45012,16.05401],[74.45714,16.04823],[74.46221,16.04984],[74.46302,16.04162],[74.45649,16.04106],[74.46322,16.03919],[74.45026,16.00855],[74.44477,16.00305],[74.44395,15.9864],[74.43787,15.9799],[74.43893,15.97568],[74.43083,15.95658],[74.38687,15.90498],[74.38778,15.90131],[74.39342,15.90004],[74.39674,15.88036],[74.39279,15.87839],[74.39765,15.86997],[74.40637,15.86445],[74.40617,15.85538],[74.39754,15.85115],[74.38814,15.85425],[74.38693,15.85965],[74.38283,15.86004],[74.37675,15.88238],[74.3661,15.89131],[74.36861,15.89436],[74.3647,15.89386],[74.36326,15.87492],[74.34552,15.86229],[74.34661,15.85879],[74.33821,15.85492],[74.345,15.85044],[74.38309,15.8491],[74.38405,15.84012],[74.38104,15.83538],[74.37993,15.83827],[74.3774,15.83222],[74.37321,15.83251],[74.36648,15.82589],[74.36536,15.81927],[74.36062,15.81778],[74.36993,15.81146],[74.37197,15.79824],[74.36904,15.78812],[74.35843,15.77483],[74.34568,15.76456],[74.32307,15.77268],[74.31862,15.75838],[74.30974,15.75489],[74.3079,15.74848],[74.28729,15.74198],[74.26832,15.75474],[74.25403,15.74515],[74.24026,15.74332],[74.22797,15.75603],[74.2265,15.76263],[74.22858,15.7721],[74.23458,15.77858],[74.2335,15.78699],[74.22103,15.786],[74.21311,15.78006],[74.20897,15.78127],[74.20143,15.75862],[74.18953,15.75212],[74.16156,15.75129],[74.1533,15.74363],[74.15097,15.73581],[74.14184,15.73433],[74.13396,15.72982],[74.13076,15.72336],[74.12582,15.72411],[74.12217,15.72073],[74.1261,15.71846],[74.12618,15.70796],[74.13143,15.70587],[74.13213,15.7024],[74.13072,15.68963],[74.12577,15.68097],[74.10885,15.67269],[74.09136,15.67463],[74.08828,15.66994],[74.10188,15.65839],[74.13554,15.64837],[74.14909,15.65197],[74.15435,15.6499],[74.15747,15.65468],[74.16442,15.6535],[74.16737,15.67209],[74.18097,15.68215],[74.19084,15.67895],[74.1861,15.6745],[74.18684,15.66745],[74.20406,15.66368],[74.20175,15.65634],[74.20513,15.65103],[74.22216,15.65564],[74.21515,15.66287],[74.22378,15.66898],[74.22841,15.66444],[74.23636,15.66858],[74.23817,15.66362],[74.25198,15.65431],[74.24416,15.62611],[74.24826,15.6229],[74.25372,15.62674],[74.2643,15.61551],[74.25999,15.60672],[74.26025,15.59263],[74.24874,15.58038],[74.25053,15.57737],[74.24519,15.5666],[74.24967,15.56765],[74.25833,15.56169],[74.26174,15.56488],[74.27792,15.54611],[74.28265,15.53142],[74.27815,15.52285],[74.29172,15.52496],[74.32684,15.517],[74.34248,15.51795],[74.37485,15.48075],[74.38672,15.48413],[74.40439,15.47386],[74.41327,15.4739],[74.42188,15.46359],[74.42637,15.39839],[74.43236,15.39871],[74.4386,15.40505],[74.44585,15.40667],[74.45646,15.40307],[74.46035,15.41324],[74.46454,15.41507],[74.47379,15.40246],[74.47256,15.39779],[74.48261,15.39581],[74.50278,15.4037],[74.51692,15.40232],[74.53527,15.41868],[74.54469,15.41681],[74.56833,15.40242],[74.57623,15.39139],[74.5822,15.39023],[74.58565,15.38256],[74.59726,15.37612],[74.60272,15.36666],[74.61392,15.35846],[74.6324,15.36696],[74.64932,15.39002],[74.68958,15.39789],[74.69936,15.41004],[74.70653,15.4076],[74.71803,15.41144],[74.73386,15.40859],[74.74082,15.41097],[74.74095,15.41778],[74.73107,15.42533],[74.72965,15.43145],[74.73213,15.43369],[74.73079,15.44014],[74.74023,15.4468],[74.73781,15.44835],[74.74232,15.45132],[74.74199,15.46221],[74.74443,15.46347],[74.74354,15.4667],[74.73719,15.46588],[74.7319,15.4709],[74.72731,15.48888],[74.73811,15.49013],[74.74859,15.4962],[74.75539,15.48777],[74.7539,15.48476],[74.76108,15.47047],[74.7646,15.47391],[74.77831,15.45931],[74.7886,15.47396],[74.78694,15.48612],[74.79587,15.48751],[74.79991,15.49425],[74.798,15.49775],[74.80583,15.49801],[74.80345,15.50298],[74.81386,15.50496],[74.80945,15.51262],[74.81146,15.52183],[74.7979,15.54851],[74.82028,15.56229],[74.82244,15.56848],[74.8409,15.57474],[74.83532,15.58659],[74.82989,15.59029],[74.83047,15.6103],[74.83825,15.61236],[74.84021,15.60855],[74.87888,15.61793],[74.87767,15.62272],[74.88734,15.62967],[74.90217,15.63185],[74.91183,15.63166],[74.93271,15.62357],[74.96507,15.62719],[74.96311,15.64348],[74.96632,15.65432],[74.97801,15.64913],[74.99126,15.65153],[75.01936,15.64392],[75.02191,15.65034],[75.02801,15.6518],[75.02828,15.6698],[75.04672,15.67063],[75.04975,15.68246],[75.05978,15.68208],[75.0589,15.67736],[75.06319,15.66927],[75.05634,15.63248],[75.06394,15.62569],[75.08065,15.6229],[75.0918,15.60788],[75.10143,15.66078],[75.1061,15.66023],[75.10821,15.67198],[75.12386,15.66799],[75.13235,15.66011],[75.17135,15.66055],[75.18395,15.65763],[75.18724,15.64896],[75.20272,15.64906],[75.20263,15.68155],[75.21775,15.68157],[75.21787,15.67695],[75.23628,15.67901],[75.24911,15.64698],[75.2737,15.6487],[75.27261,15.66286],[75.27887,15.68849],[75.27709,15.72207],[75.27362,15.72259],[75.27456,15.74039],[75.29378,15.74103],[75.29311,15.72821],[75.29964,15.7276],[75.31416,15.73004],[75.31835,15.74493],[75.31831,15.76455],[75.30608,15.76596],[75.30364,15.81257],[75.32487,15.81121],[75.33283,15.81635],[75.32988,15.82401],[75.33927,15.82763],[75.34114,15.80476],[75.36469,15.8049],[75.37491,15.84534],[75.39034,15.8378],[75.40417,15.84166],[75.42456,15.84193],[75.42438,15.82272],[75.41417,15.78477],[75.43716,15.77871],[75.44013,15.79531],[75.44718,15.79376],[75.45082,15.81136],[75.45466,15.81846],[75.45783,15.81846],[75.45728,15.86152],[75.4511,15.86282],[75.45387,15.88096],[75.44327,15.88917],[75.44715,15.8899],[75.44662,15.89307],[75.43757,15.89484],[75.44153,15.91857],[75.42487,15.92137],[75.4396,15.96646],[75.43236,15.97],[75.43163,15.97541],[75.43784,16.00302],[75.42607,16.00935],[75.42333,16.0329],[75.41646,16.03281],[75.41553,16.04001],[75.41541,16.05242],[75.41941,16.05663],[75.42799,16.05263],[75.4449,16.05286],[75.44523,16.06925],[75.43117,16.06925],[75.42787,16.09294],[75.43576,16.09658],[75.43893,16.11548],[75.41593,16.11576],[75.41188,16.13063],[75.40692,16.12624],[75.40458,16.11387],[75.35535,16.11532],[75.3531,16.11647],[75.35436,16.12861],[75.34703,16.12375],[75.34134,16.12455],[75.32777,16.11533],[75.27581,16.12028],[75.29233,16.17274],[75.28434,16.17636],[75.28886,16.19201],[75.28588,16.20125],[75.28074,16.19972],[75.26879,16.20802],[75.24909,16.20464],[75.23231,16.21006],[75.22962,16.23336],[75.2384,16.25097],[75.23222,16.25024],[75.23409,16.25947],[75.20317,16.27283],[75.14809,16.28245],[75.16011,16.31127],[75.15941,16.32083],[75.14865,16.31535],[75.12962,16.33086],[75.09627,16.32487],[75.08661,16.33044],[75.07621,16.33165],[75.0651,16.32671],[75.0559,16.33042],[75.0432,16.31823],[75.0346,16.33801],[75.03506,16.38677],[75.03963,16.39802],[75.0485,16.39642],[75.0494,16.39982],[75.07296,16.40439],[75.07782,16.43779],[75.02796,16.43364],[75.02382,16.43555],[75.02323,16.44038],[75.01773,16.43978],[75.0168,16.45844],[74.9884,16.45355],[74.99132,16.46285],[74.98653,16.46309],[74.98851,16.50096],[75.0076,16.53841],[75.06675,16.53938],[75.07128,16.56759],[75.08117,16.56277],[75.0868,16.55538],[75.08955,16.53983],[75.10017,16.52652],[75.10527,16.51102],[75.11239,16.50636],[75.11954,16.50771],[75.13317,16.52328],[75.1524,16.52707],[75.16198,16.53452],[75.16588,16.55095],[75.15715,16.56826],[75.15699,16.58381],[75.17095,16.60035],[75.22133,16.61693],[75.23138,16.61576],[75.25228,16.60513],[75.25858,16.60738],[75.25532,16.61898],[75.26148,16.62042],[75.26825,16.64096],[75.26269,16.68069],[75.26456,16.69162],[75.28789,16.7151],[75.31858,16.71858],[75.36265,16.71436],[75.36538,16.72272],[75.3625,16.72912],[75.36645,16.74242],[75.36618,16.76013],[75.38435,16.76342],[75.38082,16.79854],[75.37869,16.79841],[75.37888,16.82408],[75.39495,16.86315],[75.35379,16.87114],[75.33563,16.86939],[75.3342,16.91243],[75.34253,16.95306],[75.34158,16.95617],[75.31988,16.9567]]]]}},{"type":"Feature","properties":{"id":"audit-bengaluru-rural","district":"Bengaluru Rural","districtName":{"en":"Bengaluru Rural","kn":"ಬೆಂಗಳೂರು ಗ್ರಾಮಾಂತರ"},"lgdCode":526,"sourceObjectId":4},"geometry":{"type":"Polygon","coordinates":[[[77.39908,13.49277],[77.38466,13.49907],[77.3771,13.48333],[77.3723,13.48311],[77.37021,13.47822],[77.3734,13.47004],[77.36681,13.46945],[77.36612,13.46356],[77.35844,13.46306],[77.34862,13.45718],[77.3484,13.44659],[77.35689,13.4377],[77.36197,13.43692],[77.36287,13.42004],[77.35846,13.41485],[77.34589,13.41756],[77.34084,13.37703],[77.3457,13.37463],[77.34125,13.35711],[77.34457,13.35013],[77.34382,13.3397],[77.33852,13.32911],[77.32934,13.3304],[77.31191,13.32208],[77.30867,13.31061],[77.2812,13.3104],[77.28166,13.29728],[77.27525,13.29768],[77.26963,13.30561],[77.26982,13.31115],[77.25473,13.30887],[77.25266,13.30173],[77.24945,13.30171],[77.24311,13.3024],[77.24023,13.30851],[77.22901,13.31331],[77.22033,13.28551],[77.22214,13.26835],[77.21934,13.26295],[77.2046,13.26228],[77.19991,13.26825],[77.19246,13.26902],[77.18839,13.2764],[77.18349,13.25762],[77.19245,13.24356],[77.19021,13.23784],[77.18582,13.23852],[77.18269,13.22872],[77.19406,13.2243],[77.1951,13.20663],[77.20025,13.20316],[77.20095,13.19451],[77.20287,13.19732],[77.2075,13.19662],[77.20359,13.18448],[77.21628,13.16161],[77.21321,13.1516],[77.2175,13.14487],[77.24163,13.14636],[77.24893,13.1519],[77.27504,13.15258],[77.27394,13.13979],[77.26708,13.14266],[77.26543,13.12758],[77.26841,13.11885],[77.27647,13.11945],[77.27913,13.13377],[77.28475,13.13435],[77.28679,13.12169],[77.29195,13.12117],[77.29283,13.1101],[77.30272,13.11088],[77.31434,13.10614],[77.30928,13.08324],[77.30936,13.05497],[77.31105,13.04632],[77.32388,13.04702],[77.32839,13.05021],[77.33113,13.04291],[77.32996,13.02607],[77.32545,13.02291],[77.32783,13.00887],[77.32193,13.00832],[77.32873,12.97764],[77.33731,12.97778],[77.33805,12.97282],[77.34759,12.97428],[77.35276,12.9764],[77.3559,12.98605],[77.36017,12.98928],[77.36494,12.98722],[77.3666,12.991],[77.37182,12.99214],[77.36991,13.01326],[77.3757,13.01486],[77.37557,13.02876],[77.38915,13.02653],[77.39402,13.05295],[77.38303,13.05722],[77.38412,13.06787],[77.39771,13.0732],[77.4237,13.07027],[77.42884,13.08646],[77.42048,13.08654],[77.42136,13.09124],[77.41595,13.0932],[77.4179,13.10492],[77.40087,13.11171],[77.40131,13.11814],[77.39272,13.11503],[77.39292,13.11764],[77.39707,13.11869],[77.39755,13.12351],[77.40859,13.1237],[77.43179,13.16509],[77.44363,13.1666],[77.46067,13.16076],[77.46788,13.16247],[77.46927,13.17469],[77.47671,13.18914],[77.47833,13.20505],[77.47442,13.2062],[77.47418,13.21126],[77.47991,13.2234],[77.48797,13.22239],[77.4989,13.22717],[77.50565,13.22516],[77.5065,13.22883],[77.51144,13.22857],[77.52101,13.21461],[77.51894,13.20913],[77.52039,13.21109],[77.52233,13.20877],[77.52211,13.21437],[77.52658,13.22111],[77.53686,13.21902],[77.5432,13.23284],[77.55932,13.2323],[77.55661,13.21918],[77.56951,13.2161],[77.5711,13.20701],[77.56677,13.20143],[77.57428,13.19874],[77.60006,13.19647],[77.60432,13.20364],[77.61583,13.20535],[77.61309,13.20877],[77.61736,13.21052],[77.62868,13.20891],[77.64748,13.20033],[77.66041,13.20089],[77.65453,13.18815],[77.66301,13.184],[77.67081,13.18512],[77.67146,13.18979],[77.68669,13.19329],[77.68425,13.20336],[77.69014,13.2027],[77.69847,13.18941],[77.70744,13.18976],[77.71208,13.19618],[77.72562,13.19272],[77.72855,13.18482],[77.72683,13.17626],[77.73038,13.17354],[77.72737,13.16865],[77.73265,13.1594],[77.7282,13.14665],[77.73196,13.14488],[77.72976,13.13239],[77.72447,13.12661],[77.73368,13.12347],[77.73231,13.11477],[77.75004,13.11631],[77.76138,13.11339],[77.76503,13.10776],[77.76339,13.0991],[77.7669,13.08457],[77.75956,13.08178],[77.76026,13.07377],[77.76739,13.06507],[77.77132,13.04792],[77.78106,13.03381],[77.77131,13.01417],[77.77437,13.01324],[77.7732,13.00629],[77.77575,13.0058],[77.77244,13.00256],[77.77477,13.00119],[77.77918,12.97023],[77.76714,12.95944],[77.77258,12.9511],[77.76511,12.94247],[77.77544,12.93872],[77.77882,12.92887],[77.79809,12.92521],[77.79751,12.91825],[77.80307,12.91933],[77.81096,12.93313],[77.81633,12.92641],[77.82294,12.92934],[77.83228,12.92661],[77.82993,12.91965],[77.81675,12.92141],[77.81621,12.91465],[77.82078,12.91178],[77.82115,12.90185],[77.82984,12.88942],[77.8321,12.88216],[77.82963,12.87747],[77.83601,12.87033],[77.84739,12.86932],[77.85073,12.86616],[77.85748,12.86948],[77.86765,12.86807],[77.86643,12.8761],[77.85568,12.87625],[77.85228,12.89091],[77.86189,12.91427],[77.84457,12.91635],[77.84219,12.91404],[77.83956,12.92218],[77.85102,12.93208],[77.85918,12.93567],[77.86918,12.93382],[77.87074,12.93714],[77.87371,12.94519],[77.86711,12.95093],[77.87156,12.95984],[77.8653,12.96614],[77.8647,12.97365],[77.87142,12.9729],[77.87406,12.99765],[77.88587,13.00857],[77.88676,13.01996],[77.8933,13.03503],[77.88716,13.03708],[77.88881,13.04543],[77.89309,13.04624],[77.89222,13.0522],[77.91366,13.04845],[77.91897,13.0509],[77.92163,13.06114],[77.9282,13.06845],[77.93737,13.06597],[77.94145,13.06879],[77.93955,13.08355],[77.93875,13.07863],[77.93183,13.07395],[77.92623,13.07587],[77.92704,13.08266],[77.91838,13.07926],[77.91332,13.08084],[77.91607,13.0876],[77.9111,13.09601],[77.90154,13.09979],[77.90134,13.10239],[77.91412,13.11106],[77.91541,13.11904],[77.92364,13.11593],[77.9255,13.11068],[77.93734,13.10814],[77.93927,13.12514],[77.95619,13.12629],[77.95544,13.14011],[77.95941,13.15151],[77.95877,13.15738],[77.95304,13.16057],[77.95534,13.17643],[77.96383,13.18934],[77.9595,13.19579],[77.96055,13.20015],[77.95512,13.20087],[77.95795,13.21869],[77.95127,13.21936],[77.95136,13.21498],[77.94523,13.21418],[77.94656,13.21922],[77.96385,13.23277],[77.96492,13.24405],[77.94855,13.24999],[77.94559,13.24366],[77.93495,13.24606],[77.92901,13.23823],[77.91412,13.23974],[77.91385,13.23194],[77.89092,13.23453],[77.90219,13.24208],[77.90565,13.25056],[77.90341,13.25483],[77.89079,13.25756],[77.88859,13.25079],[77.88007,13.25045],[77.87411,13.24393],[77.87848,13.23934],[77.8766,13.23431],[77.87079,13.23425],[77.86364,13.24112],[77.858,13.22847],[77.85829,13.22037],[77.85002,13.2195],[77.84779,13.22107],[77.85077,13.24106],[77.82133,13.25262],[77.81441,13.23951],[77.80756,13.24313],[77.82097,13.25817],[77.8088,13.26148],[77.81589,13.29756],[77.82217,13.29695],[77.82258,13.29076],[77.82955,13.29067],[77.82763,13.30549],[77.81444,13.30425],[77.81444,13.30943],[77.81018,13.31007],[77.81242,13.31301],[77.81728,13.31018],[77.82717,13.32701],[77.81023,13.3344],[77.81025,13.33834],[77.79638,13.34067],[77.79111,13.34567],[77.79047,13.35087],[77.77472,13.35305],[77.75414,13.3638],[77.75062,13.35929],[77.74279,13.36025],[77.74389,13.35375],[77.73726,13.3604],[77.72649,13.36332],[77.72924,13.36035],[77.72855,13.35169],[77.71639,13.35178],[77.71675,13.36563],[77.71096,13.36623],[77.71021,13.36324],[77.69866,13.35898],[77.69939,13.34828],[77.70344,13.34425],[77.69989,13.33737],[77.68429,13.35187],[77.67994,13.34488],[77.66706,13.34799],[77.65594,13.35823],[77.65705,13.37271],[77.66196,13.37746],[77.65957,13.38347],[77.65196,13.38704],[77.65773,13.39306],[77.65756,13.39782],[77.65326,13.39842],[77.64784,13.39183],[77.63846,13.3938],[77.63391,13.37592],[77.62094,13.37536],[77.62092,13.38468],[77.61276,13.38713],[77.61911,13.40236],[77.60745,13.40719],[77.60657,13.39978],[77.60238,13.39821],[77.59921,13.41514],[77.60669,13.41451],[77.61545,13.42108],[77.60745,13.42524],[77.60307,13.4413],[77.59957,13.43614],[77.58979,13.43625],[77.5891,13.42922],[77.59347,13.42125],[77.59137,13.41883],[77.58423,13.42157],[77.55147,13.41964],[77.54844,13.43587],[77.53708,13.43648],[77.53455,13.43075],[77.52247,13.43153],[77.51594,13.44388],[77.50411,13.44549],[77.50671,13.45662],[77.5047,13.4578],[77.49348,13.45889],[77.48326,13.46789],[77.47662,13.46641],[77.47147,13.46936],[77.46134,13.46287],[77.45814,13.46911],[77.45457,13.46861],[77.4548,13.46428],[77.43948,13.46179],[77.43302,13.46398],[77.4344,13.46874],[77.42286,13.47193],[77.42483,13.48156],[77.42162,13.48558],[77.41559,13.48607],[77.41553,13.49201],[77.40796,13.49679],[77.39908,13.49277]]]}},{"type":"Feature","properties":{"id":"audit-bengaluru-urban","district":"Bengaluru Urban","districtName":{"en":"Bengaluru Urban","kn":"ಬೆಂಗಳೂರು ನಗರ"},"lgdCode":525,"sourceObjectId":5},"geometry":{"type":"Polygon","coordinates":[[[77.55233,13.23208],[77.5432,13.23284],[77.53686,13.21902],[77.52658,13.22111],[77.52211,13.21437],[77.52233,13.20877],[77.52039,13.21109],[77.51894,13.20913],[77.52101,13.21461],[77.51144,13.22857],[77.5065,13.22883],[77.50565,13.22516],[77.4989,13.22717],[77.48797,13.22239],[77.47991,13.2234],[77.47418,13.21126],[77.47442,13.2062],[77.47833,13.20505],[77.47671,13.18914],[77.46927,13.17469],[77.46788,13.16247],[77.46067,13.16076],[77.44363,13.1666],[77.43179,13.16509],[77.40859,13.1237],[77.39755,13.12351],[77.39707,13.11869],[77.39338,13.11848],[77.39272,13.11503],[77.40131,13.11814],[77.40087,13.11171],[77.4179,13.10492],[77.41595,13.0932],[77.42136,13.09124],[77.42048,13.08654],[77.42878,13.08603],[77.4237,13.07027],[77.39771,13.0732],[77.38332,13.06692],[77.38303,13.05722],[77.39402,13.05295],[77.38915,13.02653],[77.37557,13.02876],[77.3757,13.01486],[77.36991,13.01326],[77.37182,12.99214],[77.3666,12.991],[77.36494,12.98722],[77.36073,12.98954],[77.3559,12.98605],[77.35184,12.97589],[77.33805,12.97282],[77.33731,12.97778],[77.33303,12.97865],[77.32617,12.97389],[77.33298,12.95014],[77.33948,12.94408],[77.33554,12.93798],[77.33932,12.92362],[77.33655,12.91215],[77.34339,12.88799],[77.33324,12.88792],[77.335,12.87839],[77.34488,12.87645],[77.3463,12.8701],[77.3656,12.87161],[77.36976,12.85761],[77.37941,12.85488],[77.3974,12.86833],[77.40266,12.86541],[77.40389,12.87388],[77.41039,12.87659],[77.41579,12.87521],[77.41579,12.8717],[77.42989,12.87539],[77.42922,12.87059],[77.41839,12.86952],[77.4289,12.85666],[77.42664,12.85031],[77.43786,12.85018],[77.43379,12.84433],[77.43455,12.83917],[77.42512,12.83778],[77.41959,12.82626],[77.43344,12.82333],[77.43604,12.81035],[77.44359,12.80823],[77.45158,12.81805],[77.46588,12.80861],[77.46839,12.81102],[77.48004,12.80863],[77.47897,12.80465],[77.48469,12.80077],[77.47629,12.79677],[77.47105,12.79959],[77.4693,12.79506],[77.47772,12.78151],[77.47355,12.75692],[77.48357,12.74896],[77.48613,12.74279],[77.49891,12.73932],[77.50492,12.73238],[77.51012,12.73816],[77.51381,12.75022],[77.52088,12.74435],[77.51853,12.73673],[77.52127,12.73241],[77.53264,12.74856],[77.53431,12.75596],[77.54071,12.75016],[77.54632,12.77006],[77.55232,12.77218],[77.54404,12.77598],[77.54881,12.78598],[77.54315,12.7942],[77.54489,12.79865],[77.55693,12.7991],[77.55471,12.78856],[77.56279,12.78711],[77.55545,12.78142],[77.5561,12.77689],[77.55895,12.76646],[77.56547,12.75895],[77.57161,12.7649],[77.57083,12.77803],[77.58042,12.78723],[77.59053,12.78176],[77.59791,12.76346],[77.59473,12.7523],[77.57609,12.75208],[77.56971,12.74166],[77.56893,12.72979],[77.55579,12.73274],[77.55937,12.71465],[77.56743,12.70109],[77.59414,12.72208],[77.61544,12.70917],[77.61318,12.69925],[77.60554,12.69222],[77.5955,12.66854],[77.59726,12.65744],[77.59887,12.66716],[77.63788,12.67571],[77.65991,12.68384],[77.67638,12.67947],[77.67509,12.67309],[77.67865,12.66039],[77.70236,12.66081],[77.71101,12.66712],[77.71159,12.68314],[77.72277,12.67965],[77.72462,12.67119],[77.73993,12.67299],[77.74101,12.68577],[77.73495,12.692],[77.73746,12.69775],[77.74068,12.69987],[77.76175,12.69758],[77.7647,12.70108],[77.76575,12.71374],[77.76955,12.71252],[77.77445,12.72421],[77.76109,12.72749],[77.76333,12.73689],[77.76945,12.74029],[77.78356,12.74121],[77.79296,12.74818],[77.79439,12.75762],[77.77878,12.76776],[77.79856,12.79512],[77.80665,12.79406],[77.80854,12.79673],[77.8034,12.80481],[77.79973,12.80522],[77.80216,12.817],[77.8099,12.81553],[77.80988,12.83153],[77.7959,12.83453],[77.79246,12.8427],[77.79675,12.84478],[77.79911,12.85154],[77.80792,12.84767],[77.81555,12.85579],[77.82308,12.85584],[77.83246,12.86204],[77.83216,12.86752],[77.83603,12.87065],[77.82963,12.87747],[77.8321,12.88216],[77.82984,12.88942],[77.82115,12.90185],[77.82078,12.91178],[77.81621,12.91465],[77.81675,12.92141],[77.82993,12.91965],[77.83228,12.92661],[77.82294,12.92934],[77.81633,12.92641],[77.81096,12.93313],[77.80307,12.91933],[77.79751,12.91825],[77.79809,12.92521],[77.77882,12.92887],[77.77544,12.93872],[77.76511,12.94247],[77.77258,12.9511],[77.76714,12.95944],[77.77918,12.97023],[77.77477,13.00119],[77.77244,13.00256],[77.77575,13.0058],[77.7732,13.00629],[77.77437,13.01324],[77.77131,13.01417],[77.78106,13.03381],[77.77132,13.04792],[77.76739,13.06507],[77.76026,13.07377],[77.75956,13.08178],[77.7669,13.08457],[77.76339,13.0991],[77.76503,13.10776],[77.76138,13.11339],[77.75004,13.11631],[77.73231,13.11477],[77.73368,13.12347],[77.72447,13.12661],[77.72976,13.13239],[77.73196,13.14488],[77.7282,13.14665],[77.73265,13.1594],[77.72737,13.16865],[77.73038,13.17354],[77.72683,13.17626],[77.72855,13.18482],[77.72562,13.19272],[77.71208,13.19618],[77.70744,13.18976],[77.69847,13.18941],[77.69014,13.2027],[77.68425,13.20336],[77.68669,13.19329],[77.67146,13.18979],[77.67081,13.18512],[77.66301,13.184],[77.65453,13.18815],[77.66041,13.20089],[77.64748,13.20033],[77.62868,13.20891],[77.61736,13.21052],[77.61309,13.20877],[77.61583,13.20535],[77.60432,13.20364],[77.60006,13.19647],[77.57428,13.19874],[77.56677,13.20143],[77.5711,13.20701],[77.56951,13.2161],[77.55661,13.21918],[77.55995,13.23176],[77.55233,13.23208]]]}},{"type":"Feature","properties":{"id":"audit-bidar","district":"Bidar","districtName":{"en":"Bidar","kn":"ಬೀದರ್"},"lgdCode":529,"sourceObjectId":6},"geometry":{"type":"MultiPolygon","coordinates":[[[[77.3323,18.45086],[77.3269,18.45175],[77.32642,18.45885],[77.31989,18.45803],[77.31685,18.44225],[77.27904,18.4298],[77.27325,18.42302],[77.26566,18.42234],[77.25937,18.41326],[77.24177,18.41261],[77.23369,18.3882],[77.23946,18.37861],[77.24842,18.37606],[77.24639,18.37077],[77.23399,18.3698],[77.22583,18.36522],[77.22009,18.34927],[77.22958,18.34821],[77.22277,18.33975],[77.21907,18.32573],[77.21179,18.31628],[77.20167,18.32217],[77.19871,18.31545],[77.20293,18.29773],[77.20555,18.2941],[77.20985,18.29497],[77.20935,18.28772],[77.21301,18.28032],[77.19747,18.27661],[77.18821,18.28474],[77.17481,18.28486],[77.17073,18.2767],[77.16975,18.26087],[77.15913,18.25579],[77.15177,18.23802],[77.14863,18.23905],[77.15152,18.21704],[77.1427,18.21704],[77.14014,18.20772],[77.11129,18.20424],[77.0976,18.19672],[77.11634,18.17102],[77.11154,18.15583],[77.09948,18.15819],[77.08485,18.15079],[77.06396,18.15065],[77.0532,18.15945],[77.05198,18.17323],[77.03318,18.18199],[77.03173,18.17743],[77.02308,18.17565],[77.02565,18.16175],[77.0233,18.15851],[77.00111,18.1609],[76.99641,18.1662],[76.99061,18.18999],[76.9784,18.19198],[76.97742,18.18887],[76.95193,18.1881],[76.94845,18.16876],[76.94236,18.15641],[76.93148,18.15965],[76.92396,18.14663],[76.9318,18.13353],[76.92025,18.12507],[76.9205,18.11818],[76.93292,18.11283],[76.93774,18.11491],[76.95427,18.11054],[76.96635,18.0982],[76.96294,18.08957],[76.94521,18.0832],[76.95162,18.06105],[76.9449,18.04836],[76.95269,18.04394],[76.95231,18.04022],[76.91432,18.03536],[76.9123,18.01734],[76.90564,18.00971],[76.90671,17.99659],[76.91314,17.99689],[76.91444,17.96156],[76.9183,17.95602],[76.91729,17.94806],[76.92067,17.94157],[76.9191,17.9162],[76.90126,17.91724],[76.89899,17.90907],[76.89689,17.91037],[76.89655,17.90575],[76.89384,17.90607],[76.89419,17.89983],[76.88399,17.89898],[76.88427,17.89429],[76.85264,17.90072],[76.83896,17.89906],[76.83192,17.89526],[76.8312,17.88562],[76.81022,17.88704],[76.80667,17.87058],[76.77505,17.87771],[76.77357,17.89046],[76.76816,17.90115],[76.73997,17.8997],[76.73848,17.85668],[76.75149,17.85813],[76.7675,17.85213],[76.77931,17.83628],[76.787,17.8332],[76.79039,17.82633],[76.78286,17.81792],[76.78259,17.80664],[76.77873,17.80048],[76.76651,17.79847],[76.76204,17.78702],[76.74253,17.78422],[76.74434,17.78034],[76.74065,17.77946],[76.72094,17.78806],[76.71409,17.78094],[76.71191,17.77327],[76.72107,17.7695],[76.71879,17.75148],[76.72481,17.7511],[76.72827,17.73756],[76.6994,17.72684],[76.70443,17.72262],[76.70087,17.70675],[76.7136,17.69908],[76.70691,17.69357],[76.69418,17.69568],[76.69129,17.68777],[76.69097,17.68126],[76.695,17.67729],[76.69425,17.66218],[76.70916,17.66255],[76.71229,17.65765],[76.70864,17.65208],[76.69875,17.64725],[76.69828,17.64251],[76.71435,17.63881],[76.72029,17.65386],[76.73183,17.65882],[76.73273,17.66563],[76.77347,17.66677],[76.77014,17.6463],[76.77191,17.64018],[76.77846,17.63597],[76.78444,17.63645],[76.79291,17.65318],[76.80787,17.64901],[76.82312,17.65188],[76.83678,17.6494],[76.84185,17.65371],[76.85243,17.6446],[76.89882,17.64467],[76.90781,17.63509],[76.9148,17.63921],[76.9289,17.63754],[76.92519,17.62596],[76.91784,17.62356],[76.921,17.61073],[76.94039,17.60889],[76.95133,17.62438],[76.95808,17.62096],[76.95699,17.63415],[76.96188,17.63962],[76.98713,17.65806],[76.988,17.6619],[76.97783,17.66492],[76.9771,17.67992],[76.98097,17.69154],[76.99089,17.696],[77.00056,17.696],[77.01757,17.67786],[77.03416,17.68064],[77.03529,17.66937],[77.04092,17.67166],[77.04321,17.66737],[77.04631,17.67074],[77.05814,17.67313],[77.07368,17.66156],[77.08137,17.66229],[77.08531,17.65902],[77.08941,17.66915],[77.10458,17.669],[77.10628,17.67402],[77.1145,17.67797],[77.11667,17.68728],[77.12357,17.68702],[77.13246,17.68245],[77.13271,17.66224],[77.14475,17.65572],[77.14368,17.64765],[77.15034,17.64257],[77.14997,17.63241],[77.15517,17.6289],[77.17129,17.62778],[77.18888,17.61538],[77.1942,17.61551],[77.19751,17.63201],[77.20732,17.62675],[77.2305,17.63251],[77.25824,17.62332],[77.27491,17.62683],[77.27954,17.61756],[77.28476,17.61922],[77.28718,17.61759],[77.28508,17.61553],[77.29149,17.61119],[77.29509,17.61509],[77.29461,17.60897],[77.29956,17.60685],[77.30029,17.59772],[77.34039,17.5879],[77.35183,17.60006],[77.35961,17.60019],[77.37922,17.595],[77.37877,17.58388],[77.39135,17.58616],[77.44405,17.58436],[77.44476,17.60941],[77.44873,17.60934],[77.45589,17.63418],[77.45208,17.63642],[77.44822,17.65112],[77.45482,17.67448],[77.45243,17.6947],[77.46748,17.70298],[77.48415,17.7056],[77.48489,17.70914],[77.49227,17.70813],[77.49705,17.71551],[77.50914,17.71629],[77.51165,17.72092],[77.51655,17.72016],[77.52201,17.72603],[77.52859,17.72517],[77.53133,17.72867],[77.54596,17.72684],[77.54861,17.73577],[77.5567,17.73738],[77.56439,17.74786],[77.56853,17.74891],[77.56915,17.76649],[77.55486,17.76397],[77.54026,17.77438],[77.53751,17.77993],[77.53439,17.77763],[77.52636,17.78163],[77.51233,17.78213],[77.50656,17.78595],[77.51494,17.80545],[77.52903,17.81293],[77.52822,17.8279],[77.5467,17.82848],[77.54891,17.81938],[77.55403,17.82007],[77.56068,17.83865],[77.56744,17.84542],[77.56484,17.85119],[77.56932,17.85156],[77.57,17.86765],[77.5764,17.87542],[77.58059,17.87345],[77.58342,17.87704],[77.59908,17.87309],[77.60037,17.8806],[77.59583,17.88136],[77.58599,17.89384],[77.58606,17.90784],[77.59999,17.90414],[77.60518,17.90781],[77.61904,17.90406],[77.622,17.92957],[77.61868,17.93949],[77.62294,17.94552],[77.63251,17.94667],[77.63289,17.9558],[77.62454,17.9596],[77.63301,17.96738],[77.63721,17.95232],[77.6409,17.95411],[77.64948,17.95002],[77.64951,17.95907],[77.65586,17.96884],[77.64821,17.98026],[77.65204,17.99389],[77.64891,17.99888],[77.62779,17.99679],[77.61966,18.00649],[77.60747,18.00985],[77.60593,18.02023],[77.60164,18.01984],[77.59586,18.01285],[77.58859,18.01216],[77.58059,18.03158],[77.55379,18.03582],[77.55183,18.0507],[77.54764,18.05613],[77.54834,18.06521],[77.55743,18.06373],[77.55971,18.07188],[77.56592,18.07667],[77.59564,18.08603],[77.5988,18.09333],[77.60155,18.1059],[77.5944,18.13272],[77.59684,18.15595],[77.5924,18.15544],[77.58131,18.16232],[77.57472,18.1741],[77.57069,18.19217],[77.56346,18.19613],[77.56551,18.20418],[77.57482,18.20163],[77.58531,18.21982],[77.57178,18.244],[77.58315,18.26078],[77.59489,18.26531],[77.60542,18.28135],[77.58185,18.28538],[77.57256,18.2933],[77.56134,18.28495],[77.55411,18.29088],[77.53272,18.2987],[77.52373,18.30821],[77.51263,18.3096],[77.50882,18.30428],[77.51156,18.28205],[77.50522,18.27702],[77.49866,18.27675],[77.49267,18.2672],[77.48138,18.27236],[77.47575,18.26466],[77.46504,18.26254],[77.44758,18.27],[77.44586,18.28381],[77.44035,18.28263],[77.43651,18.29323],[77.43766,18.31031],[77.42831,18.31236],[77.42556,18.30788],[77.409,18.30147],[77.39485,18.30359],[77.38512,18.30931],[77.36579,18.30712],[77.35672,18.3202],[77.3716,18.32521],[77.37562,18.33205],[77.38094,18.33102],[77.38243,18.34225],[77.39498,18.3415],[77.39434,18.34743],[77.40015,18.34745],[77.39487,18.36845],[77.40984,18.37741],[77.41409,18.39311],[77.40016,18.402],[77.38843,18.39953],[77.37283,18.4011],[77.36839,18.41253],[77.37065,18.41879],[77.36726,18.41869],[77.3654,18.42772],[77.36215,18.42989],[77.36446,18.43452],[77.36184,18.43728],[77.3675,18.44696],[77.36564,18.45156],[77.35349,18.44767],[77.34522,18.43361],[77.33566,18.44232],[77.33603,18.45015],[77.3323,18.45086]]],[[[77.27885,18.47574],[77.27504,18.47772],[77.27215,18.47296],[77.26747,18.45461],[77.28864,18.45534],[77.29953,18.46488],[77.30029,18.47303],[77.29638,18.47702],[77.27885,18.47574]]]]}},{"type":"Feature","properties":{"id":"audit-chamarajanagar","district":"Chamarajanagar","districtName":{"en":"Chamarajanagar","kn":"ಚಾಮರಾಜನಗರ"},"lgdCode":531,"sourceObjectId":7},"geometry":{"type":"Polygon","coordinates":[[[77.28026,12.30828],[77.26669,12.31413],[77.24888,12.30832],[77.23681,12.31021],[77.22513,12.30337],[77.21762,12.30861],[77.16653,12.31008],[77.16999,12.28503],[77.16462,12.28084],[77.17004,12.25976],[77.12528,12.24526],[77.12442,12.23744],[77.13425,12.22564],[77.13191,12.20724],[77.12231,12.19717],[77.1074,12.18979],[77.0846,12.19102],[77.06143,12.17095],[77.04471,12.16918],[77.04589,12.1608],[77.03925,12.14722],[77.03953,12.14185],[77.04087,12.13967],[77.04433,12.14205],[77.04573,12.13604],[77.0398,12.1283],[77.03699,12.13919],[77.01576,12.13401],[77.01122,12.15357],[77.01425,12.16323],[77.00388,12.15987],[77.0025,12.16543],[76.99748,12.16696],[76.99867,12.17714],[76.99308,12.17662],[76.99002,12.17469],[76.99039,12.16247],[76.98803,12.16157],[76.98912,12.14044],[76.97624,12.13426],[76.97586,12.12267],[76.96939,12.12288],[76.97042,12.11254],[76.94881,12.09742],[76.93723,12.10117],[76.92358,12.11412],[76.90632,12.11331],[76.90268,12.11627],[76.90261,12.12264],[76.89094,12.12107],[76.89025,12.13083],[76.88196,12.12949],[76.87138,12.14127],[76.8678,12.16178],[76.87137,12.17396],[76.86563,12.1745],[76.86261,12.1803],[76.8515,12.17892],[76.85321,12.17035],[76.84556,12.16742],[76.85347,12.15944],[76.84075,12.15606],[76.84106,12.14541],[76.83105,12.13535],[76.83155,12.13187],[76.84495,12.11926],[76.84575,12.11316],[76.84768,12.11872],[76.87667,12.11518],[76.88414,12.08254],[76.87411,12.07565],[76.87004,12.06309],[76.85405,12.06218],[76.85345,12.05981],[76.86831,12.05973],[76.86992,12.0553],[76.89052,12.05829],[76.8905,12.04899],[76.90067,12.04649],[76.89933,12.04323],[76.90231,12.04481],[76.91006,12.04108],[76.91506,12.02588],[76.93884,12.02624],[76.9361,12.0131],[76.92298,12.01275],[76.90629,11.9995],[76.88782,11.99984],[76.8831,12.01544],[76.87301,12.00545],[76.85825,12.00759],[76.85659,11.99954],[76.83646,11.99978],[76.83741,12.00359],[76.8213,12.01083],[76.82031,12.02723],[76.8117,12.02683],[76.81064,12.02171],[76.79916,12.01741],[76.79206,12.01071],[76.79168,12.00549],[76.79539,12.00481],[76.79766,11.9986],[76.79722,11.98893],[76.79362,11.98885],[76.79368,11.98627],[76.77988,11.98525],[76.78059,11.98774],[76.76847,11.99187],[76.76666,11.99917],[76.75115,11.99989],[76.74581,12.00244],[76.74623,12.00834],[76.74092,12.00927],[76.73276,12.00247],[76.72942,11.99054],[76.7192,11.9907],[76.71725,11.98493],[76.70513,11.98508],[76.7015,11.99782],[76.69458,12.00042],[76.68049,12.00052],[76.67332,12.00203],[76.67193,12.00602],[76.65112,12.00791],[76.64278,11.98282],[76.63188,11.98356],[76.61336,11.99156],[76.60516,11.99036],[76.59598,11.98431],[76.59207,11.9873],[76.58654,11.98547],[76.57825,11.98825],[76.57429,11.9684],[76.55747,11.94887],[76.57128,11.94012],[76.5703,11.92807],[76.5766,11.92352],[76.57018,11.90786],[76.56199,11.904],[76.55699,11.89469],[76.55367,11.85863],[76.53467,11.87322],[76.50285,11.86155],[76.49115,11.86102],[76.48825,11.84339],[76.49279,11.82208],[76.46884,11.81912],[76.4622,11.79264],[76.44938,11.79946],[76.40992,11.81123],[76.42078,11.80285],[76.42433,11.80462],[76.42873,11.79547],[76.42664,11.79333],[76.42143,11.79559],[76.42215,11.79039],[76.41294,11.78775],[76.41636,11.78493],[76.41417,11.77873],[76.42292,11.77562],[76.41382,11.76182],[76.41498,11.7555],[76.41046,11.74233],[76.41288,11.74011],[76.41817,11.7426],[76.42744,11.72598],[76.42411,11.72029],[76.41659,11.71769],[76.41401,11.71125],[76.41184,11.7158],[76.40338,11.71091],[76.40524,11.70586],[76.40888,11.70639],[76.41238,11.69502],[76.40844,11.68972],[76.41305,11.68598],[76.41673,11.67174],[76.42613,11.67114],[76.42946,11.66624],[76.43533,11.6647],[76.45821,11.66433],[76.48262,11.68611],[76.48168,11.69252],[76.4936,11.69298],[76.51168,11.70498],[76.53723,11.6908],[76.55056,11.67419],[76.54931,11.66498],[76.5544,11.65557],[76.5539,11.64571],[76.56142,11.63268],[76.55995,11.62247],[76.56966,11.61806],[76.57521,11.61919],[76.57675,11.6145],[76.58379,11.61376],[76.59229,11.61866],[76.59647,11.61625],[76.59761,11.61064],[76.61065,11.61085],[76.61398,11.60755],[76.63046,11.61379],[76.67147,11.61591],[76.74707,11.61378],[76.75692,11.61844],[76.76482,11.61413],[76.79153,11.61274],[76.79635,11.60841],[76.80924,11.60838],[76.81757,11.60472],[76.82284,11.60808],[76.84694,11.59447],[76.85647,11.59928],[76.85812,11.61403],[76.85053,11.61596],[76.84884,11.61856],[76.85211,11.62167],[76.84276,11.62705],[76.84513,11.63415],[76.83463,11.6395],[76.83793,11.64194],[76.83374,11.64896],[76.83501,11.65542],[76.84184,11.66213],[76.85276,11.69237],[76.86371,11.70537],[76.86117,11.70722],[76.86263,11.71101],[76.87421,11.72411],[76.88835,11.73364],[76.8881,11.7417],[76.89625,11.7598],[76.89661,11.77647],[76.908,11.79525],[76.92218,11.79178],[76.93209,11.79279],[76.94239,11.78803],[76.95394,11.79205],[76.96118,11.78162],[76.96992,11.77686],[76.98365,11.80168],[76.98215,11.8115],[76.99354,11.80916],[77.01294,11.81462],[77.01401,11.80621],[77.01689,11.81071],[77.02988,11.80467],[77.03419,11.79995],[77.03267,11.79589],[77.03875,11.79385],[77.03549,11.78314],[77.02886,11.77467],[77.0351,11.76978],[77.04647,11.78762],[77.06294,11.7904],[77.06976,11.78208],[77.05643,11.76978],[77.08277,11.73976],[77.08022,11.73598],[77.10501,11.7328],[77.11771,11.72107],[77.11739,11.72847],[77.11535,11.72817],[77.11754,11.73179],[77.11419,11.73447],[77.11138,11.7504],[77.10855,11.7526],[77.11246,11.75693],[77.11075,11.77347],[77.13808,11.77264],[77.14709,11.78191],[77.18202,11.78632],[77.18924,11.79252],[77.2386,11.79465],[77.2496,11.80418],[77.24988,11.81301],[77.28798,11.80044],[77.29385,11.809],[77.33515,11.77123],[77.36042,11.77947],[77.36485,11.7904],[77.37026,11.78666],[77.39446,11.78763],[77.41366,11.77467],[77.42223,11.77238],[77.4226,11.76172],[77.42724,11.76087],[77.43381,11.77814],[77.4422,11.78329],[77.4405,11.78883],[77.44662,11.79031],[77.4498,11.79601],[77.45404,11.82023],[77.46661,11.84708],[77.46141,11.85369],[77.46305,11.85885],[77.45994,11.86345],[77.46586,11.8742],[77.46048,11.8812],[77.46398,11.89403],[77.46163,11.89998],[77.47352,11.89918],[77.47722,11.89046],[77.48064,11.89341],[77.4862,11.88741],[77.48307,11.89957],[77.49059,11.90849],[77.48861,11.91234],[77.4948,11.94385],[77.50041,11.93998],[77.50492,11.94113],[77.53798,11.93239],[77.54252,11.93816],[77.55818,11.94155],[77.57531,11.93648],[77.59358,11.94022],[77.60345,11.93766],[77.60695,11.94202],[77.624,11.94731],[77.63944,11.94805],[77.65205,11.95482],[77.65738,11.94983],[77.66907,11.94907],[77.67569,11.95198],[77.67474,11.96594],[77.69637,12.01577],[77.70891,12.03602],[77.72754,12.06204],[77.75569,12.07973],[77.76775,12.10664],[77.77639,12.11228],[77.7738,12.12052],[77.74981,12.13846],[77.74614,12.15737],[77.73543,12.16959],[77.73197,12.17956],[77.69864,12.18513],[77.66524,12.19821],[77.63999,12.1964],[77.62984,12.20224],[77.62096,12.19988],[77.61075,12.20614],[77.59674,12.19927],[77.58042,12.1981],[77.57386,12.20089],[77.5658,12.19633],[77.54626,12.20466],[77.53585,12.19862],[77.52815,12.19889],[77.51868,12.19448],[77.49271,12.19733],[77.48645,12.20381],[77.47204,12.20789],[77.48256,12.2289],[77.47849,12.24006],[77.46611,12.24372],[77.46031,12.24887],[77.44832,12.25001],[77.44704,12.26226],[77.43032,12.28712],[77.41928,12.28934],[77.40348,12.27943],[77.36548,12.28388],[77.34889,12.27891],[77.33914,12.28535],[77.32691,12.30768],[77.30275,12.2987],[77.28026,12.30828]]]}},{"type":"Feature","properties":{"id":"audit-chikkaballapur","district":"Chikkaballapur","districtName":{"en":"Chikkaballapur","kn":"ಚಿಕ್ಕಬಳ್ಳಾಪುರ"},"lgdCode":630,"sourceObjectId":8},"geometry":{"type":"Polygon","coordinates":[[[77.97649,13.95853],[77.96743,13.96016],[77.96195,13.95497],[77.95886,13.93883],[77.9462,13.93534],[77.92677,13.90533],[77.91542,13.90785],[77.89582,13.92036],[77.89891,13.93064],[77.89569,13.94104],[77.86861,13.93601],[77.85485,13.93818],[77.83882,13.93589],[77.82659,13.94472],[77.81484,13.93193],[77.81349,13.91462],[77.81703,13.90831],[77.81618,13.90298],[77.83196,13.89567],[77.83554,13.88097],[77.82733,13.87444],[77.83707,13.86974],[77.82019,13.86321],[77.81203,13.84898],[77.79301,13.84894],[77.78227,13.84408],[77.78426,13.83439],[77.78909,13.83047],[77.78876,13.82316],[77.78153,13.81829],[77.76351,13.81722],[77.74793,13.81039],[77.74072,13.81242],[77.73158,13.80757],[77.72929,13.80221],[77.71931,13.80027],[77.72228,13.79394],[77.71868,13.7841],[77.72222,13.76885],[77.71736,13.74107],[77.71514,13.74376],[77.70846,13.74102],[77.70329,13.76979],[77.69518,13.7707],[77.67172,13.76048],[77.67987,13.77233],[77.68008,13.78678],[77.65129,13.78407],[77.64599,13.77876],[77.62107,13.76844],[77.6175,13.76193],[77.61884,13.75496],[77.62964,13.7542],[77.64223,13.7468],[77.64143,13.74195],[77.62772,13.7346],[77.62443,13.73523],[77.61361,13.75192],[77.59997,13.75076],[77.58685,13.73349],[77.57168,13.7382],[77.56093,13.72234],[77.54929,13.74064],[77.54744,13.7529],[77.54086,13.75595],[77.52536,13.75324],[77.52195,13.74456],[77.53664,13.7306],[77.53437,13.707],[77.52834,13.69301],[77.52505,13.69101],[77.51963,13.69627],[77.51237,13.69725],[77.51417,13.71321],[77.48504,13.71478],[77.49211,13.68981],[77.48783,13.68917],[77.48788,13.68666],[77.4545,13.68191],[77.43711,13.6843],[77.43505,13.67262],[77.4037,13.67532],[77.39725,13.67345],[77.39328,13.66488],[77.38333,13.66242],[77.37702,13.65005],[77.37847,13.64519],[77.3689,13.64159],[77.36961,13.6337],[77.36213,13.62526],[77.36018,13.61569],[77.36378,13.60208],[77.36305,13.59018],[77.3716,13.58774],[77.37421,13.59002],[77.38244,13.57531],[77.38062,13.55056],[77.38273,13.53715],[77.39141,13.53414],[77.38994,13.51968],[77.38086,13.51511],[77.38261,13.50032],[77.39863,13.49288],[77.40796,13.49679],[77.41553,13.49201],[77.41559,13.48607],[77.42162,13.48558],[77.42483,13.48156],[77.42286,13.47193],[77.4344,13.46874],[77.43302,13.46398],[77.44607,13.46162],[77.4548,13.46428],[77.45457,13.46861],[77.45814,13.46911],[77.46134,13.46287],[77.47147,13.46936],[77.47662,13.46641],[77.48326,13.46789],[77.49348,13.45889],[77.5047,13.4578],[77.50671,13.45662],[77.50411,13.44549],[77.51594,13.44388],[77.52247,13.43153],[77.53455,13.43075],[77.53708,13.43648],[77.54844,13.43587],[77.55147,13.41964],[77.58423,13.42157],[77.59137,13.41883],[77.59347,13.42125],[77.5891,13.42922],[77.58979,13.43625],[77.59957,13.43614],[77.60307,13.4413],[77.60745,13.42524],[77.61545,13.42108],[77.60669,13.41451],[77.59921,13.41514],[77.60238,13.39821],[77.60657,13.39978],[77.60745,13.40719],[77.61911,13.40236],[77.61276,13.38713],[77.62092,13.38468],[77.62094,13.37536],[77.63391,13.37592],[77.63846,13.3938],[77.64784,13.39183],[77.65326,13.39842],[77.65756,13.39782],[77.65773,13.39306],[77.65196,13.38704],[77.65957,13.38347],[77.66196,13.37746],[77.65705,13.37271],[77.65594,13.35823],[77.66706,13.34799],[77.67994,13.34488],[77.68429,13.35187],[77.69989,13.33737],[77.70344,13.34425],[77.69939,13.34828],[77.69866,13.35898],[77.71021,13.36324],[77.71096,13.36623],[77.71675,13.36563],[77.71639,13.35178],[77.72855,13.35169],[77.72924,13.36035],[77.72649,13.36332],[77.73726,13.3604],[77.74389,13.35375],[77.74279,13.36025],[77.75062,13.35929],[77.75414,13.3638],[77.77472,13.35305],[77.78898,13.35177],[77.79638,13.34067],[77.81025,13.33834],[77.81023,13.3344],[77.82717,13.32701],[77.81728,13.31018],[77.81242,13.31301],[77.81018,13.31007],[77.81444,13.30943],[77.81444,13.30425],[77.82763,13.30549],[77.82955,13.29067],[77.82258,13.29076],[77.82217,13.29695],[77.81589,13.29756],[77.8088,13.26148],[77.82097,13.25817],[77.80756,13.24313],[77.81441,13.23951],[77.82133,13.25262],[77.85077,13.24106],[77.84779,13.22107],[77.85002,13.2195],[77.85829,13.22037],[77.858,13.22847],[77.86364,13.24112],[77.87079,13.23425],[77.8766,13.23431],[77.87848,13.23934],[77.87411,13.24393],[77.88007,13.25045],[77.88859,13.25079],[77.89079,13.25756],[77.90341,13.25483],[77.90565,13.25056],[77.90219,13.24208],[77.89092,13.23453],[77.91158,13.23134],[77.91412,13.23974],[77.92901,13.23823],[77.9414,13.25847],[77.93822,13.26795],[77.94629,13.27125],[77.95618,13.26969],[77.95948,13.2722],[77.95774,13.28192],[77.96123,13.28424],[77.96894,13.28238],[77.98455,13.28607],[77.98519,13.29917],[77.98963,13.30434],[78.01128,13.30145],[78.01552,13.2829],[78.02991,13.28371],[78.04691,13.27829],[78.05211,13.29341],[78.05906,13.29277],[78.06058,13.299],[78.08678,13.30219],[78.09197,13.31023],[78.10246,13.30369],[78.1075,13.30429],[78.12166,13.29273],[78.13382,13.28764],[78.13647,13.30435],[78.12319,13.30842],[78.12175,13.3155],[78.10897,13.32326],[78.13084,13.32843],[78.13159,13.33227],[78.13407,13.33122],[78.13186,13.35246],[78.15034,13.35062],[78.15009,13.35794],[78.14936,13.36103],[78.14556,13.3614],[78.14796,13.36749],[78.14263,13.37587],[78.12239,13.3752],[78.12461,13.386],[78.12833,13.38671],[78.13573,13.40525],[78.15265,13.4096],[78.16082,13.41528],[78.16893,13.41357],[78.18255,13.42063],[78.18551,13.43893],[78.18864,13.44248],[78.19433,13.43844],[78.19341,13.4471],[78.20154,13.44992],[78.21039,13.47104],[78.20811,13.47811],[78.20069,13.4841],[78.19816,13.51259],[78.18777,13.51359],[78.19041,13.5207],[78.19909,13.52089],[78.20365,13.52777],[78.20115,13.54131],[78.19377,13.54855],[78.20134,13.56389],[78.19297,13.56485],[78.18961,13.57521],[78.19026,13.59014],[78.20333,13.60651],[78.2042,13.62842],[78.16822,13.63285],[78.16907,13.65394],[78.15613,13.65862],[78.11429,13.65736],[78.10225,13.65106],[78.09895,13.6428],[78.08711,13.64307],[78.08974,13.6591],[78.07855,13.66727],[78.07701,13.67335],[78.06572,13.67614],[78.07359,13.68773],[78.06961,13.6908],[78.06908,13.69781],[78.09242,13.69117],[78.11322,13.69274],[78.1208,13.71562],[78.10433,13.73654],[78.09152,13.74228],[78.09988,13.75846],[78.1138,13.76343],[78.1264,13.78638],[78.12269,13.79878],[78.11375,13.80747],[78.1254,13.83161],[78.1222,13.83895],[78.12363,13.84535],[78.11654,13.85187],[78.11478,13.86289],[78.10185,13.8617],[78.08994,13.8647],[78.08191,13.86124],[78.079,13.88116],[78.04887,13.89609],[78.05083,13.87599],[78.04619,13.86213],[78.04133,13.86027],[78.03185,13.86425],[78.02123,13.86383],[78.01672,13.86496],[78.01158,13.87194],[78.00048,13.87293],[77.99832,13.86908],[77.99206,13.86882],[77.98885,13.85377],[77.98298,13.84727],[77.9761,13.82949],[77.95298,13.82735],[77.95625,13.83593],[77.94906,13.8707],[77.94908,13.88645],[77.95213,13.88983],[77.98431,13.89719],[77.98662,13.903],[77.9831,13.90487],[77.98025,13.92786],[77.98753,13.9555],[77.97649,13.95853]]]}},{"type":"Feature","properties":{"id":"audit-chikkamagaluru","district":"Chikkamagaluru","districtName":{"en":"Chikkamagaluru","kn":"ಚಿಕ್ಕಮಗಳೂರು"},"lgdCode":532,"sourceObjectId":9},"geometry":{"type":"Polygon","coordinates":[[[76.04417,13.8994],[76.0333,13.8977],[76.03238,13.87976],[76.02773,13.87337],[76.03057,13.86928],[76.02334,13.86349],[76.01857,13.86378],[76.01577,13.87193],[76.01083,13.86594],[76.00808,13.86855],[75.98882,13.84849],[75.98037,13.84781],[75.97019,13.85635],[75.96513,13.8467],[75.94974,13.83383],[75.94811,13.82849],[75.9523,13.81598],[75.94733,13.81792],[75.94552,13.8142],[75.92757,13.81387],[75.92026,13.80705],[75.90367,13.80882],[75.89549,13.80621],[75.8895,13.80967],[75.83552,13.81378],[75.82544,13.81865],[75.80775,13.79444],[75.79177,13.79691],[75.77759,13.78849],[75.7726,13.79693],[75.76705,13.79706],[75.76069,13.79421],[75.76686,13.78998],[75.76456,13.78149],[75.74909,13.78094],[75.73175,13.76905],[75.71809,13.77136],[75.70962,13.76649],[75.68716,13.76672],[75.68196,13.7613],[75.68863,13.75391],[75.6865,13.74988],[75.67647,13.75115],[75.67437,13.76191],[75.66918,13.76406],[75.66415,13.75795],[75.66311,13.75074],[75.65586,13.74613],[75.6658,13.7375],[75.66813,13.73083],[75.67459,13.72833],[75.67468,13.72316],[75.6709,13.71986],[75.65115,13.71869],[75.64794,13.70906],[75.63567,13.70141],[75.62253,13.70574],[75.61729,13.72295],[75.62789,13.73322],[75.609,13.74596],[75.61085,13.76094],[75.57141,13.75538],[75.56728,13.75309],[75.56581,13.74084],[75.54092,13.728],[75.53285,13.73074],[75.52164,13.74361],[75.52096,13.75177],[75.51069,13.75497],[75.50691,13.76568],[75.4983,13.75807],[75.48728,13.76856],[75.4856,13.76509],[75.48862,13.75973],[75.46118,13.74172],[75.45978,13.73068],[75.45434,13.72364],[75.42659,13.71511],[75.41919,13.70608],[75.40252,13.70376],[75.38294,13.71086],[75.38225,13.70262],[75.38785,13.69851],[75.3942,13.70026],[75.39426,13.69351],[75.40545,13.67661],[75.41468,13.65286],[75.40909,13.64216],[75.41194,13.63964],[75.40539,13.63002],[75.40729,13.62561],[75.39432,13.63052],[75.3921,13.62391],[75.38666,13.62346],[75.38878,13.61327],[75.37824,13.61501],[75.3791,13.62067],[75.37459,13.62677],[75.36601,13.62194],[75.36393,13.6042],[75.36974,13.59707],[75.35736,13.5956],[75.3443,13.58061],[75.34079,13.58574],[75.32818,13.58585],[75.32618,13.59254],[75.31327,13.58899],[75.30797,13.58399],[75.29497,13.58471],[75.28964,13.57458],[75.27978,13.56853],[75.27886,13.56448],[75.27145,13.56899],[75.26454,13.58662],[75.25647,13.58371],[75.25494,13.59477],[75.24915,13.59599],[75.24476,13.60511],[75.23547,13.59844],[75.22587,13.6059],[75.22138,13.60233],[75.22377,13.59602],[75.21066,13.58531],[75.21174,13.57814],[75.22645,13.56832],[75.22203,13.55959],[75.21593,13.55785],[75.2198,13.5552],[75.22045,13.54948],[75.22437,13.54856],[75.22074,13.53324],[75.22618,13.52816],[75.21969,13.52359],[75.20879,13.52466],[75.2041,13.51816],[75.21107,13.51699],[75.20574,13.51533],[75.20271,13.50898],[75.1884,13.50876],[75.17616,13.49909],[75.16973,13.50794],[75.14664,13.47803],[75.13625,13.47245],[75.14232,13.45778],[75.14556,13.4572],[75.14413,13.45471],[75.15452,13.45313],[75.15301,13.43993],[75.14874,13.43683],[75.15496,13.43027],[75.13989,13.40677],[75.14635,13.39282],[75.13956,13.38677],[75.1319,13.39118],[75.12709,13.38521],[75.12768,13.36614],[75.11205,13.3564],[75.1021,13.36011],[75.09855,13.35691],[75.08973,13.36119],[75.08884,13.34991],[75.07853,13.34296],[75.09603,13.31702],[75.10069,13.30107],[75.11247,13.28247],[75.1193,13.28212],[75.13609,13.2898],[75.13994,13.28807],[75.1529,13.26431],[75.16883,13.21159],[75.16675,13.2028],[75.17356,13.20397],[75.18984,13.18308],[75.20628,13.17674],[75.21125,13.16462],[75.20754,13.15322],[75.21723,13.15655],[75.23371,13.13839],[75.24466,13.13729],[75.25224,13.12893],[75.26128,13.1313],[75.26839,13.12538],[75.27753,13.12682],[75.28477,13.13492],[75.29426,13.1244],[75.29746,13.13273],[75.31114,13.13193],[75.31644,13.1364],[75.31688,13.14445],[75.3238,13.14718],[75.32181,13.15819],[75.32805,13.17086],[75.33306,13.16978],[75.34233,13.1816],[75.34634,13.18066],[75.35199,13.18516],[75.36345,13.18035],[75.36917,13.18286],[75.38228,13.17881],[75.39104,13.16807],[75.4038,13.15962],[75.4096,13.14951],[75.41064,13.11811],[75.40713,13.11168],[75.41451,13.10686],[75.42468,13.10629],[75.43372,13.12169],[75.44276,13.11371],[75.44482,13.10469],[75.45509,13.11008],[75.47085,13.09707],[75.4719,13.09014],[75.46805,13.08328],[75.47039,13.07763],[75.47968,13.07722],[75.48608,13.09239],[75.5152,13.06601],[75.51768,13.05971],[75.51573,13.05634],[75.52553,13.04955],[75.52523,13.03977],[75.51939,13.03191],[75.51967,13.02729],[75.53106,13.02126],[75.5325,13.00453],[75.52459,13.00041],[75.52512,12.99374],[75.51429,12.97893],[75.52045,12.97758],[75.52477,12.96693],[75.52981,12.96773],[75.53406,12.95891],[75.54194,12.95595],[75.55625,12.94296],[75.55674,12.9128],[75.57222,12.93473],[75.59544,12.94377],[75.60292,12.9584],[75.60412,12.97349],[75.61956,12.99102],[75.63141,13.01164],[75.63758,13.01119],[75.64267,13.03132],[75.65456,13.02937],[75.65563,13.0225],[75.66492,13.03185],[75.68127,13.03069],[75.68418,13.03579],[75.69056,13.03367],[75.68843,13.03931],[75.69467,13.04603],[75.69644,13.03682],[75.7104,13.03817],[75.71653,13.03094],[75.72476,13.03144],[75.72368,13.02756],[75.7279,13.02346],[75.74022,13.02999],[75.7425,13.06944],[75.73396,13.09127],[75.72707,13.09939],[75.72828,13.10561],[75.73832,13.11011],[75.73533,13.12349],[75.74646,13.1282],[75.7537,13.13604],[75.75184,13.14566],[75.74492,13.15069],[75.7408,13.14914],[75.73019,13.16439],[75.72874,13.18316],[75.74321,13.20779],[75.75063,13.20642],[75.75835,13.21742],[75.76603,13.21213],[75.77582,13.21611],[75.77897,13.20994],[75.78951,13.21466],[75.8057,13.21592],[75.81022,13.22029],[75.81004,13.23094],[75.81248,13.23075],[75.80761,13.24698],[75.80879,13.25449],[75.81602,13.25891],[75.82452,13.25301],[75.83892,13.25191],[75.85731,13.25829],[75.85467,13.2551],[75.86003,13.25316],[75.86154,13.24002],[75.87168,13.24801],[75.87676,13.2603],[75.89939,13.26631],[75.90339,13.2579],[75.9161,13.26306],[75.9184,13.25737],[75.93607,13.25616],[75.98391,13.26457],[75.99008,13.25813],[76.01485,13.26122],[76.01799,13.25641],[76.01635,13.25088],[76.03641,13.24856],[76.03898,13.26608],[76.04178,13.26624],[76.04432,13.27502],[76.04244,13.28],[76.03817,13.28007],[76.03932,13.29269],[76.03532,13.30048],[76.03848,13.30587],[76.03704,13.30937],[76.03993,13.30978],[76.03718,13.31859],[76.0416,13.31927],[76.04292,13.32375],[76.03706,13.32044],[76.02981,13.32405],[76.02695,13.32134],[76.02696,13.32694],[76.02848,13.33301],[76.03322,13.33235],[76.03474,13.33653],[76.02876,13.34564],[76.03189,13.34578],[76.03452,13.35144],[76.04162,13.37436],[76.05585,13.38085],[76.08889,13.37151],[76.08705,13.37847],[76.08994,13.39368],[76.09962,13.3925],[76.1105,13.39587],[76.11123,13.40062],[76.12885,13.40036],[76.12938,13.40391],[76.13945,13.4066],[76.14068,13.43706],[76.13723,13.44228],[76.15783,13.45998],[76.16219,13.4697],[76.19341,13.46891],[76.18727,13.45265],[76.19636,13.45035],[76.19967,13.45034],[76.19798,13.46891],[76.23113,13.46789],[76.23408,13.48344],[76.22915,13.48403],[76.23831,13.4948],[76.23389,13.50752],[76.26008,13.51142],[76.26206,13.50521],[76.28986,13.50484],[76.29316,13.52714],[76.29999,13.52206],[76.31204,13.52542],[76.31595,13.53974],[76.32146,13.5373],[76.32973,13.52215],[76.34573,13.51385],[76.34845,13.52553],[76.36268,13.53051],[76.36387,13.54713],[76.3531,13.57947],[76.34123,13.57612],[76.33316,13.59632],[76.30025,13.58886],[76.29294,13.59046],[76.2925,13.59743],[76.28768,13.59477],[76.28705,13.60101],[76.28202,13.60122],[76.28194,13.6068],[76.27312,13.60499],[76.27692,13.61631],[76.27575,13.62202],[76.2796,13.62393],[76.28008,13.63705],[76.28655,13.64661],[76.26315,13.64884],[76.25479,13.66197],[76.24265,13.66667],[76.23588,13.67785],[76.22168,13.68213],[76.21966,13.71332],[76.19504,13.71132],[76.17361,13.71675],[76.16999,13.72688],[76.14891,13.73251],[76.14696,13.75242],[76.13248,13.78658],[76.1295,13.81425],[76.1152,13.81206],[76.10661,13.83077],[76.0986,13.8639],[76.07736,13.88022],[76.05551,13.88078],[76.05042,13.89911],[76.04417,13.8994]]]}},{"type":"Feature","properties":{"id":"audit-chitradurga","district":"Chitradurga","districtName":{"en":"Chitradurga","kn":"ಚಿತ್ರದುರ್ಗ"},"lgdCode":533,"sourceObjectId":10},"geometry":{"type":"Polygon","coordinates":[[[76.72028,15.03382],[76.71726,15.036],[76.71151,15.03273],[76.7037,15.03337],[76.70474,15.02183],[76.70187,15.01614],[76.68596,15.01878],[76.68808,15.02501],[76.67793,15.0246],[76.67153,15.01867],[76.68872,14.97858],[76.7087,14.97655],[76.71549,14.97272],[76.71672,14.94787],[76.71295,14.93962],[76.706,14.9423],[76.70693,14.93105],[76.69721,14.9276],[76.67931,14.93884],[76.65979,14.94175],[76.66528,14.91583],[76.67733,14.91122],[76.67794,14.88717],[76.69752,14.8882],[76.71356,14.86499],[76.71503,14.85196],[76.7117,14.83731],[76.74058,14.82598],[76.74171,14.81832],[76.73417,14.81354],[76.71816,14.81824],[76.70461,14.81788],[76.68276,14.80864],[76.67481,14.79411],[76.66747,14.79379],[76.67286,14.78834],[76.66727,14.78251],[76.66692,14.77527],[76.65984,14.77171],[76.6602,14.76562],[76.65541,14.75772],[76.6488,14.75625],[76.65153,14.73727],[76.64707,14.73079],[76.65119,14.72527],[76.6448,14.71297],[76.63754,14.70992],[76.63608,14.70435],[76.63033,14.70078],[76.62408,14.70243],[76.61745,14.69251],[76.60833,14.68762],[76.61058,14.66874],[76.59802,14.66928],[76.59734,14.65343],[76.61212,14.64838],[76.60282,14.63377],[76.59599,14.63058],[76.60086,14.62084],[76.58505,14.61741],[76.57404,14.60268],[76.56746,14.58732],[76.55064,14.57888],[76.5497,14.57347],[76.54215,14.5666],[76.5352,14.56484],[76.53527,14.56117],[76.51004,14.56039],[76.51476,14.55111],[76.52385,14.55314],[76.52699,14.54608],[76.53313,14.54266],[76.52143,14.52434],[76.51368,14.52315],[76.50812,14.51629],[76.48482,14.50453],[76.47325,14.50246],[76.46137,14.50609],[76.4556,14.47157],[76.45965,14.45165],[76.43838,14.44791],[76.42349,14.44997],[76.42395,14.43852],[76.39647,14.43439],[76.39323,14.42634],[76.38321,14.42698],[76.38387,14.42041],[76.35289,14.41938],[76.34945,14.41621],[76.33921,14.41897],[76.33872,14.41431],[76.33262,14.40953],[76.29307,14.40876],[76.28118,14.40417],[76.27413,14.40902],[76.27079,14.42031],[76.26615,14.42382],[76.26514,14.43704],[76.26128,14.44426],[76.24742,14.444],[76.23805,14.4504],[76.21848,14.44187],[76.2077,14.45739],[76.17335,14.46064],[76.172,14.448],[76.16272,14.44516],[76.13624,14.42697],[76.14312,14.41214],[76.14927,14.40773],[76.15528,14.38686],[76.15539,14.37704],[76.15149,14.37743],[76.15075,14.36632],[76.15675,14.36036],[76.15655,14.32001],[76.11612,14.32319],[76.10635,14.31028],[76.12007,14.29485],[76.11704,14.27746],[76.1249,14.28249],[76.12989,14.27994],[76.13487,14.25604],[76.10519,14.24654],[76.07898,14.24513],[76.07209,14.226],[76.06102,14.22248],[76.06555,14.20625],[76.05776,14.20179],[76.05631,14.19457],[76.05753,14.18125],[76.06591,14.18126],[76.06329,14.15951],[76.04627,14.15494],[76.04638,14.14507],[76.0395,14.14238],[76.03263,14.13386],[76.03188,14.1203],[76.02806,14.11972],[76.02496,14.11312],[76.02528,14.10002],[76.03492,14.09951],[76.03321,14.09009],[76.04692,14.09743],[76.05455,14.08896],[76.0565,14.07147],[76.04764,14.04717],[76.05082,14.0237],[76.04621,14.01352],[76.04324,13.98731],[76.0496,13.98322],[76.05083,13.97859],[76.07219,13.98221],[76.0656,13.94151],[76.04459,13.94237],[76.02936,13.91843],[76.03082,13.90607],[76.02837,13.89866],[76.05042,13.89911],[76.05551,13.88078],[76.07736,13.88022],[76.0986,13.8639],[76.10661,13.83077],[76.1152,13.81206],[76.1295,13.81425],[76.13248,13.78658],[76.14696,13.75242],[76.14891,13.73251],[76.16999,13.72688],[76.17361,13.71675],[76.19504,13.71132],[76.21966,13.71332],[76.22168,13.68213],[76.23588,13.67785],[76.24265,13.66667],[76.25479,13.66197],[76.26315,13.64884],[76.28655,13.64661],[76.28008,13.63705],[76.2796,13.62393],[76.27575,13.62202],[76.27692,13.61631],[76.27312,13.60499],[76.28194,13.6068],[76.28202,13.60122],[76.28705,13.60101],[76.28768,13.59477],[76.2925,13.59743],[76.29294,13.59046],[76.30025,13.58886],[76.33316,13.59632],[76.34123,13.57612],[76.34764,13.57597],[76.37352,13.5931],[76.37822,13.58939],[76.38271,13.57687],[76.39245,13.59054],[76.39765,13.59081],[76.39946,13.59486],[76.41331,13.5782],[76.42444,13.58138],[76.43031,13.59313],[76.45512,13.59086],[76.45553,13.59552],[76.46167,13.60015],[76.45705,13.60344],[76.45529,13.61144],[76.4607,13.61889],[76.48995,13.62323],[76.50008,13.62169],[76.49722,13.6271],[76.51699,13.63425],[76.51853,13.64111],[76.53399,13.65086],[76.52953,13.66605],[76.53974,13.66314],[76.55548,13.68261],[76.56869,13.68867],[76.57335,13.68674],[76.57658,13.69011],[76.56938,13.71458],[76.59597,13.72011],[76.6038,13.72567],[76.60945,13.72348],[76.62085,13.734],[76.62445,13.73405],[76.62982,13.71365],[76.66178,13.72131],[76.67304,13.71865],[76.67249,13.70612],[76.68504,13.69045],[76.68977,13.72241],[76.68896,13.72739],[76.68445,13.72972],[76.68753,13.74597],[76.69775,13.76037],[76.69392,13.76329],[76.69804,13.77138],[76.70582,13.77573],[76.71695,13.7942],[76.72374,13.79969],[76.72749,13.79691],[76.73099,13.78463],[76.74897,13.78063],[76.76453,13.782],[76.76879,13.79513],[76.76395,13.82173],[76.76659,13.83584],[76.7623,13.83506],[76.75223,13.85014],[76.75281,13.85521],[76.74679,13.85639],[76.73576,13.87011],[76.73148,13.88123],[76.72311,13.89011],[76.72286,13.89845],[76.75246,13.90655],[76.74946,13.91614],[76.75203,13.91959],[76.76379,13.92041],[76.76467,13.92442],[76.77994,13.92427],[76.8022,13.91651],[76.81537,13.91603],[76.81135,13.93648],[76.81939,13.93657],[76.82189,13.95051],[76.84202,13.96275],[76.84987,13.96357],[76.84851,13.98043],[76.82344,13.99429],[76.82494,14.00115],[76.83337,14.00319],[76.83725,14.01817],[76.86103,14.0147],[76.87277,14.00916],[76.87638,14.01939],[76.87987,14.01868],[76.88863,14.04785],[76.9101,14.06429],[76.92301,14.05701],[76.92839,14.07779],[76.9484,14.09205],[76.95344,14.09921],[76.94426,14.12074],[76.93658,14.12428],[76.93587,14.12885],[76.92498,14.13711],[76.91757,14.12884],[76.91284,14.12881],[76.88591,14.13824],[76.89052,14.14282],[76.89453,14.16781],[76.90966,14.16796],[76.91975,14.16446],[76.92192,14.16942],[76.94237,14.17333],[76.94467,14.18657],[76.94271,14.1954],[76.94757,14.19818],[76.9606,14.18177],[76.98377,14.17882],[77.00546,14.18397],[77.02276,14.17923],[77.02384,14.1863],[77.02146,14.18879],[77.0028,14.19796],[77.00641,14.21506],[76.99929,14.2291],[77.00379,14.22956],[77.00566,14.23579],[76.9856,14.24733],[76.95194,14.2419],[76.93976,14.24486],[76.9358,14.25937],[76.9249,14.27378],[76.92818,14.2793],[76.93711,14.28034],[76.95672,14.29435],[76.94565,14.31318],[76.9272,14.31451],[76.90339,14.32268],[76.89228,14.34126],[76.88464,14.34754],[76.88232,14.35578],[76.88482,14.39571],[76.89863,14.39795],[76.91583,14.42069],[76.94271,14.39934],[76.94779,14.41316],[76.94479,14.4509],[76.9598,14.45021],[76.97167,14.46814],[76.97481,14.48533],[76.94339,14.48948],[76.90069,14.48921],[76.88651,14.48353],[76.88427,14.47708],[76.86796,14.47404],[76.8556,14.50959],[76.83549,14.5213],[76.83101,14.53036],[76.82346,14.52682],[76.81254,14.53173],[76.80628,14.53106],[76.80282,14.5422],[76.79136,14.55465],[76.78337,14.58044],[76.78184,14.5965],[76.78023,14.59306],[76.76499,14.60212],[76.77253,14.63911],[76.77527,14.68096],[76.78622,14.69578],[76.78651,14.70843],[76.80294,14.74188],[76.78953,14.76006],[76.78898,14.77228],[76.78269,14.78594],[76.81766,14.7876],[76.82034,14.78888],[76.81908,14.79312],[76.83675,14.79077],[76.83737,14.81056],[76.85398,14.80944],[76.85456,14.81809],[76.84601,14.82205],[76.8455,14.83405],[76.84179,14.83655],[76.85406,14.84323],[76.85719,14.86911],[76.85388,14.86918],[76.85247,14.88697],[76.84548,14.88929],[76.84733,14.89598],[76.86384,14.89558],[76.86962,14.93771],[76.86609,14.95753],[76.86746,14.96982],[76.84194,14.96641],[76.83411,14.95646],[76.8285,14.95646],[76.81828,14.96944],[76.79627,14.96917],[76.77761,14.97545],[76.76712,14.9749],[76.76057,14.98986],[76.75076,14.98317],[76.74461,14.98646],[76.73406,14.98545],[76.7275,14.99735],[76.72773,15.00463],[76.73609,15.02313],[76.73271,15.03177],[76.72028,15.03382]]]}},{"type":"Feature","properties":{"id":"audit-dakshina-kannada","district":"Dakshina Kannada","districtName":{"en":"Dakshina Kannada","kn":"ದಕ್ಷಿಣ ಕನ್ನಡ"},"lgdCode":534,"sourceObjectId":11},"geometry":{"type":"Polygon","coordinates":[[[75.35337,13.184],[75.34128,13.18086],[75.33306,13.16978],[75.32805,13.17086],[75.32181,13.15819],[75.3238,13.14718],[75.31688,13.14445],[75.31644,13.1364],[75.31114,13.13193],[75.29746,13.13273],[75.29426,13.1244],[75.28477,13.13492],[75.27753,13.12682],[75.26839,13.12538],[75.26128,13.1313],[75.25224,13.12893],[75.24466,13.13729],[75.23371,13.13839],[75.21723,13.15655],[75.20754,13.15322],[75.21125,13.16462],[75.2058,13.17728],[75.19212,13.16355],[75.18029,13.15804],[75.17659,13.14718],[75.17087,13.14484],[75.16767,13.13624],[75.15884,13.13288],[75.15004,13.1247],[75.14485,13.1262],[75.14468,13.13134],[75.13642,13.13377],[75.11512,13.13125],[75.12067,13.13621],[75.1107,13.14751],[75.11288,13.15081],[75.10368,13.15108],[75.10093,13.15406],[75.10368,13.15773],[75.09706,13.15595],[75.09991,13.16289],[75.09747,13.16487],[75.08089,13.16179],[75.08363,13.14593],[75.07641,13.14781],[75.07051,13.14324],[75.07123,13.1365],[75.05851,13.13153],[75.03664,13.14165],[75.02433,13.13866],[75.01518,13.13083],[75.00291,13.15234],[74.99421,13.15728],[74.98542,13.14812],[74.97486,13.12937],[74.96101,13.12677],[74.95977,13.12281],[74.95332,13.12104],[74.94833,13.12288],[74.94017,13.13326],[74.94399,13.13634],[74.94111,13.13802],[74.94273,13.14331],[74.93563,13.14428],[74.93331,13.14971],[74.92,13.14296],[74.91055,13.13291],[74.90821,13.12387],[74.91325,13.12079],[74.91257,13.11246],[74.90911,13.11189],[74.91185,13.10805],[74.87825,13.09531],[74.8742,13.09931],[74.87514,13.10567],[74.87015,13.11796],[74.86354,13.12245],[74.86288,13.12693],[74.82605,13.12955],[74.82266,13.12374],[74.81457,13.12232],[74.80961,13.11322],[74.79208,13.11697],[74.7925,13.11089],[74.79628,13.11158],[74.79848,13.10748],[74.79178,13.09653],[74.78249,13.10386],[74.77748,13.10271],[74.78077,13.08927],[74.77731,13.08],[74.77955,13.07237],[74.77633,13.07152],[74.78167,13.04247],[74.82443,12.84906],[74.86424,12.76131],[74.8644,12.77089],[74.86721,12.76137],[74.87224,12.76106],[74.87414,12.75494],[74.88231,12.75405],[74.89303,12.76243],[74.89958,12.76258],[74.93293,12.78054],[74.95819,12.78467],[74.95999,12.77889],[74.96441,12.78163],[74.96836,12.77636],[74.98731,12.78296],[74.99209,12.78821],[74.98741,12.79359],[74.98903,12.79546],[74.99875,12.78908],[74.99831,12.78594],[75.00316,12.79167],[75.00339,12.77798],[75.00945,12.76751],[74.98768,12.74165],[74.98464,12.74308],[74.98327,12.7372],[74.98559,12.7336],[74.99248,12.73989],[75,12.73205],[75.0134,12.72795],[75.00096,12.71956],[75.00099,12.71639],[75.01504,12.71423],[75.01864,12.72111],[75.02658,12.71931],[75.03358,12.72351],[75.05246,12.72008],[75.05034,12.71632],[75.0543,12.70713],[75.05023,12.70439],[75.05559,12.69346],[75.05385,12.69052],[75.04855,12.69404],[75.04392,12.69264],[75.0405,12.68535],[75.04257,12.67285],[75.04664,12.66757],[75.05397,12.67022],[75.05752,12.66605],[75.05981,12.67177],[75.06858,12.66467],[75.07415,12.67225],[75.08517,12.67476],[75.08744,12.6792],[75.0831,12.69333],[75.08508,12.69567],[75.08095,12.69907],[75.08601,12.70403],[75.10625,12.69681],[75.11259,12.68522],[75.11146,12.68182],[75.12213,12.67891],[75.12492,12.68148],[75.13251,12.67614],[75.152,12.68324],[75.14988,12.67333],[75.16203,12.67196],[75.15081,12.65006],[75.13851,12.64344],[75.14444,12.64049],[75.15392,12.62497],[75.16068,12.62213],[75.16996,12.62227],[75.1829,12.6328],[75.20174,12.63002],[75.19926,12.61207],[75.20674,12.60801],[75.20998,12.60023],[75.20786,12.59573],[75.20173,12.59336],[75.20114,12.58773],[75.20949,12.59107],[75.21262,12.57816],[75.21777,12.57636],[75.22032,12.5691],[75.2375,12.56976],[75.23867,12.58071],[75.2497,12.58457],[75.25684,12.59651],[75.26126,12.59817],[75.26716,12.61466],[75.27635,12.61851],[75.28958,12.6104],[75.29156,12.60195],[75.30189,12.60541],[75.31216,12.58972],[75.32701,12.59239],[75.32643,12.58139],[75.31539,12.57254],[75.30804,12.57833],[75.29054,12.58261],[75.28467,12.56957],[75.27855,12.5716],[75.27289,12.56897],[75.27056,12.54834],[75.28031,12.52531],[75.29135,12.52685],[75.29652,12.52319],[75.3041,12.52328],[75.30456,12.50408],[75.31445,12.50292],[75.31503,12.49711],[75.333,12.49833],[75.33353,12.49205],[75.33742,12.48852],[75.3361,12.47701],[75.34154,12.46912],[75.3366,12.46408],[75.36082,12.46497],[75.36751,12.47533],[75.3726,12.47703],[75.3716,12.4869],[75.36864,12.48728],[75.36805,12.49121],[75.37779,12.4951],[75.38223,12.50202],[75.39169,12.49936],[75.39905,12.50352],[75.403,12.49774],[75.41195,12.50201],[75.41613,12.50003],[75.41942,12.50935],[75.41643,12.5153],[75.42426,12.51729],[75.42889,12.515],[75.43435,12.53012],[75.43978,12.52851],[75.44209,12.52202],[75.4532,12.51366],[75.45809,12.51588],[75.46131,12.50498],[75.47249,12.49946],[75.46198,12.48791],[75.4608,12.47694],[75.46463,12.47186],[75.47542,12.46343],[75.48195,12.46581],[75.48986,12.46009],[75.49602,12.47857],[75.49332,12.48373],[75.52367,12.48983],[75.52916,12.49947],[75.5337,12.49499],[75.55184,12.49322],[75.56591,12.48611],[75.56482,12.49506],[75.55506,12.49834],[75.55617,12.50123],[75.56418,12.51065],[75.57089,12.51152],[75.58093,12.51932],[75.58269,12.53084],[75.59099,12.54008],[75.59584,12.52764],[75.60574,12.52111],[75.6055,12.51267],[75.61476,12.51019],[75.62676,12.52112],[75.6283,12.5191],[75.63232,12.52111],[75.63315,12.52809],[75.64428,12.53942],[75.65374,12.54072],[75.67056,12.55105],[75.66871,12.56517],[75.66314,12.56956],[75.66845,12.57218],[75.66211,12.57786],[75.6642,12.58556],[75.65392,12.6107],[75.6544,12.61833],[75.64232,12.62625],[75.64197,12.63293],[75.64797,12.66573],[75.66695,12.69782],[75.63787,12.69531],[75.63387,12.68982],[75.62934,12.70322],[75.62606,12.70514],[75.65149,12.71932],[75.65242,12.72988],[75.65812,12.7418],[75.65744,12.75204],[75.65513,12.74929],[75.63832,12.76086],[75.64117,12.76998],[75.63682,12.77021],[75.62938,12.77903],[75.6212,12.77887],[75.6228,12.79162],[75.61442,12.79722],[75.61827,12.81763],[75.61487,12.83201],[75.6222,12.84696],[75.62132,12.85531],[75.60226,12.86495],[75.6028,12.87554],[75.5777,12.87213],[75.56361,12.86654],[75.56433,12.87548],[75.55996,12.87834],[75.5612,12.89347],[75.55454,12.90638],[75.55711,12.9114],[75.55641,12.94266],[75.54194,12.95595],[75.53406,12.95891],[75.52981,12.96773],[75.52477,12.96693],[75.52045,12.97758],[75.51429,12.97893],[75.52512,12.99374],[75.52459,13.00041],[75.5325,13.00453],[75.53106,13.02126],[75.51967,13.02729],[75.51939,13.03191],[75.52523,13.03977],[75.52553,13.04955],[75.51573,13.05634],[75.51768,13.05971],[75.5152,13.06601],[75.48608,13.09239],[75.47968,13.07722],[75.47039,13.07763],[75.46805,13.08328],[75.4719,13.09014],[75.47085,13.09707],[75.45509,13.11008],[75.44482,13.10469],[75.44276,13.11371],[75.43372,13.12169],[75.42468,13.10629],[75.41451,13.10686],[75.40713,13.11168],[75.41064,13.11811],[75.40813,13.13586],[75.40983,13.14799],[75.40398,13.15942],[75.37655,13.18175],[75.36877,13.18285],[75.36415,13.18021],[75.35337,13.184]]]}},{"type":"Feature","properties":{"id":"audit-davanagere","district":"Davanagere","districtName":{"en":"Davanagere","kn":"ದಾವಣಗೆರೆ"},"lgdCode":535,"sourceObjectId":12},"geometry":{"type":"Polygon","coordinates":[[[76.04523,14.93061],[76.03257,14.9245],[76.0141,14.90207],[76.01266,14.89633],[76.0105,14.90523],[76.0057,14.90593],[76.00504,14.90192],[75.99729,14.89812],[75.98452,14.90817],[75.97709,14.89844],[75.96592,14.90847],[75.96533,14.90302],[75.94004,14.90001],[75.93431,14.89203],[75.92821,14.89233],[75.9275,14.88959],[75.89772,14.8808],[75.88738,14.86861],[75.87317,14.868],[75.86912,14.85436],[75.85373,14.86359],[75.85391,14.88356],[75.84773,14.8844],[75.84479,14.88985],[75.83222,14.88347],[75.82566,14.8992],[75.81603,14.89977],[75.80169,14.86886],[75.81015,14.84623],[75.81029,14.84269],[75.80534,14.84129],[75.81111,14.82928],[75.818,14.8345],[75.83308,14.81309],[75.8333,14.79545],[75.82315,14.77642],[75.81384,14.77642],[75.79876,14.7689],[75.77649,14.78569],[75.77292,14.79162],[75.77151,14.78226],[75.75975,14.77526],[75.756,14.74051],[75.76377,14.73204],[75.76431,14.72331],[75.7411,14.70082],[75.73796,14.69119],[75.73961,14.68522],[75.76352,14.67531],[75.79711,14.6825],[75.80039,14.67693],[75.79885,14.66758],[75.81065,14.65464],[75.81129,14.62829],[75.80447,14.59841],[75.82025,14.56702],[75.81886,14.5617],[75.79963,14.54119],[75.79734,14.53056],[75.79924,14.51074],[75.79076,14.51045],[75.77295,14.5184],[75.75751,14.51444],[75.73519,14.49497],[75.72492,14.47912],[75.71555,14.47227],[75.70798,14.47507],[75.70018,14.49114],[75.68973,14.49184],[75.67317,14.46375],[75.6616,14.45183],[75.66124,14.45916],[75.65475,14.46368],[75.63683,14.46558],[75.63038,14.44474],[75.63652,14.44099],[75.63459,14.43293],[75.64285,14.43125],[75.63513,14.39061],[75.62615,14.37231],[75.62287,14.34418],[75.62687,14.33234],[75.63423,14.3241],[75.63404,14.31494],[75.61086,14.31587],[75.60342,14.29297],[75.59096,14.28763],[75.58769,14.28936],[75.58242,14.27824],[75.5609,14.27762],[75.55162,14.27424],[75.52989,14.2774],[75.52698,14.25832],[75.52919,14.22998],[75.52668,14.22842],[75.5289,14.21498],[75.52676,14.2028],[75.52086,14.2025],[75.50728,14.21912],[75.47622,14.21492],[75.47254,14.21064],[75.45609,14.20679],[75.45292,14.20469],[75.46171,14.19967],[75.4842,14.17623],[75.46114,14.17466],[75.44373,14.16345],[75.43342,14.1529],[75.42427,14.1495],[75.42058,14.14101],[75.41541,14.1412],[75.40135,14.1262],[75.39896,14.11812],[75.4329,14.10646],[75.44847,14.09538],[75.46476,14.10234],[75.47987,14.10023],[75.49051,14.10475],[75.49278,14.0995],[75.51001,14.10106],[75.52361,14.09445],[75.53128,14.09751],[75.54323,14.07805],[75.55365,14.07876],[75.56432,14.06927],[75.58522,14.05786],[75.5913,14.06392],[75.60089,14.06084],[75.60358,14.05654],[75.6111,14.06139],[75.61753,14.07659],[75.63071,14.0735],[75.63429,14.07984],[75.64241,14.07947],[75.64362,14.07396],[75.67299,14.06495],[75.72548,14.07578],[75.72114,14.08339],[75.73819,14.0874],[75.73879,14.10108],[75.75312,14.10175],[75.75597,14.11028],[75.76816,14.1094],[75.76852,14.10359],[75.80585,14.09814],[75.81411,14.10563],[75.81395,14.09458],[75.82104,14.07947],[75.82095,14.06501],[75.81392,14.04878],[75.80099,14.04369],[75.79876,14.03326],[75.80341,14.02607],[75.82386,14.01894],[75.83085,13.98671],[75.82914,13.97165],[75.85965,13.91036],[75.85976,13.88659],[75.85531,13.87265],[75.86286,13.87265],[75.86572,13.85982],[75.87135,13.85109],[75.87053,13.83552],[75.87876,13.81011],[75.8895,13.80967],[75.89549,13.80621],[75.90367,13.80882],[75.92026,13.80705],[75.92757,13.81387],[75.94552,13.8142],[75.94733,13.81792],[75.9523,13.81598],[75.94811,13.82849],[75.94974,13.83383],[75.96513,13.8467],[75.97019,13.85635],[75.98037,13.84781],[75.98882,13.84849],[76.00808,13.86855],[76.01083,13.86594],[76.01577,13.87193],[76.01857,13.86378],[76.02236,13.86346],[76.03008,13.86844],[76.02773,13.87337],[76.03238,13.87976],[76.0333,13.8977],[76.02837,13.89866],[76.03082,13.90607],[76.02936,13.91843],[76.04459,13.94237],[76.0656,13.94151],[76.07219,13.98221],[76.05076,13.97861],[76.04263,13.99084],[76.04621,14.01352],[76.05082,14.0237],[76.04764,14.04717],[76.05634,14.07049],[76.05455,14.08896],[76.04692,14.09743],[76.03321,14.09009],[76.03492,14.09951],[76.02528,14.10002],[76.02496,14.11312],[76.02806,14.11972],[76.03188,14.1203],[76.03263,14.13386],[76.0395,14.14238],[76.04638,14.14507],[76.04627,14.15494],[76.06329,14.15951],[76.06591,14.18126],[76.05753,14.18125],[76.05631,14.19457],[76.05776,14.20179],[76.06555,14.20625],[76.06102,14.22248],[76.07209,14.226],[76.07898,14.24513],[76.10519,14.24654],[76.13487,14.25604],[76.12989,14.27994],[76.1249,14.28249],[76.11704,14.27746],[76.12007,14.29485],[76.10635,14.31028],[76.11612,14.32319],[76.15655,14.32001],[76.15675,14.36036],[76.15075,14.36632],[76.15149,14.37743],[76.15539,14.37704],[76.15528,14.38686],[76.14927,14.40773],[76.14312,14.41214],[76.13624,14.42697],[76.16272,14.44516],[76.172,14.448],[76.17335,14.46064],[76.2077,14.45739],[76.21848,14.44187],[76.23805,14.4504],[76.24742,14.444],[76.26128,14.44426],[76.26514,14.43704],[76.26615,14.42382],[76.27079,14.42031],[76.27413,14.40902],[76.28118,14.40417],[76.29307,14.40876],[76.33262,14.40953],[76.33872,14.41431],[76.33921,14.41897],[76.34945,14.41621],[76.35289,14.41938],[76.38315,14.42016],[76.38321,14.42698],[76.39323,14.42634],[76.39647,14.43439],[76.42395,14.43852],[76.42349,14.44997],[76.43838,14.44791],[76.45965,14.45165],[76.4556,14.47157],[76.46137,14.50609],[76.47325,14.50246],[76.48482,14.50453],[76.50812,14.51629],[76.51368,14.52315],[76.52143,14.52434],[76.53363,14.5408],[76.52385,14.55314],[76.51476,14.55111],[76.50507,14.56537],[76.44392,14.58031],[76.4236,14.58165],[76.43223,14.60473],[76.43214,14.61831],[76.42167,14.62479],[76.40314,14.62361],[76.40189,14.62739],[76.39361,14.62688],[76.38987,14.64861],[76.37453,14.64656],[76.37457,14.65377],[76.37931,14.66202],[76.34294,14.66572],[76.33814,14.68567],[76.33525,14.68777],[76.31618,14.69261],[76.31233,14.68722],[76.30158,14.68999],[76.27948,14.68464],[76.27332,14.68829],[76.27232,14.69573],[76.2579,14.69604],[76.25689,14.70072],[76.24649,14.69453],[76.2305,14.64931],[76.20443,14.67788],[76.19354,14.68198],[76.19343,14.69797],[76.18369,14.7003],[76.18713,14.72251],[76.19713,14.72499],[76.19861,14.73912],[76.20094,14.73914],[76.20058,14.75323],[76.196,14.75648],[76.19233,14.76834],[76.1809,14.76406],[76.16895,14.78515],[76.14936,14.7839],[76.1429,14.79321],[76.1464,14.82348],[76.15334,14.82134],[76.15521,14.82783],[76.16057,14.82992],[76.17613,14.82203],[76.19431,14.82082],[76.19069,14.84648],[76.15933,14.84716],[76.15935,14.85387],[76.15461,14.85743],[76.15471,14.86121],[76.13053,14.86076],[76.12888,14.86912],[76.09416,14.86968],[76.08774,14.87257],[76.07272,14.86884],[76.06624,14.88396],[76.08243,14.90443],[76.08466,14.91335],[76.06971,14.90892],[76.06212,14.91585],[76.05128,14.91616],[76.04766,14.93028],[76.04523,14.93061]]]}},{"type":"Feature","properties":{"id":"audit-dharwad","district":"Dharwad","districtName":{"en":"Dharwad","kn":"ಧಾರವಾಡ"},"lgdCode":536,"sourceObjectId":13},"geometry":{"type":"Polygon","coordinates":[[[75.49315,15.68505],[75.4876,15.70254],[75.46851,15.70076],[75.47283,15.68659],[75.47008,15.68415],[75.45385,15.68201],[75.4505,15.67803],[75.44758,15.68227],[75.44132,15.67229],[75.42514,15.67045],[75.42436,15.66246],[75.41694,15.66091],[75.41305,15.65537],[75.36244,15.66867],[75.35945,15.64557],[75.33565,15.64873],[75.33699,15.67382],[75.31306,15.68005],[75.29556,15.6919],[75.28332,15.69083],[75.2779,15.68712],[75.27261,15.66286],[75.2737,15.6487],[75.24911,15.64698],[75.23628,15.67901],[75.21787,15.67695],[75.21775,15.68157],[75.20263,15.68155],[75.20272,15.64906],[75.18724,15.64896],[75.18395,15.65763],[75.17135,15.66055],[75.13235,15.66011],[75.12386,15.66799],[75.10821,15.67198],[75.1061,15.66023],[75.10143,15.66078],[75.0918,15.60788],[75.08065,15.6229],[75.06394,15.62569],[75.05634,15.63248],[75.06319,15.66927],[75.0589,15.67736],[75.05978,15.68208],[75.04975,15.68246],[75.04672,15.67063],[75.02828,15.6698],[75.02801,15.6518],[75.02191,15.65034],[75.01936,15.64392],[74.99126,15.65153],[74.97801,15.64913],[74.96632,15.65432],[74.96311,15.64348],[74.96507,15.62719],[74.93271,15.62357],[74.91183,15.63166],[74.90038,15.63163],[74.88734,15.62967],[74.87767,15.62272],[74.87888,15.61793],[74.84021,15.60855],[74.83825,15.61236],[74.82975,15.60979],[74.82989,15.59029],[74.83532,15.58659],[74.8409,15.57474],[74.82244,15.56848],[74.82028,15.56229],[74.7979,15.54851],[74.81146,15.52183],[74.80945,15.51262],[74.81386,15.50496],[74.80345,15.50298],[74.80583,15.49801],[74.798,15.49775],[74.79991,15.49425],[74.79587,15.48751],[74.78694,15.48612],[74.7886,15.47396],[74.77831,15.45931],[74.7646,15.47391],[74.76108,15.47047],[74.7539,15.48476],[74.75539,15.48777],[74.74859,15.4962],[74.73811,15.49013],[74.72731,15.48888],[74.7319,15.4709],[74.73719,15.46588],[74.74354,15.4667],[74.74443,15.46347],[74.74199,15.46221],[74.74232,15.45132],[74.73079,15.44014],[74.73213,15.43369],[74.72961,15.43043],[74.73305,15.42317],[74.73999,15.41945],[74.74136,15.41231],[74.75427,15.41096],[74.76847,15.41615],[74.77067,15.40785],[74.76523,15.39961],[74.76926,15.40099],[74.78238,15.39432],[74.78663,15.38474],[74.794,15.37843],[74.8022,15.37797],[74.82096,15.38509],[74.8309,15.3728],[74.82436,15.37476],[74.81914,15.37036],[74.8284,15.34064],[74.83584,15.33456],[74.84513,15.33563],[74.84742,15.34049],[74.85363,15.34119],[74.86071,15.32724],[74.8762,15.31665],[74.87457,15.31509],[74.87836,15.31],[74.87368,15.29848],[74.88193,15.29876],[74.88886,15.30705],[74.89356,15.30048],[74.89645,15.30167],[74.90094,15.29181],[74.91023,15.25103],[74.88767,15.23425],[74.88732,15.22884],[74.87307,15.21635],[74.87737,15.19317],[74.86526,15.18697],[74.86242,15.17812],[74.85108,15.17158],[74.84841,15.16291],[74.835,15.15029],[74.83743,15.1439],[74.82927,15.13963],[74.83147,15.13183],[74.84075,15.12721],[74.8433,15.1219],[74.85125,15.12087],[74.8593,15.10272],[74.87414,15.10277],[74.89198,15.09697],[74.89322,15.09357],[74.88947,15.08881],[74.88011,15.08475],[74.87846,15.07377],[74.88719,15.06559],[74.89093,15.04476],[74.90814,15.05084],[74.9107,15.04114],[74.91706,15.03878],[74.92393,15.04844],[74.94056,15.05194],[74.94062,15.06644],[74.95761,15.06483],[74.96366,15.06938],[74.97931,15.06899],[74.99404,15.07349],[74.99841,15.07007],[75.00843,15.07138],[75.01293,15.06828],[75.01832,15.07258],[75.02227,15.07025],[75.03025,15.07313],[75.03357,15.07849],[75.05399,15.08288],[75.05528,15.07376],[75.05821,15.0723],[75.07095,15.07034],[75.08139,15.07431],[75.0825,15.0854],[75.07744,15.11032],[75.09529,15.1102],[75.09528,15.11393],[75.11347,15.11716],[75.11144,15.12635],[75.10529,15.13039],[75.10665,15.13842],[75.10422,15.14127],[75.10935,15.13881],[75.12166,15.14028],[75.12565,15.14502],[75.13176,15.14479],[75.13668,15.16074],[75.14098,15.16141],[75.14663,15.15006],[75.15286,15.14563],[75.14546,15.13411],[75.13776,15.12995],[75.13746,15.12015],[75.13307,15.11897],[75.13778,15.10595],[75.14163,15.10448],[75.15867,15.10965],[75.15819,15.10149],[75.18611,15.10426],[75.18822,15.09788],[75.19849,15.10135],[75.22485,15.10125],[75.22582,15.10743],[75.23838,15.10894],[75.25116,15.10762],[75.25302,15.09807],[75.25841,15.09848],[75.26053,15.11828],[75.26987,15.11762],[75.27272,15.12213],[75.28797,15.13051],[75.2871,15.13688],[75.30977,15.13826],[75.30708,15.15512],[75.33639,15.16177],[75.33703,15.11218],[75.33984,15.10667],[75.35056,15.10103],[75.35002,15.09468],[75.33295,15.08667],[75.33967,15.06972],[75.34834,15.06444],[75.35717,15.06519],[75.36925,15.05012],[75.39918,15.05994],[75.41664,15.0595],[75.41664,15.08487],[75.42448,15.09227],[75.42245,15.0985],[75.43262,15.1046],[75.4335,15.10941],[75.42913,15.1263],[75.41194,15.14599],[75.41004,15.16136],[75.40347,15.16462],[75.40313,15.1716],[75.40171,15.16562],[75.39577,15.16554],[75.39521,15.17209],[75.40073,15.17315],[75.39885,15.20126],[75.43287,15.19889],[75.43315,15.20999],[75.44912,15.2081],[75.4402,15.22723],[75.42269,15.22595],[75.422,15.23524],[75.41583,15.23459],[75.41648,15.26246],[75.40642,15.26413],[75.40283,15.26029],[75.40198,15.27332],[75.41676,15.27492],[75.41608,15.27918],[75.40607,15.27764],[75.40607,15.28412],[75.41028,15.28506],[75.41237,15.29974],[75.4497,15.30184],[75.44846,15.32764],[75.45273,15.3401],[75.45767,15.34209],[75.45416,15.36087],[75.44899,15.35948],[75.44457,15.38609],[75.46893,15.38586],[75.46975,15.39748],[75.47527,15.39577],[75.48175,15.39316],[75.48169,15.37858],[75.49239,15.36872],[75.49895,15.42382],[75.49276,15.44861],[75.49511,15.4698],[75.48703,15.48927],[75.47178,15.49271],[75.47502,15.51657],[75.48146,15.52576],[75.48173,15.5317],[75.50533,15.52972],[75.52948,15.53787],[75.52861,15.56575],[75.5344,15.59158],[75.53704,15.59153],[75.54173,15.60155],[75.54377,15.61213],[75.54926,15.61444],[75.55437,15.64727],[75.50255,15.64739],[75.49315,15.68505]]]}},{"type":"Feature","properties":{"id":"audit-gadag","district":"Gadag","districtName":{"en":"Gadag","kn":"ಗದಗ"},"lgdCode":537,"sourceObjectId":14},"geometry":{"type":"Polygon","coordinates":[[[75.46145,15.88675],[75.4489,15.88608],[75.45387,15.88096],[75.4511,15.86282],[75.45728,15.86152],[75.45783,15.81846],[75.45466,15.81846],[75.45082,15.81136],[75.44718,15.79376],[75.44013,15.79531],[75.43716,15.77871],[75.41417,15.78477],[75.42438,15.82272],[75.42456,15.84193],[75.40417,15.84166],[75.39034,15.8378],[75.37491,15.84534],[75.36469,15.8049],[75.34114,15.80476],[75.33927,15.82763],[75.32988,15.82401],[75.33283,15.81635],[75.32487,15.81121],[75.30364,15.81257],[75.30608,15.76596],[75.31831,15.76455],[75.31835,15.74493],[75.31416,15.73004],[75.29311,15.72821],[75.29378,15.74103],[75.27456,15.74039],[75.27416,15.73553],[75.27888,15.68846],[75.29556,15.6919],[75.31306,15.68005],[75.33699,15.67382],[75.33565,15.64873],[75.35945,15.64557],[75.36244,15.66867],[75.41305,15.65537],[75.41694,15.66091],[75.42436,15.66246],[75.42514,15.67045],[75.44132,15.67229],[75.44758,15.68227],[75.4505,15.67803],[75.45385,15.68201],[75.47008,15.68415],[75.47283,15.68659],[75.46851,15.70076],[75.4876,15.70254],[75.49974,15.66551],[75.50255,15.64739],[75.55437,15.64727],[75.54926,15.61444],[75.54377,15.61213],[75.54173,15.60155],[75.53704,15.59153],[75.5344,15.59158],[75.52861,15.56575],[75.52948,15.53787],[75.50533,15.52972],[75.48173,15.5317],[75.48146,15.52576],[75.47502,15.51657],[75.47178,15.49271],[75.48703,15.48927],[75.49511,15.4698],[75.49276,15.44861],[75.49895,15.42382],[75.49239,15.36872],[75.48169,15.37858],[75.48175,15.39316],[75.47527,15.39577],[75.46975,15.39748],[75.46893,15.38586],[75.44457,15.38609],[75.44899,15.35948],[75.45416,15.36087],[75.45767,15.34209],[75.45273,15.3401],[75.44846,15.32764],[75.4497,15.30184],[75.41237,15.29974],[75.41028,15.28506],[75.40607,15.28412],[75.40607,15.27764],[75.41608,15.27918],[75.41676,15.27492],[75.40198,15.27332],[75.40283,15.26029],[75.40642,15.26413],[75.41648,15.26246],[75.41583,15.23459],[75.422,15.23524],[75.42269,15.22595],[75.4402,15.22723],[75.44912,15.2081],[75.43315,15.20999],[75.43287,15.19889],[75.39885,15.20126],[75.40073,15.17315],[75.39521,15.17209],[75.39577,15.16554],[75.40171,15.16562],[75.40313,15.1716],[75.40347,15.16462],[75.41004,15.16136],[75.41194,15.14599],[75.42913,15.1263],[75.4335,15.10941],[75.43262,15.1046],[75.42245,15.0985],[75.42448,15.09227],[75.41664,15.08487],[75.4171,15.06149],[75.44867,15.0607],[75.45203,15.0499],[75.46025,15.04994],[75.46106,15.04393],[75.46856,15.04712],[75.47758,15.04391],[75.49514,15.04709],[75.50718,15.04454],[75.52104,15.03322],[75.53285,15.03454],[75.5382,15.02742],[75.53848,15.01775],[75.54276,15.01355],[75.54133,14.97869],[75.56549,14.97925],[75.56523,14.97137],[75.58369,14.96842],[75.58919,14.95938],[75.59788,14.95478],[75.61071,14.95843],[75.60892,14.97299],[75.61807,14.97384],[75.6175,14.98056],[75.62933,14.98358],[75.63182,14.99143],[75.65109,14.99104],[75.66858,14.98665],[75.68942,14.97483],[75.69424,14.96909],[75.70108,14.94844],[75.72134,14.95116],[75.73933,14.94409],[75.7607,14.96839],[75.77917,14.97718],[75.78016,14.99164],[75.78483,15.00234],[75.80768,15.0245],[75.83325,15.02866],[75.83851,15.04162],[75.84613,15.0449],[75.85954,15.03638],[75.87393,15.0353],[75.88367,15.05231],[75.90285,15.05632],[75.90668,15.05975],[75.9088,15.07672],[75.90278,15.08581],[75.88854,15.09688],[75.88489,15.1056],[75.88828,15.11257],[75.90092,15.12153],[75.90228,15.13166],[75.92807,15.14191],[75.95165,15.13766],[75.94822,15.17307],[75.92471,15.18267],[75.92445,15.20586],[75.91171,15.2405],[75.90324,15.23941],[75.89999,15.24529],[75.89475,15.27333],[75.89921,15.2766],[75.88868,15.2904],[75.8899,15.31148],[75.89328,15.31857],[75.88737,15.35317],[75.90278,15.35439],[75.90121,15.37568],[75.90399,15.4029],[75.88439,15.40881],[75.86576,15.40782],[75.86535,15.42374],[75.85892,15.4239],[75.85893,15.44416],[75.83987,15.44273],[75.83616,15.44751],[75.82743,15.44935],[75.81923,15.45621],[75.81871,15.46858],[75.81289,15.46754],[75.81051,15.47539],[75.80956,15.4867],[75.81574,15.48691],[75.81487,15.49548],[75.82403,15.49571],[75.8191,15.50786],[75.83134,15.50675],[75.83278,15.51007],[75.84946,15.51232],[75.85049,15.5158],[75.86024,15.51376],[75.8677,15.56072],[75.86682,15.59602],[75.87876,15.59913],[75.87913,15.59652],[75.88241,15.59704],[75.88215,15.60032],[75.89455,15.6033],[75.89459,15.60697],[75.8975,15.60708],[75.89837,15.62484],[75.89395,15.6254],[75.89469,15.63241],[75.88575,15.63373],[75.88746,15.66827],[75.88357,15.6716],[75.87104,15.67261],[75.87101,15.7144],[75.88694,15.71685],[75.89105,15.7284],[75.88308,15.73749],[75.89271,15.73841],[75.89739,15.75046],[75.90211,15.74874],[75.91057,15.74443],[75.91037,15.7317],[75.92142,15.72611],[75.91542,15.6977],[75.92588,15.69232],[75.94033,15.69322],[75.94009,15.6824],[75.9436,15.67636],[75.96127,15.67588],[75.96732,15.67872],[75.96799,15.66424],[76.01121,15.66236],[76.01613,15.67312],[76.01416,15.68018],[75.995,15.6779],[75.99009,15.66983],[75.98334,15.66724],[75.98427,15.68114],[75.98825,15.68817],[75.98369,15.68979],[75.98443,15.69377],[75.99282,15.70618],[76.0042,15.71161],[76.0049,15.71553],[76.01902,15.71499],[76.02319,15.70927],[76.04167,15.71845],[76.04506,15.72546],[76.04349,15.73654],[76.03728,15.73689],[76.03991,15.75384],[76.03473,15.75464],[76.04043,15.76316],[76.03888,15.7708],[76.01988,15.77569],[76.00984,15.78394],[75.99454,15.78071],[75.99059,15.78679],[75.98834,15.80156],[75.98445,15.80242],[75.96381,15.7946],[75.96095,15.78383],[75.92895,15.79093],[75.90777,15.80883],[75.87195,15.82914],[75.8478,15.83869],[75.82949,15.83985],[75.82099,15.84548],[75.82074,15.84978],[75.81367,15.84688],[75.80606,15.84859],[75.80909,15.85469],[75.79992,15.85765],[75.79763,15.84781],[75.78039,15.85271],[75.77675,15.84915],[75.77439,15.82729],[75.77743,15.82728],[75.7796,15.81716],[75.73692,15.81342],[75.73682,15.81628],[75.72192,15.81792],[75.71386,15.82764],[75.70665,15.82914],[75.69595,15.82469],[75.68786,15.83076],[75.68275,15.82992],[75.6802,15.82184],[75.6771,15.8209],[75.67215,15.83626],[75.66269,15.8378],[75.66002,15.83432],[75.66156,15.82874],[75.65681,15.82658],[75.64281,15.83196],[75.64243,15.84134],[75.63703,15.84085],[75.63537,15.83343],[75.63121,15.83081],[75.63087,15.83388],[75.61774,15.83559],[75.61656,15.82118],[75.60541,15.82713],[75.60898,15.83061],[75.6,15.82681],[75.58711,15.83333],[75.57687,15.82478],[75.57673,15.83058],[75.56596,15.82964],[75.56813,15.8339],[75.57128,15.83374],[75.56646,15.83833],[75.56302,15.83041],[75.55265,15.82474],[75.55061,15.8279],[75.5564,15.83252],[75.54696,15.83645],[75.53899,15.83313],[75.52989,15.83487],[75.53143,15.84203],[75.52106,15.84114],[75.51982,15.84603],[75.51234,15.85133],[75.51566,15.85412],[75.52057,15.85286],[75.51963,15.85771],[75.50785,15.86018],[75.50699,15.85551],[75.50233,15.85832],[75.5052,15.86179],[75.49784,15.87229],[75.48023,15.87766],[75.47882,15.87107],[75.47405,15.87332],[75.47567,15.87631],[75.46561,15.87724],[75.46542,15.88136],[75.45977,15.88012],[75.45871,15.88454],[75.46145,15.88675]]]}},{"type":"Feature","properties":{"id":"audit-hassan","district":"Hassan","districtName":{"en":"Hassan","kn":"ಹಾಸನ"},"lgdCode":539,"sourceObjectId":15},"geometry":{"type":"Polygon","coordinates":[[[76.38466,13.53625],[76.37017,13.54794],[76.36387,13.54713],[76.36268,13.53051],[76.34845,13.52553],[76.3483,13.51718],[76.34235,13.51373],[76.32973,13.52215],[76.32146,13.5373],[76.31595,13.53974],[76.31204,13.52542],[76.29999,13.52206],[76.29316,13.52714],[76.28986,13.50484],[76.26206,13.50521],[76.26008,13.51142],[76.23389,13.50752],[76.23831,13.4948],[76.22915,13.48403],[76.23408,13.48344],[76.23113,13.46789],[76.19798,13.46891],[76.19967,13.45034],[76.19636,13.45035],[76.18727,13.45265],[76.19341,13.46891],[76.16219,13.4697],[76.15783,13.45998],[76.13723,13.44228],[76.14068,13.43706],[76.13945,13.4066],[76.12938,13.40391],[76.12885,13.40036],[76.11123,13.40062],[76.1105,13.39587],[76.09962,13.3925],[76.08994,13.39368],[76.08705,13.37847],[76.08889,13.37151],[76.05585,13.38085],[76.04162,13.37436],[76.03452,13.35144],[76.03189,13.34578],[76.02876,13.34564],[76.03474,13.33653],[76.03322,13.33235],[76.02848,13.33301],[76.02696,13.32694],[76.02695,13.32134],[76.02981,13.32405],[76.03706,13.32044],[76.04292,13.32375],[76.0416,13.31927],[76.03718,13.31859],[76.03993,13.30978],[76.03704,13.30937],[76.03848,13.30587],[76.03532,13.30048],[76.03932,13.29269],[76.03817,13.28007],[76.04244,13.28],[76.04432,13.27502],[76.04178,13.26624],[76.03898,13.26608],[76.03641,13.24856],[76.01635,13.25088],[76.01799,13.25641],[76.01485,13.26122],[75.99008,13.25813],[75.98391,13.26457],[75.93607,13.25616],[75.9184,13.25737],[75.9161,13.26306],[75.90339,13.2579],[75.89939,13.26631],[75.87676,13.2603],[75.87168,13.24801],[75.86154,13.24002],[75.86003,13.25316],[75.85467,13.2551],[75.85731,13.25829],[75.83892,13.25191],[75.82452,13.25301],[75.81602,13.25891],[75.80879,13.25449],[75.80761,13.24698],[75.81248,13.23075],[75.81004,13.23094],[75.81022,13.22029],[75.8057,13.21592],[75.78951,13.21466],[75.77897,13.20994],[75.77582,13.21611],[75.76603,13.21213],[75.75835,13.21742],[75.75063,13.20642],[75.74288,13.20746],[75.72874,13.18316],[75.73019,13.16439],[75.7408,13.14914],[75.74492,13.15069],[75.75184,13.14566],[75.7537,13.13604],[75.74646,13.1282],[75.73533,13.12349],[75.73832,13.11011],[75.72828,13.10561],[75.72707,13.09939],[75.73396,13.09127],[75.7425,13.06944],[75.74022,13.02999],[75.7279,13.02346],[75.72368,13.02756],[75.72476,13.03144],[75.71653,13.03094],[75.7104,13.03817],[75.69644,13.03682],[75.69467,13.04603],[75.68843,13.03931],[75.69056,13.03367],[75.68418,13.03579],[75.68127,13.03069],[75.66492,13.03185],[75.65563,13.0225],[75.65456,13.02937],[75.64267,13.03132],[75.63758,13.01119],[75.63141,13.01164],[75.61956,12.99102],[75.60412,12.97349],[75.60292,12.9584],[75.59544,12.94377],[75.57222,12.93473],[75.55457,12.90729],[75.5612,12.89347],[75.55996,12.87834],[75.56433,12.87548],[75.56378,12.86634],[75.5777,12.87213],[75.6028,12.87554],[75.60226,12.86495],[75.62132,12.85531],[75.6222,12.84696],[75.61487,12.83201],[75.61827,12.81763],[75.61442,12.79722],[75.6228,12.79162],[75.6212,12.77887],[75.62938,12.77903],[75.63682,12.77021],[75.64117,12.76998],[75.6381,12.76116],[75.65513,12.74929],[75.65744,12.75204],[75.65827,12.74282],[75.65056,12.71794],[75.62606,12.70514],[75.62934,12.70322],[75.63352,12.69],[75.63787,12.69531],[75.66804,12.69726],[75.71292,12.70769],[75.72135,12.69627],[75.73131,12.69786],[75.74556,12.67966],[75.76076,12.67406],[75.76838,12.68166],[75.77307,12.67937],[75.77721,12.6888],[75.79163,12.68839],[75.80769,12.7017],[75.83293,12.67151],[75.84246,12.66928],[75.84701,12.67278],[75.85253,12.66931],[75.86727,12.67482],[75.87791,12.67175],[75.88753,12.67871],[75.88708,12.68852],[75.88984,12.69202],[75.88465,12.70082],[75.88656,12.70501],[75.88397,12.7082],[75.87249,12.70909],[75.86989,12.71533],[75.85491,12.72352],[75.85172,12.73013],[75.85522,12.73651],[75.854,12.74537],[75.84945,12.74982],[75.86002,12.75718],[75.85828,12.76964],[75.87485,12.76984],[75.87308,12.77434],[75.87824,12.77669],[75.87328,12.77725],[75.86393,12.79644],[75.86598,12.80275],[75.86377,12.81865],[75.87679,12.82358],[75.87574,12.83159],[75.87952,12.83418],[75.90007,12.82779],[75.90334,12.81914],[75.91126,12.81523],[75.91844,12.81963],[75.91712,12.82648],[75.91982,12.82826],[75.92777,12.8217],[75.92503,12.81419],[75.93016,12.80791],[75.94623,12.80793],[75.94938,12.80048],[75.96913,12.80498],[75.96694,12.79773],[75.97077,12.78395],[75.9578,12.78198],[75.95462,12.76858],[75.94719,12.76533],[75.9358,12.76743],[75.93298,12.764],[75.9376,12.74937],[75.93452,12.73374],[75.94191,12.72019],[75.96524,12.71095],[75.96251,12.70617],[75.96455,12.70125],[75.95871,12.68994],[75.95963,12.68326],[75.95415,12.67674],[75.93991,12.67641],[75.94792,12.66394],[75.93891,12.65298],[75.9378,12.64355],[75.94351,12.63649],[75.93561,12.63002],[75.94466,12.62948],[75.94961,12.62476],[75.94697,12.61419],[75.93951,12.60868],[75.94863,12.59568],[75.96261,12.56118],[75.97547,12.56347],[75.96876,12.57667],[75.98852,12.5741],[75.98768,12.58129],[75.99221,12.58875],[76.0025,12.57525],[76.00991,12.5715],[76.01231,12.57315],[76.01393,12.5695],[76.01906,12.57159],[76.02173,12.57687],[76.03148,12.57633],[76.03422,12.57346],[76.04556,12.57696],[76.05207,12.5542],[76.06754,12.55727],[76.07058,12.55585],[76.07105,12.54922],[76.07448,12.55007],[76.08549,12.54372],[76.09065,12.54564],[76.08616,12.5388],[76.09726,12.53256],[76.09941,12.52807],[76.10325,12.52908],[76.10161,12.52585],[76.10607,12.51734],[76.11002,12.51799],[76.11189,12.51244],[76.11532,12.51282],[76.11891,12.51876],[76.11418,12.52695],[76.13335,12.52874],[76.13442,12.53698],[76.14089,12.53662],[76.14261,12.54522],[76.15132,12.54715],[76.14968,12.54927],[76.15773,12.56279],[76.14807,12.56622],[76.15237,12.57957],[76.16853,12.58043],[76.18207,12.57495],[76.1837,12.57736],[76.1965,12.5773],[76.19199,12.59411],[76.20544,12.61688],[76.21229,12.61663],[76.21543,12.62166],[76.21345,12.62791],[76.20573,12.62896],[76.20936,12.63678],[76.21913,12.64427],[76.2319,12.64354],[76.24569,12.63695],[76.24578,12.62593],[76.25333,12.62376],[76.25455,12.62028],[76.25747,12.62219],[76.26493,12.61929],[76.26733,12.6232],[76.26542,12.62885],[76.27982,12.63371],[76.28214,12.62978],[76.27929,12.62543],[76.28027,12.61665],[76.29059,12.61656],[76.29255,12.62629],[76.30034,12.62915],[76.30147,12.62193],[76.30517,12.62508],[76.30977,12.62247],[76.30632,12.61039],[76.32769,12.61138],[76.32842,12.62665],[76.32349,12.63506],[76.33242,12.64467],[76.3381,12.64645],[76.33809,12.65322],[76.34749,12.66795],[76.35288,12.66796],[76.35374,12.68521],[76.36003,12.68687],[76.36278,12.70131],[76.36152,12.71183],[76.35024,12.71342],[76.34131,12.73204],[76.34567,12.73754],[76.34408,12.7423],[76.35528,12.74384],[76.35709,12.75003],[76.34288,12.76053],[76.34268,12.76607],[76.34993,12.77197],[76.34765,12.77923],[76.3496,12.78558],[76.33441,12.78768],[76.32963,12.80276],[76.33182,12.81195],[76.36829,12.80904],[76.37082,12.81427],[76.36696,12.8243],[76.36945,12.82864],[76.38288,12.83111],[76.38771,12.84146],[76.38617,12.84512],[76.39694,12.8475],[76.40853,12.84402],[76.4072,12.865],[76.41357,12.86443],[76.41764,12.8582],[76.42532,12.85792],[76.42516,12.8454],[76.42127,12.84532],[76.42014,12.84171],[76.42532,12.82498],[76.44593,12.82333],[76.44608,12.81889],[76.45798,12.80447],[76.46246,12.80296],[76.46429,12.80602],[76.47139,12.79873],[76.46832,12.7935],[76.45757,12.78884],[76.45504,12.78102],[76.47479,12.77169],[76.47812,12.7728],[76.47817,12.78063],[76.48961,12.78576],[76.49285,12.76723],[76.4994,12.77231],[76.49978,12.7803],[76.49059,12.78857],[76.49436,12.8027],[76.49011,12.80643],[76.5029,12.82195],[76.51828,12.82634],[76.52053,12.84136],[76.53552,12.84425],[76.54663,12.84018],[76.55407,12.84533],[76.57772,12.84693],[76.5752,12.86592],[76.57911,12.87314],[76.59649,12.88094],[76.59104,12.89085],[76.59955,12.90467],[76.59653,12.92115],[76.60314,12.92295],[76.606,12.93858],[76.61621,12.93711],[76.61745,12.95509],[76.61198,12.95891],[76.61182,12.96529],[76.62215,12.96581],[76.63142,12.9727],[76.63119,12.98157],[76.63357,12.98126],[76.63228,12.99336],[76.62983,12.99429],[76.63224,13.00417],[76.61915,13.00879],[76.61285,13.00584],[76.60423,13.01718],[76.60888,13.03105],[76.60811,13.03764],[76.60207,13.04017],[76.60534,13.05321],[76.6198,13.05404],[76.61786,13.06379],[76.59932,13.07428],[76.59238,13.07485],[76.58572,13.07039],[76.56656,13.07561],[76.52766,13.07895],[76.52282,13.07879],[76.5219,13.07351],[76.51582,13.06877],[76.49571,13.08668],[76.49472,13.0946],[76.48082,13.09135],[76.47229,13.09308],[76.46856,13.12021],[76.46954,13.1399],[76.47316,13.14986],[76.45505,13.1499],[76.45423,13.15552],[76.44512,13.16463],[76.44495,13.16978],[76.42887,13.17304],[76.42557,13.18341],[76.4147,13.18713],[76.4124,13.19182],[76.39435,13.19055],[76.39376,13.19788],[76.37077,13.20037],[76.3699,13.21221],[76.3764,13.21581],[76.38004,13.22255],[76.37989,13.23154],[76.36454,13.23399],[76.36197,13.24904],[76.3562,13.24913],[76.35867,13.26062],[76.35524,13.26427],[76.35696,13.28727],[76.34761,13.30122],[76.35225,13.33052],[76.34704,13.34292],[76.34701,13.35998],[76.38143,13.36414],[76.38267,13.37235],[76.38576,13.37086],[76.39226,13.37943],[76.38944,13.3961],[76.39694,13.40224],[76.40061,13.42277],[76.41969,13.44841],[76.40705,13.4592],[76.41179,13.47727],[76.41517,13.47884],[76.40819,13.4829],[76.40523,13.49065],[76.39875,13.49128],[76.39506,13.49568],[76.39764,13.50596],[76.40867,13.50537],[76.41521,13.50904],[76.41987,13.51985],[76.42727,13.52563],[76.40053,13.52637],[76.39564,13.53599],[76.38466,13.53625]]]}},{"type":"Feature","properties":{"id":"audit-haveri","district":"Haveri","districtName":{"en":"Haveri","kn":"ಹಾವೇರಿ"},"lgdCode":540,"sourceObjectId":16},"geometry":{"type":"Polygon","coordinates":[[[75.33662,15.15739],[75.33639,15.16177],[75.30708,15.15512],[75.30977,15.13826],[75.2871,15.13688],[75.28797,15.13051],[75.27272,15.12213],[75.26987,15.11762],[75.26053,15.11828],[75.25841,15.09848],[75.25302,15.09807],[75.25116,15.10762],[75.23886,15.10894],[75.22582,15.10743],[75.22485,15.10125],[75.19849,15.10135],[75.18822,15.09788],[75.18611,15.10426],[75.15819,15.10149],[75.15867,15.10965],[75.13912,15.10433],[75.13307,15.11897],[75.13746,15.12015],[75.13776,15.12995],[75.14546,15.13411],[75.15286,15.14563],[75.14663,15.15006],[75.14098,15.16141],[75.13668,15.16074],[75.13176,15.14479],[75.12565,15.14502],[75.12166,15.14028],[75.10935,15.13881],[75.10422,15.14127],[75.10665,15.13842],[75.10529,15.13039],[75.11144,15.12635],[75.11347,15.11716],[75.09528,15.11393],[75.09529,15.1102],[75.07744,15.11032],[75.08204,15.07461],[75.07409,15.05241],[75.0739,15.04092],[75.07714,15.03725],[75.06927,15.01517],[75.07617,14.97381],[75.08134,14.96915],[75.08383,14.95643],[75.09892,14.95633],[75.09447,14.95133],[75.10292,14.93424],[75.10126,14.92684],[75.08225,14.92594],[75.08475,14.92145],[75.07777,14.923],[75.06735,14.91868],[75.07141,14.90051],[75.0715,14.8716],[75.07439,14.86893],[75.07167,14.86778],[75.07393,14.85584],[75.06795,14.83708],[75.07383,14.8258],[75.09035,14.82021],[75.09163,14.81114],[75.07487,14.80857],[75.05542,14.81469],[75.05581,14.80499],[75.06849,14.79842],[75.06675,14.78609],[75.06991,14.78297],[75.06564,14.7821],[75.06294,14.77643],[75.0411,14.77402],[75.04021,14.76692],[75.04693,14.7526],[75.04714,14.74447],[75.04345,14.74283],[75.0444,14.7392],[75.03781,14.73833],[75.03826,14.72788],[75.03038,14.72993],[75.02847,14.72578],[75.01522,14.72071],[75.01665,14.71087],[75.03215,14.70792],[75.03596,14.67559],[75.03045,14.67234],[75.03098,14.66493],[75.03523,14.65798],[75.04053,14.66073],[75.05084,14.6495],[75.07258,14.65521],[75.09923,14.65276],[75.10298,14.64512],[75.11452,14.64156],[75.12419,14.63115],[75.14249,14.63377],[75.14406,14.62035],[75.15275,14.62615],[75.16019,14.61728],[75.16475,14.62079],[75.16537,14.63331],[75.17192,14.63433],[75.18777,14.62253],[75.20239,14.62773],[75.20071,14.63794],[75.20549,14.63764],[75.21056,14.62329],[75.2051,14.59745],[75.1817,14.59772],[75.18409,14.58583],[75.19772,14.5827],[75.19732,14.57736],[75.20752,14.57208],[75.22155,14.58487],[75.22737,14.58377],[75.23055,14.5797],[75.22512,14.56767],[75.22842,14.56114],[75.24043,14.55489],[75.24346,14.56015],[75.24207,14.56805],[75.24464,14.5687],[75.24352,14.57795],[75.24913,14.5807],[75.26544,14.57975],[75.27442,14.56996],[75.27434,14.56544],[75.28559,14.56049],[75.29379,14.54801],[75.2931,14.54349],[75.29719,14.54047],[75.29009,14.53157],[75.28453,14.52957],[75.27826,14.53413],[75.26777,14.52775],[75.26747,14.51488],[75.27501,14.51087],[75.28312,14.51448],[75.29737,14.51101],[75.31957,14.51344],[75.32943,14.4945],[75.34609,14.48527],[75.33991,14.46874],[75.3472,14.45742],[75.34242,14.45169],[75.34013,14.43575],[75.35533,14.43161],[75.35608,14.42831],[75.35762,14.43645],[75.36458,14.44164],[75.38205,14.43353],[75.37791,14.40779],[75.36512,14.41087],[75.35937,14.40926],[75.34857,14.38796],[75.36179,14.38136],[75.37366,14.37024],[75.39739,14.36612],[75.41023,14.35243],[75.42927,14.34906],[75.4543,14.32857],[75.47733,14.31743],[75.48004,14.331],[75.47655,14.34382],[75.48052,14.34433],[75.48115,14.33957],[75.48865,14.33869],[75.48977,14.34733],[75.50097,14.34433],[75.50159,14.32454],[75.50494,14.31756],[75.50269,14.30782],[75.51761,14.30139],[75.5244,14.29193],[75.5341,14.28952],[75.53565,14.27744],[75.55162,14.27424],[75.5609,14.27762],[75.58205,14.27813],[75.58769,14.28936],[75.59096,14.28763],[75.60342,14.29297],[75.61086,14.31587],[75.63404,14.31494],[75.63491,14.31719],[75.63344,14.32593],[75.62687,14.33234],[75.62287,14.34418],[75.62615,14.37231],[75.63513,14.39061],[75.64285,14.43125],[75.63459,14.43293],[75.63652,14.44099],[75.63038,14.44474],[75.63683,14.46558],[75.65475,14.46368],[75.66124,14.45916],[75.6616,14.45183],[75.67317,14.46375],[75.68973,14.49184],[75.70018,14.49114],[75.70798,14.47507],[75.71555,14.47227],[75.72492,14.47912],[75.73519,14.49497],[75.75751,14.51444],[75.77295,14.5184],[75.79076,14.51045],[75.79924,14.51074],[75.79734,14.53056],[75.79963,14.54119],[75.81886,14.5617],[75.82025,14.56702],[75.80447,14.59841],[75.81129,14.62829],[75.81081,14.65408],[75.79885,14.66758],[75.80039,14.67693],[75.79711,14.6825],[75.76352,14.67531],[75.73924,14.68552],[75.7411,14.70082],[75.76385,14.72228],[75.76206,14.73483],[75.75565,14.73871],[75.71781,14.71954],[75.70626,14.7233],[75.70243,14.73161],[75.72062,14.75108],[75.72238,14.77194],[75.71337,14.77884],[75.69175,14.78226],[75.67768,14.79796],[75.66393,14.80245],[75.6758,14.8334],[75.69028,14.85684],[75.69369,14.85886],[75.69517,14.85216],[75.71252,14.8527],[75.72155,14.8642],[75.73268,14.86359],[75.7343,14.88293],[75.73907,14.8873],[75.7281,14.89748],[75.69619,14.89205],[75.68214,14.93546],[75.6854,14.9428],[75.70108,14.94844],[75.69137,14.97311],[75.66685,14.98731],[75.63182,14.99143],[75.62933,14.98358],[75.6175,14.98056],[75.61807,14.97384],[75.60892,14.97299],[75.61071,14.95843],[75.59788,14.95478],[75.58919,14.95938],[75.58369,14.96842],[75.56523,14.97137],[75.56549,14.97925],[75.54133,14.97869],[75.54276,15.01355],[75.53848,15.01775],[75.5382,15.02742],[75.53285,15.03454],[75.52104,15.03322],[75.50718,15.04454],[75.49514,15.04709],[75.47758,15.04391],[75.46856,15.04712],[75.46106,15.04393],[75.46025,15.04994],[75.45203,15.0499],[75.44867,15.0607],[75.39918,15.05994],[75.37522,15.05028],[75.36775,15.05034],[75.35717,15.06519],[75.34929,15.06421],[75.34046,15.06897],[75.33393,15.08179],[75.33295,15.08667],[75.35002,15.09468],[75.35056,15.10015],[75.33984,15.10667],[75.33703,15.11218],[75.33662,15.15739]]]}},{"type":"Feature","properties":{"id":"audit-kalaburagi","district":"Kalaburagi","districtName":{"en":"Kalaburagi","kn":"ಕಲಬುರಗಿ"},"lgdCode":538,"sourceObjectId":17},"geometry":{"type":"MultiPolygon","coordinates":[[[[76.70143,17.70933],[76.69254,17.70672],[76.69418,17.69568],[76.71103,17.69448],[76.71335,17.70013],[76.70492,17.70289],[76.70143,17.70933]]],[[[76.62433,17.75939],[76.61533,17.7704],[76.61104,17.76936],[76.6011,17.74035],[76.60108,17.72586],[76.59438,17.72245],[76.58834,17.70758],[76.58024,17.70522],[76.5703,17.70541],[76.5678,17.74248],[76.56396,17.75083],[76.57271,17.76054],[76.56126,17.76462],[76.53069,17.75826],[76.52316,17.75976],[76.52736,17.73784],[76.5239,17.71515],[76.50069,17.71842],[76.48723,17.71476],[76.48449,17.67851],[76.48975,17.6605],[76.45286,17.65579],[76.45448,17.64979],[76.44184,17.64931],[76.445,17.64095],[76.43539,17.64626],[76.42919,17.64495],[76.41968,17.60371],[76.3817,17.60225],[76.37764,17.59787],[76.35003,17.5941],[76.33129,17.59742],[76.33313,17.56499],[76.33853,17.5568],[76.34069,17.54247],[76.36274,17.53737],[76.36722,17.51945],[76.3646,17.51497],[76.34657,17.51258],[76.34333,17.50066],[76.34576,17.49253],[76.37469,17.49565],[76.37552,17.49022],[76.36824,17.4832],[76.35036,17.47418],[76.33069,17.47019],[76.33326,17.4339],[76.35348,17.4373],[76.37151,17.43642],[76.37107,17.41343],[76.36343,17.37767],[76.40912,17.37139],[76.41219,17.35107],[76.39661,17.3471],[76.38316,17.31453],[76.35401,17.31432],[76.35429,17.3244],[76.3453,17.35445],[76.31434,17.34839],[76.31203,17.34601],[76.31886,17.33814],[76.31766,17.33238],[76.27636,17.33457],[76.27201,17.36059],[76.26702,17.36348],[76.25073,17.36043],[76.25043,17.36968],[76.24458,17.37154],[76.24209,17.37884],[76.22853,17.37584],[76.22944,17.36521],[76.21236,17.36199],[76.19639,17.36367],[76.17031,17.35262],[76.17658,17.32461],[76.17926,17.31857],[76.18325,17.31943],[76.17631,17.30079],[76.16508,17.30333],[76.16262,17.34522],[76.14105,17.35349],[76.11955,17.37044],[76.09974,17.36465],[76.08938,17.35313],[76.09347,17.34935],[76.08722,17.33618],[76.07913,17.3316],[76.07214,17.33531],[76.07301,17.33028],[76.06611,17.3161],[76.06666,17.3087],[76.08861,17.29931],[76.0994,17.29104],[76.09865,17.28325],[76.08686,17.26849],[76.08839,17.25697],[76.11365,17.25239],[76.12752,17.24499],[76.16643,17.21061],[76.17693,17.19395],[76.18814,17.18638],[76.20313,17.18342],[76.22052,17.18543],[76.22371,17.17477],[76.23612,17.16318],[76.2426,17.15079],[76.25403,17.14873],[76.26375,17.15101],[76.27684,17.16746],[76.33321,17.17078],[76.35631,17.18873],[76.36463,17.18139],[76.36894,17.16674],[76.35999,17.14025],[76.36747,17.13767],[76.38351,17.14659],[76.39458,17.14298],[76.3912,17.13082],[76.36741,17.12384],[76.36226,17.11604],[76.36612,17.10725],[76.38413,17.10263],[76.39035,17.09712],[76.38798,17.07258],[76.39817,17.07005],[76.41007,17.08916],[76.42941,17.09965],[76.43109,17.05342],[76.42734,17.05354],[76.43115,17.02987],[76.43726,17.02669],[76.43315,17.02549],[76.44043,16.99677],[76.43664,16.98173],[76.42496,16.97802],[76.40037,16.97708],[76.40227,16.94216],[76.39905,16.93533],[76.42785,16.9274],[76.4341,16.94325],[76.44756,16.9406],[76.45178,16.92781],[76.45848,16.92791],[76.4649,16.91386],[76.46528,16.90273],[76.43361,16.89762],[76.43316,16.88181],[76.43665,16.88134],[76.43806,16.868],[76.45854,16.86691],[76.46197,16.84929],[76.47066,16.84706],[76.47098,16.83879],[76.46348,16.83852],[76.45997,16.83304],[76.4295,16.83736],[76.42911,16.85075],[76.40404,16.85403],[76.40427,16.85853],[76.38875,16.85632],[76.37428,16.85883],[76.35883,16.84261],[76.3524,16.81975],[76.41373,16.81343],[76.41019,16.79884],[76.40083,16.80111],[76.39637,16.80592],[76.39142,16.80271],[76.37735,16.80169],[76.37092,16.76859],[76.41157,16.76818],[76.41123,16.76483],[76.4183,16.7645],[76.41851,16.7689],[76.43608,16.76454],[76.44265,16.75755],[76.43844,16.75332],[76.44041,16.74203],[76.42888,16.73785],[76.42889,16.73355],[76.42316,16.72957],[76.42263,16.71687],[76.44102,16.71368],[76.44634,16.72268],[76.45086,16.72378],[76.4594,16.72329],[76.4608,16.71114],[76.48133,16.71216],[76.5029,16.72298],[76.50331,16.74117],[76.5164,16.75107],[76.54724,16.7479],[76.55355,16.75311],[76.56952,16.75341],[76.58047,16.75844],[76.58126,16.76553],[76.60095,16.76717],[76.62355,16.76553],[76.623,16.74249],[76.63547,16.7458],[76.63543,16.73507],[76.65873,16.72508],[76.65271,16.75097],[76.66079,16.76701],[76.67554,16.76516],[76.67936,16.78472],[76.69761,16.78645],[76.70204,16.79298],[76.70938,16.79249],[76.70923,16.78055],[76.7194,16.77793],[76.72475,16.78474],[76.7349,16.77874],[76.73643,16.77354],[76.72904,16.77233],[76.72888,16.75388],[76.74502,16.75164],[76.74755,16.75538],[76.74471,16.81585],[76.74807,16.82027],[76.75462,16.82035],[76.75867,16.83576],[76.7634,16.84054],[76.75993,16.84413],[76.78891,16.83729],[76.79106,16.84998],[76.80479,16.85026],[76.81315,16.85855],[76.81638,16.8737],[76.82883,16.87302],[76.83098,16.86912],[76.84132,16.86645],[76.85458,16.87883],[76.85683,16.8912],[76.87021,16.89261],[76.8705,16.89588],[76.90146,16.89256],[76.90152,16.8782],[76.91347,16.87543],[76.92063,16.87001],[76.91438,16.86071],[76.90167,16.85468],[76.90372,16.83038],[76.91073,16.81659],[76.91953,16.81788],[76.92669,16.83045],[76.94437,16.83107],[76.98268,16.8096],[76.99062,16.81222],[76.99515,16.83731],[76.98323,16.83988],[76.97838,16.85462],[76.97987,16.86143],[77.00696,16.85785],[77.01969,16.86744],[77.04139,16.86997],[77.04277,16.88073],[77.03388,16.88381],[77.03385,16.89333],[77.0176,16.89862],[77.01953,16.92744],[77.0411,16.92303],[77.04672,16.93236],[77.05693,16.93936],[77.05836,16.94658],[77.06289,16.94536],[77.06567,16.94933],[77.06385,16.95399],[77.07258,16.95272],[77.07144,16.93969],[77.07581,16.9427],[77.08614,16.93683],[77.08874,16.91838],[77.09471,16.90621],[77.11059,16.90568],[77.12557,16.91795],[77.13834,16.91495],[77.16021,16.91557],[77.16152,16.9308],[77.16564,16.93892],[77.18402,16.94245],[77.19608,16.92675],[77.19938,16.93379],[77.20847,16.93764],[77.21137,16.94492],[77.23164,16.94282],[77.23267,16.93905],[77.24192,16.9431],[77.2462,16.9329],[77.26302,16.92825],[77.28906,16.93351],[77.28948,16.93723],[77.29497,16.9324],[77.31137,16.92741],[77.31867,16.93644],[77.33601,16.92986],[77.34172,16.93418],[77.35162,16.908],[77.36578,16.90459],[77.37139,16.89766],[77.37666,16.89792],[77.37655,16.8946],[77.38404,16.89413],[77.38466,16.89848],[77.38906,16.89638],[77.38943,16.89117],[77.39575,16.90332],[77.40187,16.90306],[77.40264,16.8998],[77.40646,16.90188],[77.40178,16.89668],[77.40143,16.8832],[77.41112,16.87469],[77.42504,16.88513],[77.45589,16.88534],[77.45791,16.90951],[77.45402,16.9139],[77.4592,16.91731],[77.46652,16.91511],[77.46944,16.9192],[77.46941,16.92806],[77.4642,16.92985],[77.46829,16.93959],[77.46484,16.94418],[77.46721,16.94985],[77.46523,16.95661],[77.46595,16.95893],[77.47215,16.95714],[77.48134,16.97043],[77.48289,16.98565],[77.47952,16.99602],[77.48656,17.00321],[77.5022,17.00937],[77.50062,17.01929],[77.49495,17.02709],[77.49665,17.04272],[77.48787,17.04762],[77.48984,17.05054],[77.48345,17.05891],[77.47898,17.07263],[77.48098,17.07923],[77.46725,17.08633],[77.46285,17.09408],[77.46362,17.11],[77.45919,17.1091],[77.45428,17.11485],[77.4458,17.11796],[77.436,17.11498],[77.40666,17.12451],[77.40382,17.13292],[77.37792,17.13994],[77.37817,17.15266],[77.3669,17.15441],[77.36682,17.15898],[77.36372,17.15878],[77.36261,17.16448],[77.3719,17.18113],[77.36946,17.18632],[77.37335,17.19087],[77.37227,17.19556],[77.38174,17.19765],[77.39389,17.1944],[77.39641,17.20753],[77.39839,17.21031],[77.40375,17.20989],[77.40198,17.21412],[77.38876,17.21532],[77.38019,17.22253],[77.40495,17.23653],[77.40827,17.24121],[77.41145,17.23767],[77.42042,17.23762],[77.42633,17.25646],[77.43578,17.26018],[77.444,17.27055],[77.45081,17.27053],[77.45854,17.279],[77.45488,17.28724],[77.43793,17.29192],[77.44051,17.3013],[77.44884,17.30962],[77.45245,17.32747],[77.45601,17.33124],[77.45706,17.34741],[77.45168,17.35268],[77.45106,17.35938],[77.45361,17.37399],[77.4791,17.37072],[77.47443,17.36151],[77.48382,17.355],[77.4882,17.35873],[77.50263,17.35707],[77.51576,17.36038],[77.5298,17.37071],[77.53315,17.3805],[77.52622,17.38193],[77.52429,17.388],[77.53784,17.40609],[77.51417,17.41418],[77.513,17.43087],[77.5373,17.44375],[77.57586,17.43071],[77.57619,17.45617],[77.60292,17.44415],[77.61427,17.44595],[77.613,17.46683],[77.61523,17.47289],[77.63824,17.47352],[77.64479,17.47757],[77.64788,17.49608],[77.65713,17.50658],[77.65232,17.48273],[77.6884,17.4752],[77.68801,17.48943],[77.69252,17.49893],[77.6888,17.51094],[77.67545,17.50862],[77.66864,17.51161],[77.66201,17.52282],[77.64527,17.52238],[77.637,17.52571],[77.62796,17.52363],[77.61206,17.53476],[77.60738,17.53225],[77.60301,17.53584],[77.5969,17.5343],[77.59723,17.55373],[77.5938,17.56451],[77.58907,17.5647],[77.5881,17.56],[77.55056,17.55173],[77.53744,17.57544],[77.52838,17.57537],[77.5069,17.54228],[77.50003,17.54672],[77.50043,17.55619],[77.49618,17.55961],[77.49407,17.56836],[77.47805,17.5668],[77.46181,17.58075],[77.43055,17.58595],[77.37877,17.58388],[77.37922,17.595],[77.35961,17.60019],[77.35183,17.60006],[77.34039,17.5879],[77.311,17.59468],[77.30029,17.59772],[77.29956,17.60685],[77.29461,17.60897],[77.29509,17.61509],[77.29149,17.61119],[77.28508,17.61553],[77.28718,17.61759],[77.28476,17.61922],[77.27954,17.61756],[77.27436,17.62698],[77.25824,17.62332],[77.23759,17.6315],[77.22196,17.63237],[77.20732,17.62675],[77.19751,17.63201],[77.1942,17.61551],[77.18888,17.61538],[77.17129,17.62778],[77.15517,17.6289],[77.14997,17.63241],[77.15034,17.64257],[77.14368,17.64765],[77.14475,17.65572],[77.13271,17.66224],[77.13246,17.68245],[77.12388,17.68698],[77.11667,17.68728],[77.1145,17.67797],[77.10628,17.67402],[77.10458,17.669],[77.08941,17.66915],[77.08531,17.65902],[77.08137,17.66229],[77.07368,17.66156],[77.05814,17.67313],[77.04631,17.67074],[77.04321,17.66737],[77.04092,17.67166],[77.03529,17.66937],[77.03416,17.68064],[77.01757,17.67786],[77.00056,17.696],[76.99089,17.696],[76.98097,17.69154],[76.9771,17.67992],[76.97783,17.66492],[76.988,17.6619],[76.98713,17.65806],[76.96188,17.63962],[76.95699,17.63415],[76.95808,17.62096],[76.95133,17.62438],[76.94039,17.60889],[76.921,17.61073],[76.91784,17.62356],[76.92519,17.62596],[76.9289,17.63754],[76.9148,17.63921],[76.90781,17.63509],[76.89882,17.64467],[76.85243,17.6446],[76.84185,17.65371],[76.83678,17.6494],[76.82312,17.65188],[76.80787,17.64901],[76.79291,17.65318],[76.78444,17.63645],[76.77846,17.63597],[76.77191,17.64018],[76.77014,17.6463],[76.77347,17.66677],[76.73273,17.66563],[76.73183,17.65882],[76.72029,17.65386],[76.71435,17.63881],[76.70776,17.64006],[76.69875,17.64218],[76.69771,17.64516],[76.71065,17.65429],[76.71099,17.66126],[76.69454,17.66184],[76.695,17.67729],[76.69097,17.68126],[76.68738,17.68005],[76.68436,17.68589],[76.67261,17.69054],[76.66419,17.68756],[76.65932,17.7096],[76.65279,17.72213],[76.63326,17.72822],[76.6281,17.75065],[76.63189,17.75464],[76.62433,17.75939]]]]}},{"type":"Feature","properties":{"id":"audit-kodagu","district":"Kodagu","districtName":{"en":"Kodagu","kn":"ಕೊಡಗು"},"lgdCode":541,"sourceObjectId":18},"geometry":{"type":"Polygon","coordinates":[[[75.89523,12.82804],[75.87855,12.83391],[75.87563,12.83115],[75.87679,12.82358],[75.8638,12.81876],[75.86598,12.80275],[75.86393,12.79644],[75.87328,12.77725],[75.87824,12.77669],[75.87308,12.77434],[75.87485,12.76984],[75.85828,12.76964],[75.86002,12.75718],[75.84945,12.74982],[75.854,12.74537],[75.85522,12.73651],[75.85172,12.73013],[75.85491,12.72352],[75.86989,12.71533],[75.87249,12.70909],[75.88534,12.7077],[75.88465,12.70082],[75.88984,12.69202],[75.88708,12.68852],[75.88675,12.67655],[75.87791,12.67175],[75.86727,12.67482],[75.85253,12.66931],[75.84701,12.67278],[75.84246,12.66928],[75.83455,12.6709],[75.80769,12.7017],[75.79163,12.68839],[75.77721,12.6888],[75.77307,12.67937],[75.76838,12.68166],[75.76076,12.67406],[75.74556,12.67966],[75.73131,12.69786],[75.72135,12.69627],[75.71324,12.70761],[75.66695,12.69782],[75.64797,12.66573],[75.64197,12.63293],[75.64232,12.62625],[75.65402,12.61937],[75.6564,12.6027],[75.66154,12.59662],[75.6642,12.58556],[75.66211,12.57786],[75.66845,12.57218],[75.66314,12.56956],[75.66871,12.56517],[75.67055,12.55874],[75.66802,12.54783],[75.64428,12.53942],[75.63315,12.52809],[75.63232,12.52111],[75.6283,12.5191],[75.62676,12.52112],[75.61476,12.51019],[75.6055,12.51267],[75.60574,12.52111],[75.59584,12.52764],[75.59099,12.54008],[75.58269,12.53084],[75.58093,12.51932],[75.57089,12.51152],[75.56418,12.51065],[75.55617,12.50123],[75.55506,12.49834],[75.56482,12.49506],[75.56591,12.48611],[75.55184,12.49322],[75.5337,12.49499],[75.52916,12.49947],[75.52367,12.48983],[75.49332,12.48373],[75.49602,12.47857],[75.48986,12.46009],[75.48195,12.46581],[75.47542,12.46343],[75.46463,12.47186],[75.4608,12.47694],[75.46198,12.48791],[75.47249,12.49946],[75.46131,12.50498],[75.45809,12.51588],[75.4532,12.51366],[75.44209,12.52202],[75.43978,12.52851],[75.43435,12.53012],[75.42889,12.515],[75.42426,12.51729],[75.41643,12.5153],[75.41942,12.50935],[75.4158,12.50498],[75.41725,12.49363],[75.42058,12.48852],[75.4203,12.47976],[75.42482,12.47426],[75.42326,12.46678],[75.41572,12.46598],[75.41332,12.45857],[75.3934,12.45137],[75.38629,12.45828],[75.36579,12.45774],[75.37149,12.43772],[75.36617,12.41183],[75.37086,12.40876],[75.37261,12.40025],[75.37773,12.39842],[75.37924,12.39236],[75.39229,12.38999],[75.39857,12.38143],[75.41312,12.38029],[75.42193,12.37266],[75.41964,12.35694],[75.4104,12.34719],[75.41539,12.34006],[75.42028,12.31899],[75.43215,12.30899],[75.41392,12.29067],[75.4211,12.29171],[75.43009,12.29901],[75.4599,12.29404],[75.47015,12.30071],[75.4794,12.29541],[75.48663,12.2886],[75.49387,12.27279],[75.5054,12.27074],[75.50583,12.26458],[75.51178,12.25958],[75.51159,12.25306],[75.5198,12.24621],[75.52111,12.23613],[75.52833,12.23159],[75.52691,12.22569],[75.53969,12.21681],[75.53703,12.20808],[75.53194,12.20567],[75.53261,12.20145],[75.5398,12.20273],[75.54118,12.19755],[75.54625,12.19794],[75.54859,12.19263],[75.55262,12.19285],[75.55497,12.18318],[75.55851,12.18207],[75.56159,12.17505],[75.56978,12.17285],[75.5772,12.15775],[75.58331,12.15912],[75.59293,12.14778],[75.5959,12.15432],[75.60691,12.15549],[75.61125,12.15262],[75.61903,12.15652],[75.63133,12.14878],[75.63605,12.14917],[75.63826,12.13895],[75.64319,12.13865],[75.64908,12.10933],[75.65276,12.11005],[75.66198,12.09918],[75.67687,12.0982],[75.68718,12.11025],[75.70326,12.10817],[75.70213,12.09229],[75.71307,12.09048],[75.71793,12.08558],[75.71473,12.07044],[75.72774,12.07255],[75.73611,12.07895],[75.74712,12.07819],[75.75348,12.08413],[75.78542,12.08426],[75.80255,12.07856],[75.79866,12.05604],[75.79396,12.05503],[75.79966,12.04738],[75.80107,12.03701],[75.81102,12.02857],[75.80993,12.02271],[75.82286,12.01337],[75.82038,12.00252],[75.82523,12.00273],[75.82726,11.98768],[75.83704,11.98093],[75.84691,11.98201],[75.85461,11.96411],[75.87045,11.95258],[75.88068,11.94971],[75.88602,11.95203],[75.89703,11.94547],[75.91399,11.94692],[75.93078,11.9397],[75.95637,11.9419],[75.9764,11.93371],[75.99042,11.93471],[76.0032,11.93139],[76.00738,11.93902],[76.01312,11.94172],[76.02238,11.94397],[76.03372,11.9403],[76.0701,11.96708],[76.09351,11.96849],[76.11693,11.98269],[76.12451,11.98306],[76.13664,11.99658],[76.13956,12.00442],[76.14758,12.00981],[76.15085,12.01837],[76.18278,12.03234],[76.18926,12.05004],[76.17578,12.07611],[76.17659,12.09937],[76.17189,12.10625],[76.17094,12.11874],[76.1442,12.15454],[76.13315,12.19155],[76.12925,12.19484],[76.11875,12.19066],[76.10187,12.19721],[76.09318,12.21366],[76.08402,12.22032],[76.0745,12.2341],[76.07381,12.24009],[76.06224,12.24905],[76.05187,12.24638],[76.04025,12.25261],[76.0254,12.25126],[76.02468,12.24882],[76.0151,12.26667],[76.01477,12.2711],[76.01746,12.27226],[76.01452,12.29225],[76.00466,12.30537],[75.99909,12.30739],[75.99473,12.31738],[76.00109,12.33055],[75.98172,12.34245],[75.97047,12.34557],[75.96049,12.34387],[75.93232,12.38229],[75.91618,12.3883],[75.91313,12.38558],[75.90922,12.40185],[75.9234,12.42335],[75.92217,12.42953],[75.92616,12.43678],[75.94561,12.44898],[75.96043,12.45145],[75.96776,12.44725],[75.97167,12.4503],[75.96689,12.46138],[75.97161,12.47083],[75.96405,12.47427],[75.96643,12.48313],[75.96056,12.48434],[75.95815,12.49055],[75.96222,12.50645],[75.97253,12.51185],[75.97535,12.51977],[75.99394,12.5221],[75.99344,12.52964],[75.9834,12.54043],[75.98667,12.54505],[75.99492,12.54104],[75.9989,12.54742],[75.998,12.55135],[75.99087,12.55613],[75.99126,12.56145],[75.99645,12.56263],[76.01246,12.5542],[76.01184,12.56077],[76.01881,12.56691],[76.01906,12.57159],[76.01393,12.5695],[76.01231,12.57315],[76.00356,12.57448],[75.99221,12.58875],[75.98768,12.58129],[75.98852,12.5741],[75.96876,12.57667],[75.97547,12.56347],[75.96261,12.56118],[75.94863,12.59568],[75.93951,12.60868],[75.94697,12.61419],[75.94983,12.62334],[75.94466,12.62948],[75.93561,12.63002],[75.94351,12.63649],[75.9378,12.64355],[75.93891,12.65298],[75.94792,12.66394],[75.93977,12.67599],[75.95415,12.67674],[75.95963,12.68326],[75.95871,12.68994],[75.96455,12.70125],[75.96251,12.70617],[75.96524,12.71095],[75.94191,12.72019],[75.93452,12.73374],[75.9376,12.74937],[75.93298,12.764],[75.9358,12.76743],[75.94719,12.76533],[75.95462,12.76858],[75.9578,12.78198],[75.97077,12.78395],[75.96694,12.79773],[75.96913,12.80498],[75.94919,12.80053],[75.94623,12.80793],[75.9299,12.80811],[75.92503,12.81419],[75.92777,12.8217],[75.91982,12.82826],[75.91712,12.82648],[75.91844,12.81963],[75.91126,12.81523],[75.90334,12.81914],[75.90007,12.82779],[75.89523,12.82804]]]}},{"type":"Feature","properties":{"id":"audit-kolar","district":"Kolar","districtName":{"en":"Kolar","kn":"ಕೋಲಾರ"},"lgdCode":542,"sourceObjectId":19},"geometry":{"type":"Polygon","coordinates":[[[78.23973,13.59739],[78.23439,13.59712],[78.23258,13.58598],[78.21975,13.59258],[78.21621,13.59062],[78.21408,13.58323],[78.20292,13.56878],[78.19619,13.56626],[78.20134,13.56389],[78.19377,13.54855],[78.20115,13.54131],[78.20365,13.52777],[78.19909,13.52089],[78.19041,13.5207],[78.18777,13.51359],[78.19816,13.51259],[78.20069,13.4841],[78.20811,13.47811],[78.21039,13.47104],[78.202,13.45064],[78.19341,13.4471],[78.19433,13.43844],[78.18864,13.44248],[78.18551,13.43893],[78.18255,13.42063],[78.16893,13.41357],[78.16082,13.41528],[78.15265,13.4096],[78.13573,13.40525],[78.12833,13.38671],[78.12461,13.386],[78.12239,13.3752],[78.14263,13.37587],[78.14796,13.36749],[78.14556,13.3614],[78.14936,13.36103],[78.15009,13.35794],[78.15034,13.35062],[78.13186,13.35246],[78.13407,13.33122],[78.13159,13.33227],[78.13084,13.32843],[78.10897,13.32326],[78.12175,13.3155],[78.12319,13.30842],[78.13647,13.30435],[78.13382,13.28764],[78.12166,13.29273],[78.1075,13.30429],[78.10246,13.30369],[78.09197,13.31023],[78.08678,13.30219],[78.06058,13.299],[78.05906,13.29277],[78.05211,13.29341],[78.04691,13.27829],[78.02991,13.28371],[78.01552,13.2829],[78.01128,13.30145],[77.99403,13.30491],[77.98903,13.30415],[77.98519,13.29917],[77.98455,13.28607],[77.96894,13.28238],[77.96123,13.28424],[77.95774,13.28192],[77.95948,13.2722],[77.95618,13.26969],[77.94629,13.27125],[77.93822,13.26795],[77.9414,13.25847],[77.93495,13.24606],[77.94559,13.24366],[77.94855,13.24999],[77.96492,13.24405],[77.96385,13.23277],[77.94656,13.21922],[77.94523,13.21418],[77.95136,13.21498],[77.95127,13.21936],[77.95795,13.21869],[77.95512,13.20087],[77.96055,13.20015],[77.9595,13.19579],[77.96383,13.18934],[77.95534,13.17643],[77.95304,13.16057],[77.95877,13.15738],[77.95544,13.14011],[77.95772,13.13033],[77.95619,13.12629],[77.93927,13.12514],[77.93734,13.10814],[77.9255,13.11068],[77.92364,13.11593],[77.91541,13.11904],[77.91412,13.11106],[77.90134,13.10239],[77.90154,13.09979],[77.9111,13.09601],[77.91607,13.0876],[77.91332,13.08084],[77.91838,13.07926],[77.92704,13.08266],[77.92623,13.07587],[77.93183,13.07395],[77.93875,13.07863],[77.93955,13.08355],[77.94145,13.06879],[77.93737,13.06597],[77.9282,13.06845],[77.92163,13.06114],[77.91897,13.0509],[77.91366,13.04845],[77.89222,13.0522],[77.89309,13.04624],[77.88881,13.04543],[77.88716,13.03708],[77.8933,13.03503],[77.88676,13.01996],[77.88587,13.00857],[77.87406,12.99765],[77.87142,12.9729],[77.8647,12.97365],[77.8653,12.96614],[77.87156,12.95984],[77.86711,12.95093],[77.87371,12.94519],[77.87074,12.93714],[77.86918,12.93382],[77.85918,12.93567],[77.85102,12.93208],[77.83954,12.9218],[77.84219,12.91404],[77.84457,12.91635],[77.86189,12.91427],[77.85228,12.89091],[77.85568,12.87625],[77.86643,12.8761],[77.86765,12.86807],[77.89034,12.86966],[77.89492,12.87857],[77.90841,12.87881],[77.90876,12.88484],[77.92187,12.88474],[77.92509,12.89009],[77.93601,12.88724],[77.93463,12.88066],[77.92714,12.88152],[77.92772,12.87492],[77.94163,12.87273],[77.94121,12.86822],[77.92281,12.85556],[77.92424,12.85112],[77.91725,12.83885],[77.92056,12.82816],[77.92651,12.83028],[77.93434,12.8231],[77.94068,12.82334],[77.94661,12.83871],[77.94058,12.84525],[77.93999,12.85314],[77.94365,12.85782],[77.95234,12.85712],[77.95278,12.85013],[77.96535,12.84818],[77.96257,12.83737],[77.96432,12.83284],[77.98039,12.83506],[77.97927,12.82704],[77.98978,12.82155],[77.98852,12.80819],[77.9952,12.80586],[78.00646,12.80858],[78.00975,12.80574],[78.01531,12.81379],[78.00392,12.8256],[78.01062,12.83091],[78.0183,12.83105],[78.01915,12.84394],[78.02433,12.84174],[78.02899,12.84519],[78.0297,12.84891],[78.02407,12.85251],[78.02387,12.8565],[78.03065,12.85802],[78.03073,12.85245],[78.05047,12.84874],[78.05333,12.85385],[78.05905,12.85117],[78.06021,12.84383],[78.07652,12.83965],[78.07386,12.83051],[78.0862,12.83194],[78.09016,12.81736],[78.10936,12.80449],[78.12499,12.79819],[78.12595,12.79168],[78.13424,12.78197],[78.14515,12.78093],[78.16766,12.77008],[78.1774,12.77595],[78.18426,12.77622],[78.18896,12.77191],[78.19516,12.77384],[78.21286,12.76503],[78.22389,12.76588],[78.23095,12.76066],[78.23898,12.76838],[78.24564,12.78826],[78.25234,12.82894],[78.2522,12.86055],[78.26527,12.86201],[78.2684,12.86769],[78.2821,12.85931],[78.31245,12.85852],[78.31559,12.86755],[78.31363,12.87645],[78.33102,12.87558],[78.33224,12.8807],[78.33708,12.88236],[78.33799,12.88621],[78.33452,12.88921],[78.32918,12.88459],[78.32033,12.88726],[78.32407,12.89291],[78.32353,12.90178],[78.32631,12.9045],[78.33106,12.90187],[78.33973,12.90318],[78.34407,12.9085],[78.34197,12.9119],[78.3466,12.91404],[78.34905,12.92899],[78.35385,12.93025],[78.34971,12.93571],[78.35588,12.94074],[78.37825,12.91385],[78.38563,12.91144],[78.3887,12.90686],[78.3964,12.90731],[78.39867,12.91731],[78.41221,12.90323],[78.42865,12.90208],[78.4337,12.90454],[78.43495,12.91184],[78.44558,12.9118],[78.44396,12.903],[78.44923,12.89824],[78.44724,12.89221],[78.45589,12.88747],[78.46411,12.8777],[78.46205,12.87106],[78.46477,12.86676],[78.46946,12.88964],[78.4667,12.90541],[78.45925,12.90873],[78.4523,12.91767],[78.44453,12.91963],[78.43802,12.92901],[78.42818,12.93209],[78.41882,12.92172],[78.41116,12.94527],[78.41376,12.94835],[78.42038,12.94774],[78.41927,12.95868],[78.42916,12.95746],[78.43797,12.96399],[78.43272,12.9678],[78.43474,12.97144],[78.43248,12.97796],[78.43533,12.98104],[78.46746,12.97502],[78.46858,12.98272],[78.47481,12.99144],[78.4677,12.99854],[78.46826,13.00462],[78.46361,13.00532],[78.4622,13.04321],[78.47312,13.04292],[78.47849,13.05454],[78.48736,13.05236],[78.49806,13.0612],[78.51425,13.06186],[78.51512,13.06997],[78.50862,13.07902],[78.50947,13.0915],[78.51607,13.09655],[78.52339,13.09469],[78.52448,13.1012],[78.53851,13.10573],[78.51853,13.11982],[78.51705,13.13159],[78.52334,13.13045],[78.52667,13.13894],[78.53126,13.14137],[78.54465,13.142],[78.54836,13.14854],[78.5414,13.15574],[78.55011,13.16419],[78.5682,13.16176],[78.57337,13.1689],[78.57977,13.16736],[78.57606,13.18669],[78.5673,13.19326],[78.55582,13.18864],[78.54976,13.18969],[78.55006,13.20018],[78.56053,13.19877],[78.56779,13.20152],[78.57112,13.21204],[78.5787,13.21299],[78.57855,13.21802],[78.5664,13.22085],[78.57194,13.24259],[78.57014,13.2471],[78.58491,13.26156],[78.5877,13.27297],[78.58736,13.28064],[78.57865,13.28035],[78.57755,13.29528],[78.56555,13.312],[78.56321,13.30939],[78.56499,13.29546],[78.56164,13.28851],[78.55411,13.28317],[78.53932,13.28787],[78.53639,13.27241],[78.53218,13.26694],[78.52196,13.273],[78.51993,13.28277],[78.51335,13.28523],[78.514,13.29059],[78.50485,13.29137],[78.49878,13.29956],[78.47931,13.30129],[78.4834,13.32117],[78.4769,13.32264],[78.46666,13.31512],[78.44421,13.30811],[78.44038,13.32843],[78.42795,13.33129],[78.42176,13.32827],[78.41888,13.32057],[78.4011,13.31547],[78.38713,13.33179],[78.37715,13.33197],[78.38303,13.34359],[78.38768,13.3428],[78.38487,13.33489],[78.39302,13.33376],[78.40729,13.33752],[78.40868,13.34288],[78.4084,13.34569],[78.39321,13.35074],[78.39486,13.35433],[78.37764,13.36315],[78.37083,13.36151],[78.36967,13.35826],[78.36581,13.35865],[78.36508,13.3618],[78.36906,13.37319],[78.37878,13.38365],[78.38168,13.39698],[78.38075,13.41887],[78.3756,13.43738],[78.37897,13.44007],[78.37285,13.45214],[78.37456,13.46195],[78.37082,13.46952],[78.37879,13.48204],[78.37532,13.50895],[78.38552,13.51556],[78.38411,13.5249],[78.39364,13.54063],[78.39313,13.55256],[78.40667,13.57686],[78.40155,13.5785],[78.402,13.58797],[78.38429,13.59186],[78.34863,13.58687],[78.34657,13.5905],[78.32617,13.59484],[78.31496,13.59142],[78.27048,13.58815],[78.2586,13.58301],[78.23973,13.59739]]]}},{"type":"Feature","properties":{"id":"audit-koppal","district":"Koppal","districtName":{"en":"Koppal","kn":"ಕೊಪ್ಪಳ"},"lgdCode":543,"sourceObjectId":20},"geometry":{"type":"Polygon","coordinates":[[[76.05797,16.01159],[76.0566,16.00561],[76.05238,16.00575],[76.05212,16.00328],[76.02161,16.00918],[76.01768,16.00339],[76.01214,16.00213],[75.98964,16.00524],[75.98706,15.99595],[75.97371,15.98694],[75.97432,15.95242],[75.97765,15.95152],[75.97413,15.92252],[75.97529,15.89669],[75.97904,15.87333],[75.97364,15.86145],[75.96634,15.85919],[75.96342,15.86545],[75.94441,15.86693],[75.9415,15.8745],[75.92829,15.87564],[75.92707,15.89501],[75.91404,15.91241],[75.90169,15.92353],[75.90278,15.91819],[75.8915,15.91626],[75.87663,15.93211],[75.85319,15.93557],[75.83953,15.93094],[75.83651,15.92565],[75.82574,15.9271],[75.79074,15.92303],[75.78852,15.92502],[75.77616,15.91825],[75.77886,15.9075],[75.77353,15.90258],[75.77907,15.8974],[75.81033,15.8937],[75.81187,15.89992],[75.82733,15.90035],[75.82971,15.88677],[75.83523,15.8823],[75.82801,15.86652],[75.83822,15.86497],[75.84006,15.87182],[75.84873,15.87193],[75.84996,15.86046],[75.84627,15.83942],[75.87195,15.82914],[75.90777,15.80883],[75.92895,15.79093],[75.96095,15.78383],[75.96381,15.7946],[75.98445,15.80242],[75.98834,15.80156],[75.99059,15.78679],[75.99454,15.78071],[76.00984,15.78394],[76.01236,15.77961],[76.01893,15.77893],[76.01988,15.77569],[76.03362,15.77025],[76.03886,15.77083],[76.03948,15.76836],[76.04043,15.76316],[76.03473,15.75464],[76.03991,15.75384],[76.03728,15.73689],[76.04349,15.73654],[76.04506,15.72546],[76.04156,15.7183],[76.02319,15.70927],[76.01902,15.71499],[76.0049,15.71553],[76.0042,15.71161],[75.99282,15.70618],[75.98443,15.69377],[75.98369,15.68979],[75.98825,15.68817],[75.98427,15.68114],[75.98334,15.66724],[75.99009,15.66983],[75.995,15.6779],[76.01416,15.68018],[76.01613,15.67312],[76.01121,15.66236],[75.96799,15.66424],[75.967,15.67888],[75.96127,15.67588],[75.9436,15.67636],[75.94009,15.6824],[75.94033,15.69322],[75.92588,15.69232],[75.91542,15.6977],[75.92142,15.72611],[75.91037,15.7317],[75.91057,15.74443],[75.89739,15.75046],[75.89271,15.73841],[75.88308,15.73749],[75.89105,15.7284],[75.88694,15.71685],[75.87101,15.7144],[75.87104,15.67261],[75.88357,15.6716],[75.88746,15.66827],[75.88575,15.63373],[75.89469,15.63241],[75.89395,15.6254],[75.89837,15.62484],[75.8975,15.60708],[75.89459,15.60697],[75.89455,15.6033],[75.88215,15.60032],[75.88241,15.59704],[75.87913,15.59652],[75.87876,15.59913],[75.86682,15.59602],[75.8677,15.56072],[75.86024,15.51376],[75.85049,15.5158],[75.84946,15.51232],[75.83278,15.51007],[75.83134,15.50675],[75.8191,15.50786],[75.82403,15.49571],[75.81487,15.49548],[75.81574,15.48691],[75.80956,15.4867],[75.81289,15.46754],[75.81871,15.46858],[75.81923,15.45621],[75.82376,15.45173],[75.83652,15.44732],[75.83987,15.44273],[75.85893,15.44416],[75.85892,15.4239],[75.86535,15.42374],[75.86576,15.40782],[75.88439,15.40881],[75.90399,15.4029],[75.90121,15.37568],[75.90278,15.35439],[75.88737,15.35317],[75.89328,15.31857],[75.8899,15.31148],[75.88868,15.2904],[75.89921,15.2766],[75.89475,15.27333],[75.89999,15.24529],[75.90324,15.23941],[75.91171,15.2405],[75.92445,15.20586],[75.92471,15.18267],[75.94822,15.17307],[75.95165,15.13766],[75.96418,15.14177],[75.97848,15.15277],[75.99541,15.14674],[76.00608,15.14916],[76.02718,15.14276],[76.04332,15.14474],[76.05684,15.15696],[76.09372,15.16276],[76.10343,15.16838],[76.10577,15.18465],[76.1117,15.19862],[76.12504,15.20336],[76.15589,15.19583],[76.16019,15.20082],[76.15746,15.21013],[76.15986,15.21491],[76.18746,15.23502],[76.23116,15.2313],[76.23264,15.22776],[76.21777,15.2017],[76.21884,15.19659],[76.22966,15.18845],[76.249,15.19074],[76.25494,15.19707],[76.25715,15.20627],[76.26822,15.20661],[76.29133,15.22304],[76.29151,15.23223],[76.30093,15.24258],[76.30284,15.2557],[76.31967,15.2644],[76.33365,15.26363],[76.34053,15.27599],[76.35069,15.31042],[76.364,15.3284],[76.38891,15.33083],[76.40458,15.32568],[76.4318,15.33915],[76.4506,15.33923],[76.46025,15.34436],[76.47178,15.34438],[76.47715,15.34952],[76.49332,15.34497],[76.54863,15.3869],[76.55497,15.39666],[76.5718,15.40127],[76.59233,15.41302],[76.59607,15.42543],[76.61227,15.44283],[76.63989,15.44414],[76.66599,15.44984],[76.67136,15.45306],[76.68393,15.47175],[76.70899,15.48855],[76.72646,15.49257],[76.78012,15.49285],[76.79697,15.50106],[76.81154,15.5137],[76.81255,15.51689],[76.80785,15.52428],[76.81072,15.54744],[76.77836,15.55711],[76.75885,15.5669],[76.75347,15.58791],[76.73822,15.59279],[76.72129,15.5913],[76.70089,15.59449],[76.7003,15.59102],[76.68877,15.59584],[76.69081,15.60126],[76.68017,15.60662],[76.67957,15.61269],[76.6804,15.62704],[76.69356,15.62464],[76.69058,15.64817],[76.6702,15.6389],[76.67181,15.65822],[76.65343,15.6603],[76.65386,15.66571],[76.59945,15.67394],[76.59698,15.69963],[76.58604,15.69755],[76.56184,15.70567],[76.55298,15.69986],[76.54151,15.69872],[76.54433,15.70338],[76.53995,15.70414],[76.53564,15.70353],[76.5357,15.6989],[76.53187,15.69924],[76.52611,15.70746],[76.51752,15.71287],[76.5148,15.71037],[76.51465,15.71432],[76.51035,15.71674],[76.49149,15.70746],[76.49051,15.71338],[76.48489,15.71423],[76.48219,15.71922],[76.44723,15.73425],[76.44322,15.7382],[76.44742,15.74402],[76.43911,15.74995],[76.43949,15.78443],[76.43341,15.78702],[76.42217,15.78557],[76.42195,15.79092],[76.41514,15.79157],[76.41297,15.79673],[76.41321,15.80445],[76.42045,15.80533],[76.42229,15.81197],[76.43792,15.82472],[76.44218,15.82404],[76.45146,15.84592],[76.44785,15.85376],[76.43286,15.85829],[76.41818,15.86893],[76.42681,15.89031],[76.40374,15.89939],[76.40369,15.90206],[76.37509,15.90222],[76.37353,15.9174],[76.37001,15.9128],[76.35917,15.90969],[76.35345,15.90277],[76.35874,15.90139],[76.35882,15.88174],[76.35544,15.86459],[76.3512,15.86371],[76.33786,15.87177],[76.34521,15.88716],[76.34485,15.90048],[76.33387,15.90548],[76.32284,15.90312],[76.31598,15.90498],[76.31358,15.89471],[76.30561,15.89319],[76.30064,15.89566],[76.29073,15.89227],[76.28535,15.90271],[76.2761,15.90381],[76.27597,15.91047],[76.27157,15.90498],[76.26208,15.90667],[76.25689,15.92277],[76.22994,15.92322],[76.22655,15.94087],[76.20038,15.94381],[76.19966,15.93512],[76.18996,15.93168],[76.17233,15.9316],[76.17201,15.92467],[76.16052,15.92122],[76.15397,15.91481],[76.14524,15.89531],[76.12536,15.89367],[76.11723,15.88634],[76.10301,15.89391],[76.10117,15.90055],[76.07059,15.90265],[76.05817,15.90737],[76.06272,15.91547],[76.07259,15.96525],[76.08446,15.99615],[76.07878,16.01079],[76.05797,16.01159]]]}},{"type":"Feature","properties":{"id":"audit-mandya","district":"Mandya","districtName":{"en":"Mandya","kn":"ಮಂಡ್ಯ"},"lgdCode":544,"sourceObjectId":21},"geometry":{"type":"MultiPolygon","coordinates":[[[[76.97613,12.25438],[76.98236,12.25452],[76.98574,12.26062],[76.98199,12.27023],[76.96957,12.27498],[76.96909,12.25857],[76.97205,12.25339],[76.97613,12.25438]]],[[[76.91721,12.38181],[76.91116,12.38346],[76.90996,12.37488],[76.89896,12.37372],[76.89828,12.3567],[76.90945,12.356],[76.91102,12.35207],[76.91366,12.35797],[76.92011,12.35906],[76.91753,12.36728],[76.92219,12.3736],[76.9229,12.38208],[76.91721,12.38181]]],[[[76.68323,13.04568],[76.67279,13.05534],[76.65758,13.01326],[76.65256,13.00726],[76.64073,13.00949],[76.63224,13.00417],[76.62983,12.99429],[76.63376,12.984],[76.63119,12.98157],[76.63176,12.97336],[76.62215,12.96581],[76.61182,12.96529],[76.61198,12.95891],[76.61745,12.95509],[76.61621,12.93711],[76.606,12.93858],[76.60314,12.92295],[76.59653,12.92115],[76.59955,12.90467],[76.59104,12.89085],[76.59649,12.88094],[76.57911,12.87314],[76.5752,12.86592],[76.57772,12.84693],[76.55407,12.84533],[76.54663,12.84018],[76.53552,12.84425],[76.52053,12.84136],[76.51828,12.82634],[76.5029,12.82195],[76.49011,12.80643],[76.49436,12.8027],[76.49059,12.78857],[76.49978,12.7803],[76.4994,12.77231],[76.49285,12.76723],[76.48961,12.78576],[76.47817,12.78063],[76.47812,12.7728],[76.47479,12.77169],[76.45504,12.78102],[76.45757,12.78884],[76.46832,12.7935],[76.47139,12.79873],[76.46429,12.80602],[76.46246,12.80296],[76.45798,12.80447],[76.44608,12.81889],[76.44593,12.82333],[76.42532,12.82498],[76.42014,12.84171],[76.42127,12.84532],[76.42516,12.8454],[76.42532,12.85792],[76.41764,12.8582],[76.41357,12.86443],[76.4072,12.865],[76.40853,12.84402],[76.39694,12.8475],[76.38617,12.84512],[76.38771,12.84146],[76.38288,12.83111],[76.36945,12.82864],[76.36696,12.8243],[76.37082,12.81427],[76.36829,12.80904],[76.33443,12.81254],[76.32992,12.80756],[76.33477,12.78719],[76.3496,12.78558],[76.34962,12.77087],[76.34325,12.76698],[76.34252,12.76167],[76.35709,12.75003],[76.35528,12.74384],[76.34408,12.7423],[76.34567,12.73754],[76.34131,12.73204],[76.3479,12.716],[76.35493,12.71088],[76.36152,12.71183],[76.36284,12.70594],[76.36003,12.68687],[76.35374,12.68521],[76.35288,12.66796],[76.34749,12.66795],[76.34198,12.65568],[76.35161,12.65071],[76.35219,12.63973],[76.36258,12.6286],[76.36348,12.60767],[76.36995,12.60613],[76.37675,12.57657],[76.39615,12.57332],[76.39743,12.56903],[76.38886,12.56052],[76.39085,12.55184],[76.40296,12.55296],[76.41129,12.55788],[76.41478,12.54855],[76.42766,12.54226],[76.42276,12.53257],[76.43551,12.52163],[76.43812,12.51098],[76.44277,12.50649],[76.44929,12.50905],[76.45216,12.50538],[76.44884,12.49734],[76.45174,12.4836],[76.46395,12.47562],[76.48841,12.46782],[76.50191,12.45147],[76.51038,12.45334],[76.53177,12.44165],[76.54807,12.4397],[76.56733,12.42595],[76.56535,12.39909],[76.55829,12.40007],[76.55505,12.39188],[76.55923,12.38996],[76.56029,12.38375],[76.56623,12.38173],[76.56016,12.36473],[76.56477,12.35148],[76.57563,12.34832],[76.59203,12.35595],[76.59009,12.36159],[76.59499,12.36567],[76.62201,12.36756],[76.62688,12.37786],[76.64077,12.38489],[76.64347,12.39516],[76.64858,12.39692],[76.65508,12.39564],[76.66308,12.38668],[76.68278,12.39107],[76.68137,12.38644],[76.68615,12.38238],[76.68187,12.36686],[76.69016,12.36452],[76.70019,12.35059],[76.71897,12.35656],[76.71767,12.3516],[76.73053,12.34252],[76.73166,12.31649],[76.73707,12.32113],[76.74342,12.31817],[76.74488,12.31049],[76.75399,12.30212],[76.75905,12.30387],[76.76388,12.31173],[76.76174,12.34127],[76.76568,12.3504],[76.7778,12.35235],[76.78146,12.35149],[76.78236,12.34672],[76.78976,12.34706],[76.79526,12.35464],[76.80282,12.35503],[76.80281,12.36736],[76.80658,12.35991],[76.81142,12.36293],[76.8147,12.38698],[76.82815,12.38859],[76.83324,12.38452],[76.83422,12.39585],[76.83021,12.40028],[76.8324,12.40252],[76.8483,12.40321],[76.85437,12.40867],[76.86166,12.40626],[76.86197,12.39974],[76.87759,12.39974],[76.88077,12.40051],[76.88093,12.40516],[76.90028,12.40887],[76.90012,12.41978],[76.90636,12.42245],[76.90345,12.42676],[76.90492,12.43668],[76.92242,12.4418],[76.92778,12.42943],[76.92445,12.42105],[76.93766,12.40034],[76.93901,12.3526],[76.92422,12.35312],[76.92532,12.34412],[76.93189,12.33817],[76.92758,12.32575],[76.92192,12.32165],[76.94802,12.33043],[76.95766,12.32691],[76.95953,12.33651],[76.95634,12.35233],[76.95893,12.35566],[76.97688,12.35275],[76.97683,12.32771],[76.98166,12.327],[76.98657,12.33345],[76.98716,12.31942],[76.99136,12.31363],[76.99793,12.31305],[76.99301,12.30058],[76.97697,12.30711],[76.97167,12.29031],[76.982,12.28561],[76.99073,12.28698],[76.98959,12.25611],[76.9938,12.25181],[76.99528,12.24217],[77.01318,12.24411],[77.03625,12.23223],[77.04715,12.23367],[77.04995,12.2386],[77.05558,12.23891],[77.06462,12.23289],[77.06931,12.237],[77.07874,12.23649],[77.07785,12.22125],[77.08108,12.22314],[77.08834,12.21791],[77.10617,12.22055],[77.10852,12.2408],[77.12406,12.24268],[77.12965,12.24866],[77.14492,12.24985],[77.15203,12.25602],[77.17004,12.25976],[77.16462,12.28084],[77.16999,12.28503],[77.16678,12.31018],[77.21762,12.30861],[77.22513,12.30337],[77.23681,12.31021],[77.24888,12.30832],[77.26796,12.31406],[77.30275,12.2987],[77.3253,12.30795],[77.32269,12.31274],[77.32507,12.32647],[77.3338,12.35418],[77.33057,12.36213],[77.31337,12.39237],[77.28593,12.39307],[77.28172,12.40924],[77.28407,12.40919],[77.28179,12.42081],[77.28598,12.42084],[77.28521,12.42868],[77.27333,12.42955],[77.27004,12.43398],[77.27479,12.43963],[77.26915,12.4648],[77.26432,12.46162],[77.25761,12.4635],[77.25422,12.47032],[77.24517,12.46796],[77.23619,12.47],[77.23517,12.48342],[77.22979,12.48367],[77.22546,12.47443],[77.2258,12.48948],[77.23596,12.48633],[77.2386,12.4894],[77.23781,12.4999],[77.22409,12.50258],[77.22224,12.49154],[77.21655,12.49224],[77.21327,12.48507],[77.2058,12.48519],[77.20591,12.49056],[77.20016,12.49054],[77.19783,12.48325],[77.17819,12.47932],[77.16812,12.48527],[77.16476,12.47503],[77.15777,12.4755],[77.14719,12.46204],[77.13797,12.4662],[77.13304,12.4792],[77.12538,12.48024],[77.12391,12.4844],[77.13062,12.4977],[77.1317,12.51865],[77.12504,12.52328],[77.12729,12.5318],[77.12529,12.53541],[77.11454,12.54301],[77.11448,12.55332],[77.12005,12.55561],[77.1278,12.55335],[77.12848,12.56995],[77.11694,12.58197],[77.1081,12.60842],[77.11104,12.61617],[77.1225,12.61949],[77.12236,12.62365],[77.11672,12.62871],[77.10466,12.62766],[77.10037,12.63049],[77.09752,12.67551],[77.08029,12.67623],[77.07368,12.68069],[77.07569,12.68489],[77.07285,12.68949],[77.07281,12.70418],[77.08376,12.74122],[77.08052,12.74645],[77.0767,12.74554],[77.06736,12.75831],[77.04887,12.74742],[77.04362,12.77807],[77.03447,12.76883],[77.02589,12.76672],[77.02524,12.76312],[77.00918,12.76431],[77.0064,12.77272],[77.00962,12.78243],[76.99827,12.77591],[76.98337,12.79296],[76.97565,12.79101],[76.97307,12.80354],[76.95632,12.80411],[76.95067,12.80154],[76.9413,12.80561],[76.93285,12.80048],[76.92455,12.804],[76.91884,12.81796],[76.90578,12.82835],[76.90018,12.84479],[76.89227,12.8471],[76.89446,12.8739],[76.88915,12.89742],[76.87317,12.89711],[76.86548,12.90499],[76.86719,12.91863],[76.89621,12.92049],[76.89149,12.9326],[76.88439,12.93511],[76.86261,12.92789],[76.86246,12.93466],[76.84968,12.93833],[76.84868,12.94409],[76.8396,12.94581],[76.84178,12.95636],[76.83968,12.97348],[76.85047,12.97345],[76.85288,12.97865],[76.82746,12.99875],[76.82965,13.0022],[76.81984,13.00502],[76.81469,13.01371],[76.78584,13.01526],[76.78311,13.0294],[76.77167,13.03436],[76.72528,13.04124],[76.7021,13.04146],[76.69352,13.03671],[76.68323,13.04568]]]]}},{"type":"Feature","properties":{"id":"audit-mysuru","district":"Mysuru","districtName":{"en":"Mysuru","kn":"ಮೈಸೂರು"},"lgdCode":545,"sourceObjectId":22},"geometry":{"type":"Polygon","coordinates":[[[76.36356,12.61098],[76.36258,12.6286],[76.35219,12.63973],[76.35161,12.65071],[76.34198,12.65568],[76.33809,12.65322],[76.3381,12.64645],[76.33242,12.64467],[76.32349,12.63506],[76.32842,12.62665],[76.32659,12.61094],[76.30632,12.61039],[76.30977,12.62247],[76.30517,12.62508],[76.30147,12.62193],[76.30034,12.62915],[76.29255,12.62629],[76.29059,12.61656],[76.28027,12.61665],[76.27929,12.62543],[76.28214,12.62978],[76.27982,12.63371],[76.26542,12.62885],[76.26733,12.6232],[76.26493,12.61929],[76.25747,12.62219],[76.25455,12.62028],[76.25333,12.62376],[76.24578,12.62593],[76.24569,12.63695],[76.2319,12.64354],[76.21913,12.64427],[76.20936,12.63678],[76.20573,12.62896],[76.21345,12.62791],[76.21543,12.62166],[76.21229,12.61663],[76.20544,12.61688],[76.19199,12.59411],[76.1965,12.5773],[76.1837,12.57736],[76.18207,12.57495],[76.16853,12.58043],[76.15237,12.57957],[76.14807,12.56622],[76.15773,12.56279],[76.14968,12.54927],[76.15132,12.54715],[76.14261,12.54522],[76.14089,12.53662],[76.13442,12.53698],[76.13335,12.52874],[76.11418,12.52695],[76.11891,12.51876],[76.11532,12.51282],[76.11189,12.51244],[76.11002,12.51799],[76.10607,12.51734],[76.10317,12.52191],[76.10325,12.52908],[76.09941,12.52807],[76.09726,12.53256],[76.08616,12.5388],[76.09065,12.54564],[76.08549,12.54372],[76.07448,12.55007],[76.07105,12.54922],[76.07058,12.55585],[76.06754,12.55727],[76.05207,12.5542],[76.04556,12.57696],[76.03422,12.57346],[76.03148,12.57633],[76.02173,12.57687],[76.01881,12.56691],[76.01184,12.56077],[76.01246,12.5542],[75.99645,12.56263],[75.99126,12.56145],[75.99087,12.55613],[75.998,12.55135],[75.9989,12.54742],[75.99492,12.54104],[75.98667,12.54505],[75.9834,12.54043],[75.99344,12.52964],[75.99394,12.5221],[75.97665,12.52063],[75.97253,12.51185],[75.96413,12.50927],[75.96162,12.5054],[75.95816,12.48986],[75.96056,12.48434],[75.96643,12.48313],[75.96405,12.47427],[75.97161,12.47083],[75.96694,12.46451],[75.97118,12.44938],[75.96652,12.44728],[75.96043,12.45145],[75.94899,12.44994],[75.92905,12.43951],[75.92217,12.42953],[75.922,12.42054],[75.90868,12.39946],[75.91313,12.38558],[75.91618,12.3883],[75.93232,12.38229],[75.96049,12.34387],[75.97047,12.34557],[75.98172,12.34245],[76.00109,12.33055],[75.99473,12.31738],[75.99909,12.30739],[76.00466,12.30537],[76.01452,12.29225],[76.01746,12.27226],[76.01477,12.2711],[76.0151,12.26667],[76.02468,12.24882],[76.0254,12.25126],[76.04025,12.25261],[76.05187,12.24638],[76.06224,12.24905],[76.07381,12.24009],[76.0745,12.2341],[76.08402,12.22032],[76.09318,12.21366],[76.10187,12.19721],[76.11875,12.19066],[76.12925,12.19484],[76.13315,12.19155],[76.1442,12.15454],[76.17094,12.11874],[76.17189,12.10625],[76.17659,12.09937],[76.17578,12.07611],[76.18926,12.05004],[76.18278,12.03234],[76.15204,12.01937],[76.12829,11.98568],[76.11236,11.97861],[76.11302,11.85845],[76.11785,11.85719],[76.12015,11.85034],[76.13229,11.85387],[76.14608,11.867],[76.15603,11.87014],[76.16481,11.86757],[76.1735,11.87121],[76.19039,11.87121],[76.20747,11.86154],[76.21026,11.84422],[76.21311,11.84262],[76.20989,11.82817],[76.21709,11.82157],[76.21821,11.81436],[76.22372,11.8082],[76.24558,11.80293],[76.25964,11.80869],[76.28022,11.81161],[76.29024,11.79283],[76.3077,11.78422],[76.31727,11.75213],[76.32915,11.74828],[76.33974,11.739],[76.35222,11.73819],[76.36282,11.74837],[76.37699,11.74454],[76.39129,11.75477],[76.39864,11.75081],[76.41426,11.7588],[76.4229,11.77625],[76.41417,11.77873],[76.41636,11.78493],[76.41301,11.78794],[76.42171,11.78999],[76.42143,11.79559],[76.42664,11.79333],[76.42873,11.79547],[76.42433,11.80462],[76.42078,11.80285],[76.40992,11.81123],[76.44938,11.79946],[76.4622,11.79264],[76.46884,11.81912],[76.49279,11.82208],[76.48825,11.84339],[76.49115,11.86102],[76.50285,11.86155],[76.53467,11.87322],[76.55367,11.85863],[76.55699,11.89469],[76.56199,11.904],[76.57018,11.90786],[76.5766,11.92352],[76.5703,11.92807],[76.57128,11.94012],[76.55747,11.94887],[76.57429,11.9684],[76.57825,11.98825],[76.58654,11.98547],[76.59207,11.9873],[76.59598,11.98431],[76.60516,11.99036],[76.61336,11.99156],[76.63188,11.98356],[76.64278,11.98282],[76.65112,12.00791],[76.67193,12.00602],[76.67332,12.00203],[76.68049,12.00052],[76.69458,12.00042],[76.7015,11.99782],[76.70513,11.98508],[76.71725,11.98493],[76.7192,11.9907],[76.72942,11.99054],[76.73276,12.00247],[76.74092,12.00927],[76.74623,12.00834],[76.74581,12.00244],[76.75115,11.99989],[76.76666,11.99917],[76.76847,11.99187],[76.78059,11.98774],[76.77988,11.98525],[76.79368,11.98627],[76.79362,11.98885],[76.79722,11.98893],[76.79766,11.9986],[76.79539,12.00481],[76.79168,12.00549],[76.79206,12.01071],[76.79916,12.01741],[76.81064,12.02171],[76.8117,12.02683],[76.82031,12.02723],[76.8213,12.01083],[76.83741,12.00359],[76.83646,11.99978],[76.85659,11.99954],[76.85825,12.00759],[76.87301,12.00545],[76.8831,12.01544],[76.88588,12.00124],[76.90422,11.99898],[76.92367,12.01306],[76.9361,12.0131],[76.93884,12.02624],[76.91506,12.02588],[76.91006,12.04108],[76.90231,12.04481],[76.89933,12.04323],[76.90067,12.04649],[76.8905,12.04899],[76.89069,12.05821],[76.86992,12.0553],[76.86831,12.05973],[76.85345,12.05981],[76.85405,12.06218],[76.87004,12.06309],[76.87411,12.07565],[76.88414,12.08254],[76.87667,12.11518],[76.84768,12.11872],[76.84575,12.11316],[76.84495,12.11926],[76.83155,12.13187],[76.83105,12.13535],[76.84106,12.14541],[76.84075,12.15606],[76.85347,12.15944],[76.84556,12.16742],[76.85321,12.17035],[76.85201,12.17926],[76.86261,12.1803],[76.86563,12.1745],[76.87137,12.17396],[76.8678,12.16178],[76.87138,12.14127],[76.88196,12.12949],[76.89025,12.13083],[76.89094,12.12107],[76.90261,12.12264],[76.90268,12.11627],[76.90632,12.11331],[76.92358,12.11412],[76.93723,12.10117],[76.94881,12.09742],[76.97042,12.11254],[76.96939,12.12288],[76.97586,12.12267],[76.97624,12.13426],[76.98912,12.14044],[76.99002,12.17469],[76.99867,12.17714],[76.99748,12.16696],[77.0025,12.16543],[77.00388,12.15987],[77.01425,12.16323],[77.01122,12.15357],[77.01298,12.13733],[77.01603,12.13375],[77.03699,12.13919],[77.0398,12.1283],[77.04573,12.13604],[77.04433,12.14205],[77.04087,12.13967],[77.03953,12.14185],[77.03925,12.14722],[77.04589,12.1608],[77.04471,12.16918],[77.06143,12.17095],[77.0846,12.19102],[77.1074,12.18979],[77.12231,12.19717],[77.13191,12.20724],[77.13428,12.22663],[77.12567,12.23507],[77.12406,12.24268],[77.10842,12.24072],[77.10617,12.22055],[77.08834,12.21791],[77.08108,12.22314],[77.07785,12.22125],[77.07874,12.23649],[77.06931,12.237],[77.06462,12.23289],[77.05558,12.23891],[77.04995,12.2386],[77.04715,12.23367],[77.03625,12.23223],[77.01318,12.24411],[76.99528,12.24217],[76.9938,12.25181],[76.98959,12.25611],[76.99073,12.28698],[76.982,12.28561],[76.97167,12.29031],[76.97697,12.30711],[76.99301,12.30058],[76.99793,12.31305],[76.99136,12.31363],[76.98716,12.31942],[76.98657,12.33345],[76.98166,12.327],[76.97683,12.32771],[76.97688,12.35275],[76.95893,12.35566],[76.95634,12.35233],[76.95953,12.33651],[76.95766,12.32691],[76.94802,12.33043],[76.92192,12.32165],[76.92758,12.32575],[76.93189,12.33817],[76.92532,12.34412],[76.92422,12.35312],[76.93901,12.3526],[76.93766,12.40034],[76.92445,12.42105],[76.92778,12.42943],[76.92242,12.4418],[76.90492,12.43668],[76.90345,12.42676],[76.90636,12.42245],[76.90012,12.41978],[76.90028,12.40887],[76.88093,12.40516],[76.88077,12.40051],[76.87759,12.39974],[76.86197,12.39974],[76.86166,12.40626],[76.85437,12.40867],[76.8483,12.40321],[76.8324,12.40252],[76.83021,12.40028],[76.83422,12.39585],[76.83324,12.38452],[76.82815,12.38859],[76.8147,12.38698],[76.81142,12.36293],[76.80658,12.35991],[76.80281,12.36736],[76.80282,12.35503],[76.79526,12.35464],[76.78976,12.34706],[76.78236,12.34672],[76.78146,12.35149],[76.7778,12.35235],[76.76568,12.3504],[76.76174,12.34127],[76.76388,12.31173],[76.75905,12.30387],[76.75399,12.30212],[76.74488,12.31049],[76.74342,12.31817],[76.73707,12.32113],[76.73166,12.31649],[76.73053,12.34252],[76.71767,12.3516],[76.71897,12.35656],[76.70019,12.35059],[76.69016,12.36452],[76.68187,12.36686],[76.68615,12.38238],[76.68137,12.38644],[76.68278,12.39107],[76.66308,12.38668],[76.65508,12.39564],[76.64347,12.39516],[76.64077,12.38489],[76.62688,12.37786],[76.62201,12.36756],[76.59499,12.36567],[76.59009,12.36159],[76.59203,12.35595],[76.57412,12.34791],[76.56607,12.35065],[76.56016,12.36473],[76.56623,12.38173],[76.56029,12.38375],[76.55923,12.38996],[76.55505,12.39188],[76.55829,12.40007],[76.56535,12.39909],[76.56733,12.42595],[76.54807,12.4397],[76.53177,12.44165],[76.51038,12.45334],[76.50191,12.45147],[76.48841,12.46782],[76.46395,12.47562],[76.45174,12.4836],[76.44884,12.49734],[76.45216,12.50538],[76.44929,12.50905],[76.44277,12.50649],[76.43812,12.51098],[76.43551,12.52163],[76.42276,12.53257],[76.42766,12.54226],[76.41478,12.54855],[76.41129,12.55788],[76.40296,12.55296],[76.39027,12.55228],[76.38886,12.56052],[76.39743,12.56903],[76.39615,12.57332],[76.37675,12.57657],[76.36995,12.60613],[76.36348,12.60767],[76.36356,12.61098]],[[76.97312,12.2529],[76.96909,12.25857],[76.96957,12.27498],[76.98199,12.27023],[76.98574,12.26062],[76.98236,12.25452],[76.97312,12.2529]],[[76.91319,12.3526],[76.90927,12.35202],[76.90945,12.356],[76.89828,12.3567],[76.89896,12.37372],[76.90996,12.37488],[76.91116,12.38346],[76.9229,12.38208],[76.92219,12.3736],[76.91753,12.36728],[76.92011,12.35906],[76.91366,12.35797],[76.91319,12.3526]]]}},{"type":"Feature","properties":{"id":"audit-raichur","district":"Raichur","districtName":{"en":"Raichur","kn":"ರಾಯಚೂರು"},"lgdCode":546,"sourceObjectId":23},"geometry":{"type":"Polygon","coordinates":[[[76.98522,16.56205],[76.97407,16.55898],[76.96926,16.55148],[76.96965,16.53441],[76.97656,16.51665],[76.97133,16.50375],[76.9412,16.49962],[76.91183,16.48489],[76.88225,16.49238],[76.86985,16.4893],[76.86322,16.48257],[76.86471,16.45683],[76.85445,16.44129],[76.84101,16.43044],[76.78549,16.41776],[76.76079,16.42864],[76.75044,16.42044],[76.74427,16.40956],[76.70159,16.39226],[76.66593,16.37355],[76.65024,16.36097],[76.63226,16.35606],[76.61125,16.34161],[76.59011,16.33874],[76.58327,16.33142],[76.56816,16.32988],[76.51781,16.30223],[76.49145,16.29835],[76.47823,16.29215],[76.46722,16.28201],[76.41664,16.25299],[76.41451,16.25052],[76.41914,16.24905],[76.41577,16.2455],[76.39766,16.23655],[76.38602,16.22534],[76.36871,16.21797],[76.36131,16.2073],[76.35573,16.20628],[76.3514,16.20054],[76.32176,16.1898],[76.3158,16.19097],[76.29817,16.18548],[76.28817,16.15923],[76.28052,16.15267],[76.26848,16.15272],[76.24053,16.16686],[76.23667,16.15584],[76.23416,16.13071],[76.24648,16.12811],[76.24413,16.11368],[76.25418,16.11023],[76.25253,16.1051],[76.25546,16.09707],[76.26184,16.09681],[76.2678,16.10971],[76.33228,16.09195],[76.32796,16.07752],[76.30053,16.08395],[76.29381,16.08839],[76.25814,16.09045],[76.25724,16.08842],[76.25881,16.07399],[76.3032,16.07345],[76.30586,16.06337],[76.30292,16.03822],[76.31136,16.01291],[76.31189,16.00011],[76.29791,15.99905],[76.29803,15.98953],[76.30944,15.95724],[76.32269,15.95597],[76.32897,15.9348],[76.32849,15.93226],[76.31324,15.92939],[76.31205,15.92262],[76.30233,15.92359],[76.3018,15.93063],[76.28528,15.92896],[76.28535,15.90271],[76.28979,15.89277],[76.30099,15.89569],[76.30561,15.89319],[76.31358,15.89471],[76.31598,15.90498],[76.32284,15.90312],[76.33387,15.90548],[76.34485,15.90048],[76.34521,15.88716],[76.33786,15.87177],[76.3512,15.86371],[76.35544,15.86459],[76.35882,15.88174],[76.35874,15.90139],[76.35345,15.90277],[76.35917,15.90969],[76.37001,15.9128],[76.37353,15.9174],[76.37509,15.90222],[76.40369,15.90206],[76.40374,15.89939],[76.42681,15.89031],[76.41818,15.86893],[76.43286,15.85829],[76.44785,15.85376],[76.45146,15.84592],[76.44218,15.82404],[76.43792,15.82472],[76.42229,15.81197],[76.42045,15.80533],[76.41321,15.80445],[76.41297,15.79673],[76.41514,15.79157],[76.42195,15.79092],[76.42217,15.78557],[76.43341,15.78702],[76.43949,15.78443],[76.43911,15.74995],[76.44742,15.74402],[76.44322,15.7382],[76.44723,15.73425],[76.48219,15.71922],[76.48489,15.71423],[76.49051,15.71338],[76.49149,15.70746],[76.51035,15.71674],[76.51465,15.71432],[76.5148,15.71037],[76.51752,15.71287],[76.52611,15.70746],[76.53187,15.69924],[76.5357,15.6989],[76.53564,15.70353],[76.53995,15.70414],[76.54433,15.70338],[76.54151,15.69872],[76.55298,15.69986],[76.56184,15.70567],[76.58604,15.69755],[76.59698,15.69963],[76.59945,15.67394],[76.65386,15.66571],[76.65343,15.6603],[76.67181,15.65822],[76.6702,15.6389],[76.69058,15.64817],[76.69356,15.62464],[76.6804,15.62704],[76.67957,15.61269],[76.68017,15.60662],[76.69081,15.60126],[76.68877,15.59584],[76.7003,15.59102],[76.70089,15.59449],[76.74893,15.58985],[76.75439,15.58686],[76.75583,15.57091],[76.75885,15.5669],[76.77836,15.55711],[76.81072,15.54744],[76.83467,15.56431],[76.83222,15.59572],[76.83644,15.60262],[76.83238,15.61828],[76.8343,15.62778],[76.85762,15.6424],[76.8616,15.65389],[76.88086,15.67132],[76.88942,15.68485],[76.90678,15.69035],[76.91688,15.69966],[76.92227,15.7281],[76.94283,15.76188],[76.96699,15.77427],[76.99876,15.81119],[77.01598,15.82216],[77.0228,15.83124],[77.03369,15.85889],[77.05589,15.88154],[77.07103,15.90883],[77.10255,15.92872],[77.13585,15.93758],[77.14314,15.9447],[77.15507,15.95003],[77.17409,15.95077],[77.18529,15.95674],[77.23547,15.95714],[77.24887,15.96456],[77.28468,15.95381],[77.30107,15.958],[77.32406,15.95016],[77.36125,15.94942],[77.37948,15.9398],[77.39769,15.94448],[77.41434,15.94203],[77.4296,15.94906],[77.466,15.9345],[77.49874,15.93318],[77.51344,15.92679],[77.51981,15.96691],[77.5164,15.96736],[77.50955,15.9804],[77.51405,16.00808],[77.50441,16.01133],[77.50434,16.01821],[77.494,16.03699],[77.49946,16.05372],[77.49651,16.05504],[77.49944,16.06102],[77.50261,16.05881],[77.50688,16.07964],[77.49366,16.08634],[77.50093,16.10619],[77.51328,16.10802],[77.50022,16.12059],[77.48979,16.11962],[77.49068,16.15958],[77.48615,16.16298],[77.49132,16.18453],[77.49949,16.19856],[77.49818,16.20956],[77.50115,16.22172],[77.51499,16.22196],[77.51566,16.22779],[77.51317,16.23085],[77.50356,16.23094],[77.49506,16.22712],[77.49234,16.2293],[77.49007,16.25518],[77.5024,16.26306],[77.50481,16.2758],[77.52187,16.27803],[77.5296,16.27548],[77.5369,16.2668],[77.54082,16.28546],[77.54508,16.29171],[77.56321,16.30164],[77.56888,16.3036],[77.582,16.29134],[77.59781,16.29311],[77.59202,16.30217],[77.59538,16.31812],[77.58803,16.33337],[77.59524,16.33963],[77.59484,16.34318],[77.57339,16.34074],[77.555,16.34877],[77.54604,16.35693],[77.53192,16.3633],[77.52267,16.37614],[77.51437,16.37497],[77.48931,16.38499],[77.44164,16.38092],[77.42593,16.36761],[77.41144,16.36745],[77.37866,16.38541],[77.34971,16.38363],[77.33458,16.39488],[77.3116,16.39871],[77.29713,16.40703],[77.28821,16.4087],[77.26346,16.40423],[77.24287,16.41759],[77.1739,16.43232],[77.1622,16.44526],[77.16507,16.45092],[77.16411,16.46016],[77.15606,16.47265],[77.14301,16.47993],[77.1228,16.48166],[77.09766,16.49373],[77.09215,16.49345],[77.08696,16.49898],[77.06873,16.50757],[77.05764,16.51978],[77.04397,16.5183],[77.02558,16.5016],[77.01322,16.49958],[77.00513,16.51729],[77.00938,16.54565],[76.99889,16.55749],[76.98522,16.56205]]]}},{"type":"Feature","properties":{"id":"audit-ramanagara","district":"Ramanagara","districtName":{"en":"Ramanagara","kn":"ರಾಮನಗರ"},"lgdCode":631,"sourceObjectId":24},"geometry":{"type":"Polygon","coordinates":[[[77.16606,13.19558],[77.15528,13.19314],[77.14782,13.17399],[77.14262,13.17393],[77.13853,13.17817],[77.13115,13.16626],[77.11885,13.16208],[77.1201,13.14935],[77.11551,13.14256],[77.1183,13.1369],[77.11612,13.13003],[77.10788,13.13327],[77.10811,13.14263],[77.09593,13.14582],[77.09201,13.13564],[77.08514,13.13643],[77.0797,13.13116],[77.07192,13.13085],[77.07032,13.12085],[77.08079,13.09026],[77.07584,13.07226],[77.06822,13.06798],[77.07335,13.06661],[77.07332,13.0608],[77.07709,13.06097],[77.07738,13.05814],[77.06978,13.04019],[77.08221,13.03846],[77.09437,13.02666],[77.11826,13.01464],[77.11687,13.00985],[77.10265,13.0062],[77.0981,12.99934],[77.10551,12.99266],[77.10658,12.9965],[77.12948,12.99555],[77.12451,13.00624],[77.13437,13.00535],[77.1381,12.99885],[77.13569,12.99568],[77.14484,12.98765],[77.14184,12.98372],[77.13277,12.98639],[77.12984,12.97789],[77.14285,12.96449],[77.15735,12.95816],[77.15653,12.94255],[77.16542,12.92905],[77.15813,12.9134],[77.13989,12.9182],[77.13634,12.9014],[77.13263,12.89802],[77.12478,12.90213],[77.12448,12.89905],[77.10699,12.89441],[77.1187,12.88404],[77.12319,12.88796],[77.13144,12.88814],[77.13087,12.87799],[77.13422,12.87728],[77.13115,12.85921],[77.13603,12.86015],[77.13456,12.85599],[77.13722,12.85301],[77.14915,12.84863],[77.14941,12.83044],[77.15883,12.82742],[77.14752,12.81978],[77.14193,12.82027],[77.13917,12.81004],[77.15091,12.79195],[77.14522,12.7816],[77.13667,12.78373],[77.12255,12.77362],[77.10753,12.78026],[77.0975,12.77626],[77.09157,12.76084],[77.09261,12.75267],[77.08724,12.75277],[77.08013,12.75908],[77.07911,12.74876],[77.08376,12.74122],[77.0726,12.70235],[77.07333,12.68661],[77.07569,12.68489],[77.07368,12.68069],[77.08029,12.67623],[77.09922,12.67332],[77.10037,12.63049],[77.10466,12.62766],[77.11672,12.62871],[77.12236,12.62365],[77.1225,12.61949],[77.11104,12.61617],[77.1081,12.60842],[77.11694,12.58197],[77.12848,12.56995],[77.1278,12.55335],[77.12005,12.55561],[77.11448,12.55332],[77.11454,12.54301],[77.12529,12.53541],[77.12729,12.5318],[77.12504,12.52328],[77.1317,12.51865],[77.13062,12.4977],[77.12396,12.48407],[77.12538,12.48024],[77.13304,12.4792],[77.13978,12.46446],[77.14719,12.46204],[77.15777,12.4755],[77.16476,12.47503],[77.16812,12.48527],[77.17819,12.47932],[77.19783,12.48325],[77.20016,12.49054],[77.20591,12.49056],[77.2058,12.48519],[77.21327,12.48507],[77.21655,12.49224],[77.22224,12.49154],[77.22409,12.50258],[77.23781,12.4999],[77.2386,12.4894],[77.23596,12.48633],[77.2258,12.48948],[77.22546,12.47443],[77.22979,12.48367],[77.23517,12.48342],[77.23619,12.47],[77.24517,12.46796],[77.25422,12.47032],[77.25761,12.4635],[77.26432,12.46162],[77.26915,12.4648],[77.27479,12.43963],[77.27004,12.43398],[77.27333,12.42955],[77.28521,12.42868],[77.28598,12.42084],[77.28179,12.42081],[77.28407,12.40919],[77.28172,12.40924],[77.28593,12.39307],[77.31337,12.39237],[77.33057,12.36213],[77.3338,12.35418],[77.32269,12.31274],[77.34139,12.28267],[77.34889,12.27891],[77.36548,12.28388],[77.40348,12.27943],[77.42264,12.28954],[77.4314,12.28655],[77.43777,12.27925],[77.44704,12.26226],[77.44832,12.25001],[77.46031,12.24887],[77.46611,12.24372],[77.47112,12.24351],[77.47352,12.25561],[77.4782,12.25921],[77.47906,12.27127],[77.4876,12.2805],[77.49328,12.27887],[77.49998,12.28257],[77.50838,12.276],[77.51402,12.27538],[77.52712,12.27871],[77.53284,12.29146],[77.55134,12.29121],[77.55791,12.30573],[77.566,12.30624],[77.57857,12.33567],[77.59154,12.34014],[77.60091,12.3585],[77.6145,12.3625],[77.62058,12.38301],[77.62333,12.41226],[77.62962,12.41832],[77.62608,12.43076],[77.62915,12.44635],[77.62717,12.45845],[77.63076,12.47027],[77.63314,12.47045],[77.63443,12.48817],[77.62609,12.49631],[77.60742,12.47512],[77.59569,12.4748],[77.58368,12.4788],[77.6024,12.49715],[77.61507,12.50416],[77.61633,12.50918],[77.61242,12.51494],[77.5872,12.51475],[77.5864,12.54572],[77.58035,12.55159],[77.57934,12.57309],[77.5838,12.57588],[77.58932,12.59268],[77.59142,12.59209],[77.59264,12.61935],[77.60602,12.628],[77.60474,12.63759],[77.59612,12.65028],[77.59517,12.66723],[77.60554,12.69222],[77.61318,12.69925],[77.61544,12.70917],[77.59414,12.72208],[77.56743,12.70109],[77.55937,12.71465],[77.55591,12.73084],[77.56473,12.7325],[77.56893,12.72979],[77.56868,12.73836],[77.57539,12.7513],[77.59473,12.7523],[77.59746,12.76593],[77.59206,12.78043],[77.58042,12.78723],[77.57083,12.77803],[77.57161,12.7649],[77.56547,12.75895],[77.55895,12.76646],[77.55561,12.77933],[77.56279,12.78711],[77.55471,12.78856],[77.55693,12.7991],[77.5486,12.80047],[77.54307,12.79744],[77.54881,12.78598],[77.54404,12.77598],[77.55232,12.77218],[77.54632,12.77006],[77.54071,12.75016],[77.53431,12.75596],[77.53264,12.74856],[77.52127,12.73241],[77.51853,12.73673],[77.52088,12.74435],[77.51381,12.75022],[77.51012,12.73816],[77.50492,12.73238],[77.49891,12.73932],[77.48613,12.74279],[77.48357,12.74896],[77.47355,12.75692],[77.47772,12.78151],[77.4693,12.79506],[77.47105,12.79959],[77.47629,12.79677],[77.48469,12.80077],[77.47897,12.80465],[77.48004,12.80863],[77.46839,12.81102],[77.46588,12.80861],[77.45158,12.81805],[77.44359,12.80823],[77.43604,12.81035],[77.43344,12.82333],[77.41959,12.82626],[77.42512,12.83778],[77.43455,12.83917],[77.43379,12.84433],[77.43786,12.85018],[77.42664,12.85031],[77.4289,12.85666],[77.41839,12.86952],[77.42922,12.87059],[77.42989,12.87539],[77.41579,12.8717],[77.41579,12.87521],[77.41039,12.87659],[77.40389,12.87388],[77.40266,12.86541],[77.3974,12.86833],[77.37941,12.85488],[77.36976,12.85761],[77.3656,12.87161],[77.3463,12.8701],[77.34488,12.87645],[77.335,12.87839],[77.33324,12.88792],[77.34339,12.88799],[77.33655,12.91215],[77.33932,12.92362],[77.33554,12.93798],[77.33948,12.94408],[77.33298,12.95014],[77.32561,12.97133],[77.32873,12.97764],[77.32193,13.00787],[77.32783,13.00887],[77.32545,13.02291],[77.32996,13.02607],[77.33113,13.04291],[77.32839,13.05021],[77.32388,13.04702],[77.31105,13.04632],[77.30928,13.08324],[77.31434,13.10614],[77.30272,13.11088],[77.29283,13.1101],[77.29195,13.12117],[77.28679,13.12169],[77.28475,13.13435],[77.27913,13.13377],[77.27647,13.11945],[77.26841,13.11885],[77.26543,13.12758],[77.26708,13.14266],[77.27394,13.13979],[77.27504,13.15258],[77.24893,13.1519],[77.24163,13.14636],[77.2175,13.14487],[77.21321,13.1516],[77.21628,13.16161],[77.20359,13.18448],[77.19761,13.18304],[77.1978,13.18023],[77.18439,13.18662],[77.16879,13.18383],[77.16496,13.1892],[77.16606,13.19558]],[[77.07957,13.06969],[77.08111,13.07394],[77.08353,13.07298],[77.07957,13.06969]]]}},{"type":"Feature","properties":{"id":"audit-shivamogga","district":"Shivamogga","districtName":{"en":"Shivamogga","kn":"ಶಿವಮೊಗ್ಗ"},"lgdCode":547,"sourceObjectId":25},"geometry":{"type":"Polygon","coordinates":[[[75.08282,14.65279],[75.07247,14.65521],[75.05084,14.6495],[75.04895,14.64204],[75.04009,14.6375],[75.02351,14.60671],[75.02675,14.58441],[75.02079,14.57417],[75.02298,14.56262],[75.03352,14.55876],[75.04454,14.54578],[75.05474,14.54886],[75.0613,14.54358],[75.05462,14.53956],[75.05235,14.53355],[75.03686,14.5294],[75.0406,14.5219],[75.04064,14.50018],[75.01857,14.49673],[75.00645,14.48745],[75.00877,14.48413],[75.00548,14.48052],[74.98951,14.47269],[74.98449,14.48633],[74.9911,14.49339],[74.9906,14.5011],[74.98222,14.51325],[74.97178,14.52076],[74.97253,14.52385],[74.97968,14.5242],[74.9768,14.54867],[74.95424,14.5512],[74.94863,14.53641],[74.94333,14.53266],[74.94102,14.53452],[74.93572,14.51869],[74.9268,14.52902],[74.90092,14.52934],[74.90207,14.51517],[74.89463,14.50739],[74.88925,14.47932],[74.89341,14.47397],[74.90301,14.47321],[74.91829,14.46644],[74.92095,14.45915],[74.90877,14.45767],[74.8989,14.4641],[74.88982,14.4619],[74.87457,14.44756],[74.87802,14.43548],[74.88077,14.42917],[74.91714,14.43149],[74.93357,14.40393],[74.947,14.40084],[74.9498,14.37599],[74.94069,14.36765],[74.93924,14.35848],[74.95509,14.34985],[74.95909,14.34214],[74.97437,14.33751],[74.97628,14.33191],[74.96962,14.3259],[74.97239,14.32039],[74.97313,14.32328],[74.97692,14.32063],[74.97137,14.31567],[74.96774,14.31528],[74.95781,14.32337],[74.95178,14.31688],[74.93696,14.32234],[74.92516,14.31939],[74.9134,14.30395],[74.91332,14.29897],[74.90698,14.29481],[74.90999,14.27816],[74.9166,14.27311],[74.92631,14.27742],[74.92839,14.2647],[74.9342,14.26329],[74.9383,14.25629],[74.93533,14.24312],[74.93039,14.24104],[74.92716,14.23683],[74.92885,14.2353],[74.91981,14.22749],[74.90056,14.2299],[74.8928,14.2176],[74.87764,14.21577],[74.88,14.21949],[74.87609,14.2194],[74.87528,14.22777],[74.88024,14.23459],[74.8732,14.24123],[74.86839,14.23802],[74.86629,14.21971],[74.85923,14.21876],[74.85338,14.21122],[74.83228,14.23002],[74.82223,14.22779],[74.81823,14.23231],[74.80334,14.23202],[74.79176,14.22735],[74.77294,14.23936],[74.76369,14.2379],[74.74489,14.25534],[74.72999,14.26382],[74.71592,14.23323],[74.71871,14.21394],[74.72873,14.17489],[74.74842,14.15685],[74.74791,14.14266],[74.74302,14.14902],[74.72337,14.15258],[74.70747,14.17],[74.69748,14.17309],[74.69054,14.16617],[74.6655,14.18441],[74.65057,14.17006],[74.62522,14.16249],[74.62899,14.14423],[74.64488,14.14207],[74.643,14.13599],[74.6463,14.11441],[74.65566,14.11327],[74.63735,14.09459],[74.65357,14.07443],[74.66084,14.05836],[74.65392,14.04386],[74.65521,14.03909],[74.67751,14.03478],[74.66318,13.9932],[74.66578,13.98002],[74.67476,13.96895],[74.68321,13.96496],[74.68458,13.95775],[74.69871,13.95063],[74.69957,13.93901],[74.6905,13.93349],[74.69672,13.92775],[74.70774,13.92683],[74.71378,13.91633],[74.71174,13.90509],[74.74181,13.91481],[74.75497,13.90905],[74.76264,13.91596],[74.78785,13.91322],[74.79146,13.90549],[74.7946,13.9104],[74.80867,13.90573],[74.81962,13.9078],[74.83985,13.89738],[74.85615,13.8784],[74.8577,13.86895],[74.86511,13.85719],[74.8763,13.86052],[74.87869,13.86745],[74.90692,13.86024],[74.91062,13.8566],[74.91644,13.82316],[74.92364,13.81267],[74.92437,13.79628],[74.9334,13.78761],[74.92936,13.78253],[74.93147,13.7781],[74.92798,13.7688],[74.93532,13.77173],[74.93774,13.76389],[74.94809,13.75692],[74.97159,13.75113],[74.98982,13.73988],[74.99855,13.73835],[74.99344,13.72118],[74.98866,13.72019],[74.99112,13.71004],[75.01123,13.70751],[75.01296,13.70204],[75.0213,13.6981],[75.02075,13.69393],[75.01097,13.69104],[75.01205,13.67674],[75.02844,13.67016],[75.029,13.66694],[75.02432,13.66049],[75.01571,13.66356],[75.01272,13.65777],[75.01779,13.64046],[75.01542,13.63467],[75.02335,13.6272],[75.02819,13.62712],[75.03942,13.61034],[75.04997,13.608],[75.05577,13.61047],[75.06127,13.60261],[75.05899,13.58956],[75.05091,13.58332],[75.04516,13.5853],[75.03779,13.57996],[75.03363,13.57384],[75.03499,13.56712],[75.04216,13.56148],[75.04255,13.55606],[75.04955,13.55404],[75.04901,13.53733],[75.06265,13.52868],[75.05955,13.51945],[75.06168,13.51789],[75.06416,13.52389],[75.06826,13.52345],[75.07684,13.51427],[75.07987,13.49246],[75.08761,13.49442],[75.09679,13.48644],[75.10227,13.48894],[75.1131,13.46656],[75.11122,13.46065],[75.11577,13.4568],[75.12667,13.46214],[75.14073,13.46133],[75.13625,13.47245],[75.14664,13.47803],[75.16973,13.50794],[75.17616,13.49909],[75.1884,13.50876],[75.20271,13.50898],[75.20574,13.51533],[75.21107,13.51699],[75.2041,13.51816],[75.20879,13.52466],[75.21969,13.52359],[75.22603,13.52795],[75.22074,13.53324],[75.22437,13.54856],[75.22045,13.54948],[75.2198,13.5552],[75.21593,13.55785],[75.22203,13.55959],[75.22645,13.56832],[75.21174,13.57814],[75.21066,13.58531],[75.22377,13.59602],[75.22127,13.60205],[75.22571,13.60593],[75.23547,13.59844],[75.24476,13.60511],[75.24915,13.59599],[75.25494,13.59477],[75.25647,13.58371],[75.26454,13.58662],[75.27145,13.56899],[75.27886,13.56448],[75.27978,13.56853],[75.28964,13.57458],[75.29497,13.58471],[75.30797,13.58399],[75.31327,13.58899],[75.32618,13.59254],[75.32818,13.58585],[75.34079,13.58574],[75.3443,13.58061],[75.35736,13.5956],[75.36974,13.59707],[75.36393,13.6042],[75.36601,13.62194],[75.37271,13.62674],[75.3791,13.62067],[75.37824,13.61501],[75.38609,13.61324],[75.38878,13.61327],[75.38666,13.62346],[75.3921,13.62391],[75.39432,13.63052],[75.40729,13.62561],[75.40539,13.63002],[75.41194,13.63964],[75.40909,13.64216],[75.41468,13.65286],[75.40338,13.68093],[75.39426,13.69351],[75.3942,13.70026],[75.38785,13.69851],[75.38225,13.70262],[75.38294,13.71086],[75.40252,13.70376],[75.41919,13.70608],[75.42659,13.71511],[75.45434,13.72364],[75.45978,13.73068],[75.46118,13.74172],[75.48862,13.75973],[75.48677,13.76833],[75.4983,13.75807],[75.50691,13.76568],[75.51069,13.75497],[75.52096,13.75177],[75.52164,13.74361],[75.53285,13.73074],[75.54092,13.728],[75.56581,13.74084],[75.56728,13.75309],[75.57141,13.75538],[75.61085,13.76094],[75.609,13.74596],[75.62789,13.73322],[75.61729,13.72295],[75.62253,13.70574],[75.63488,13.70124],[75.64794,13.70906],[75.65115,13.71869],[75.6709,13.71986],[75.67468,13.72316],[75.67459,13.72833],[75.66813,13.73083],[75.6658,13.7375],[75.65586,13.74613],[75.66311,13.75074],[75.66415,13.75795],[75.66918,13.76406],[75.67437,13.76191],[75.67647,13.75115],[75.6865,13.74988],[75.68863,13.75391],[75.68196,13.7613],[75.68716,13.76672],[75.70962,13.76649],[75.71809,13.77136],[75.73175,13.76905],[75.74909,13.78094],[75.76456,13.78149],[75.76686,13.78998],[75.76069,13.79421],[75.76705,13.79706],[75.7726,13.79693],[75.77759,13.78849],[75.79177,13.79691],[75.80775,13.79444],[75.82544,13.81865],[75.83552,13.81378],[75.87876,13.81011],[75.87053,13.83552],[75.87135,13.85109],[75.86572,13.85982],[75.86286,13.87265],[75.85531,13.87265],[75.85976,13.88659],[75.85965,13.91036],[75.82914,13.97165],[75.83085,13.98671],[75.82386,14.01894],[75.80341,14.02607],[75.79876,14.03326],[75.80099,14.04369],[75.81392,14.04878],[75.82095,14.06501],[75.82104,14.07947],[75.81395,14.09458],[75.81411,14.10563],[75.80585,14.09814],[75.76852,14.10359],[75.76816,14.1094],[75.75597,14.11028],[75.75312,14.10175],[75.73879,14.10108],[75.73819,14.0874],[75.72114,14.08339],[75.72548,14.07578],[75.67299,14.06495],[75.64362,14.07396],[75.64241,14.07947],[75.63429,14.07984],[75.63071,14.0735],[75.61753,14.07659],[75.6111,14.06139],[75.60358,14.05654],[75.60089,14.06084],[75.5913,14.06392],[75.58522,14.05786],[75.56432,14.06927],[75.55365,14.07876],[75.54323,14.07805],[75.53128,14.09751],[75.52361,14.09445],[75.51001,14.10106],[75.49278,14.0995],[75.49051,14.10475],[75.47987,14.10023],[75.46476,14.10234],[75.44847,14.09538],[75.4329,14.10646],[75.39879,14.11686],[75.40135,14.1262],[75.41541,14.1412],[75.42058,14.14101],[75.42427,14.1495],[75.43342,14.1529],[75.44373,14.16345],[75.46114,14.17466],[75.4842,14.17623],[75.46171,14.19967],[75.45292,14.20469],[75.47254,14.21064],[75.47622,14.21492],[75.50687,14.21914],[75.52086,14.2025],[75.52676,14.2028],[75.5289,14.21498],[75.52668,14.22842],[75.52919,14.22998],[75.52698,14.25832],[75.52989,14.2774],[75.53565,14.27744],[75.5341,14.28952],[75.5244,14.29193],[75.51761,14.30139],[75.50269,14.30782],[75.50494,14.31756],[75.50159,14.32454],[75.50097,14.34433],[75.48977,14.34733],[75.48865,14.33869],[75.48115,14.33957],[75.48052,14.34433],[75.47655,14.34382],[75.48004,14.331],[75.47733,14.31743],[75.4543,14.32857],[75.42927,14.34906],[75.41023,14.35243],[75.39739,14.36612],[75.37366,14.37024],[75.36179,14.38136],[75.34857,14.38796],[75.35937,14.40926],[75.36512,14.41087],[75.37791,14.40779],[75.38205,14.43353],[75.36458,14.44164],[75.35762,14.43645],[75.35608,14.42831],[75.35533,14.43161],[75.34013,14.43575],[75.34242,14.45169],[75.3472,14.45742],[75.33991,14.46874],[75.34609,14.48527],[75.32943,14.4945],[75.31957,14.51344],[75.29737,14.51101],[75.28312,14.51448],[75.27501,14.51087],[75.26747,14.51488],[75.26777,14.52775],[75.27826,14.53413],[75.28453,14.52957],[75.29009,14.53157],[75.29719,14.54047],[75.2931,14.54349],[75.29379,14.54801],[75.28559,14.56049],[75.27434,14.56544],[75.27442,14.56996],[75.26544,14.57975],[75.24913,14.5807],[75.24352,14.57795],[75.24464,14.5687],[75.24207,14.56805],[75.24346,14.56015],[75.24043,14.55489],[75.22842,14.56114],[75.22512,14.56767],[75.23055,14.5797],[75.22737,14.58377],[75.22155,14.58487],[75.20752,14.57208],[75.19732,14.57736],[75.19772,14.5827],[75.18409,14.58583],[75.1817,14.59772],[75.2051,14.59745],[75.21056,14.62329],[75.20549,14.63764],[75.20071,14.63794],[75.20239,14.62773],[75.18777,14.62253],[75.17192,14.63433],[75.16537,14.63331],[75.16475,14.62079],[75.16019,14.61728],[75.15275,14.62615],[75.14406,14.62035],[75.14249,14.63377],[75.12438,14.63108],[75.11452,14.64156],[75.10298,14.64512],[75.09938,14.65271],[75.08282,14.65279]]]}},{"type":"Feature","properties":{"id":"audit-tumakuru","district":"Tumakuru","districtName":{"en":"Tumakuru","kn":"ತುಮಕೂರು"},"lgdCode":548,"sourceObjectId":26},"geometry":{"type":"MultiPolygon","coordinates":[[[[77.08046,13.07028],[77.08324,13.07104],[77.08238,13.07392],[77.08046,13.07028]]],[[[76.95195,14.09196],[76.94367,14.08957],[76.92839,14.07779],[76.92301,14.05701],[76.9101,14.06429],[76.88923,14.04849],[76.87987,14.01868],[76.87638,14.01939],[76.87277,14.00916],[76.86103,14.0147],[76.83725,14.01817],[76.83337,14.00319],[76.82494,14.00115],[76.82344,13.99429],[76.84851,13.98043],[76.84987,13.96357],[76.84202,13.96275],[76.82189,13.95051],[76.81939,13.93657],[76.81135,13.93648],[76.81537,13.91603],[76.8022,13.91651],[76.77994,13.92427],[76.76467,13.92442],[76.76379,13.92041],[76.75203,13.91959],[76.74946,13.91614],[76.75246,13.90655],[76.72286,13.89845],[76.72311,13.89011],[76.73148,13.88123],[76.73576,13.87011],[76.74679,13.85639],[76.75281,13.85521],[76.75223,13.85014],[76.7623,13.83506],[76.76659,13.83584],[76.76395,13.82173],[76.76879,13.79513],[76.76453,13.782],[76.74897,13.78063],[76.73099,13.78463],[76.72749,13.79691],[76.72374,13.79969],[76.71695,13.7942],[76.70582,13.77573],[76.69804,13.77138],[76.69392,13.76329],[76.69775,13.76037],[76.68753,13.74597],[76.68445,13.72972],[76.68896,13.72739],[76.68977,13.72241],[76.68504,13.69045],[76.67249,13.70612],[76.67304,13.71865],[76.66178,13.72131],[76.62982,13.71365],[76.62445,13.73405],[76.62085,13.734],[76.60945,13.72348],[76.6038,13.72567],[76.59597,13.72011],[76.56938,13.71458],[76.57658,13.69011],[76.57335,13.68674],[76.56869,13.68867],[76.55548,13.68261],[76.53974,13.66314],[76.52953,13.66605],[76.53399,13.65086],[76.51853,13.64111],[76.51699,13.63425],[76.49722,13.6271],[76.50008,13.62169],[76.48995,13.62323],[76.4607,13.61889],[76.45529,13.61144],[76.45705,13.60344],[76.46167,13.60015],[76.45553,13.59552],[76.45512,13.59086],[76.43031,13.59313],[76.42444,13.58138],[76.41331,13.5782],[76.39946,13.59486],[76.39765,13.59081],[76.39245,13.59054],[76.38271,13.57687],[76.37822,13.58939],[76.37352,13.5931],[76.3531,13.57947],[76.36387,13.54713],[76.37017,13.54794],[76.38771,13.5342],[76.39564,13.53599],[76.40053,13.52637],[76.42727,13.52563],[76.41987,13.51985],[76.41521,13.50904],[76.39654,13.50388],[76.39598,13.49345],[76.40523,13.49065],[76.40819,13.4829],[76.41517,13.47884],[76.41179,13.47727],[76.40705,13.4592],[76.41969,13.44841],[76.40061,13.42277],[76.39694,13.40224],[76.38944,13.3961],[76.39226,13.37943],[76.38576,13.37086],[76.38267,13.37235],[76.38143,13.36414],[76.34701,13.35998],[76.34704,13.34292],[76.35225,13.33052],[76.34761,13.30122],[76.35696,13.28727],[76.35524,13.26427],[76.35867,13.26062],[76.3562,13.24913],[76.36197,13.24904],[76.36454,13.23399],[76.37989,13.23154],[76.38004,13.22255],[76.3764,13.21581],[76.3699,13.21221],[76.37077,13.20037],[76.39376,13.19788],[76.39435,13.19055],[76.4124,13.19182],[76.4147,13.18713],[76.42557,13.18341],[76.42887,13.17304],[76.44495,13.16978],[76.44512,13.16463],[76.45423,13.15552],[76.45505,13.1499],[76.47316,13.14986],[76.46954,13.1399],[76.46856,13.12021],[76.47229,13.09308],[76.48082,13.09135],[76.49472,13.0946],[76.49571,13.08668],[76.51582,13.06877],[76.525,13.07903],[76.56656,13.07561],[76.58572,13.07039],[76.59238,13.07485],[76.6075,13.07108],[76.61786,13.06379],[76.6198,13.05404],[76.60599,13.05481],[76.60207,13.04017],[76.60811,13.03764],[76.60877,13.03011],[76.60423,13.01718],[76.61294,13.0058],[76.61915,13.00879],[76.63224,13.00417],[76.64073,13.00949],[76.65256,13.00726],[76.65758,13.01326],[76.67279,13.05534],[76.69352,13.03671],[76.7021,13.04146],[76.72528,13.04124],[76.76459,13.03579],[76.78311,13.0294],[76.78584,13.01526],[76.81469,13.01371],[76.81984,13.00502],[76.82965,13.0022],[76.82746,12.99875],[76.85288,12.97865],[76.85047,12.97345],[76.83968,12.97348],[76.84178,12.95636],[76.8396,12.94581],[76.84868,12.94409],[76.84968,12.93833],[76.86246,12.93466],[76.86261,12.92789],[76.88439,12.93511],[76.89149,12.9326],[76.89621,12.92049],[76.86719,12.91863],[76.86548,12.90499],[76.87317,12.89711],[76.88915,12.89742],[76.89446,12.8739],[76.89227,12.8471],[76.90018,12.84479],[76.90578,12.82835],[76.91884,12.81796],[76.92455,12.804],[76.93285,12.80048],[76.9413,12.80561],[76.95067,12.80154],[76.95632,12.80411],[76.97307,12.80354],[76.97565,12.79101],[76.98337,12.79296],[76.99827,12.77591],[77.00962,12.78243],[77.0064,12.77272],[77.00918,12.76431],[77.02524,12.76312],[77.02589,12.76672],[77.03447,12.76883],[77.04362,12.77807],[77.04887,12.74742],[77.06736,12.75831],[77.0767,12.74554],[77.08052,12.74645],[77.08013,12.75908],[77.08724,12.75277],[77.09261,12.75267],[77.09157,12.76084],[77.0975,12.77626],[77.10753,12.78026],[77.12434,12.77387],[77.1339,12.78234],[77.14522,12.7816],[77.15022,12.78704],[77.15091,12.79195],[77.13917,12.81004],[77.14193,12.82027],[77.14752,12.81978],[77.15883,12.82742],[77.14941,12.83044],[77.14915,12.84863],[77.13722,12.85301],[77.13456,12.85599],[77.13603,12.86015],[77.13115,12.85921],[77.13422,12.87728],[77.13087,12.87799],[77.13144,12.88814],[77.12319,12.88796],[77.1187,12.88404],[77.10699,12.89441],[77.12448,12.89905],[77.12478,12.90213],[77.13263,12.89802],[77.13634,12.9014],[77.13989,12.9182],[77.15813,12.9134],[77.16542,12.92905],[77.15653,12.94255],[77.15735,12.95816],[77.14285,12.96449],[77.12984,12.97789],[77.13277,12.98639],[77.14184,12.98372],[77.14484,12.98765],[77.13569,12.99568],[77.1381,12.99885],[77.13437,13.00535],[77.12451,13.00624],[77.12948,12.99555],[77.10658,12.9965],[77.10551,12.99266],[77.0981,12.99934],[77.10265,13.0062],[77.11687,13.00985],[77.11826,13.01464],[77.09437,13.02666],[77.08221,13.03846],[77.06978,13.04019],[77.07738,13.05814],[77.07709,13.06097],[77.07332,13.0608],[77.07335,13.06661],[77.06822,13.06798],[77.07584,13.07226],[77.08079,13.09026],[77.07067,13.11753],[77.07192,13.13085],[77.0797,13.13116],[77.08514,13.13643],[77.09201,13.13564],[77.09593,13.14582],[77.10811,13.14263],[77.10788,13.13327],[77.11612,13.13003],[77.1183,13.1369],[77.11551,13.14256],[77.1201,13.14935],[77.11885,13.16208],[77.13115,13.16626],[77.13853,13.17817],[77.14262,13.17393],[77.14782,13.17399],[77.15549,13.19336],[77.16653,13.19697],[77.16496,13.1892],[77.16879,13.18383],[77.18439,13.18662],[77.1978,13.18023],[77.19761,13.18304],[77.20254,13.18296],[77.2075,13.19662],[77.20287,13.19732],[77.20095,13.19451],[77.20025,13.20316],[77.1951,13.20663],[77.19406,13.2243],[77.18269,13.22872],[77.18582,13.23852],[77.19021,13.23784],[77.19245,13.24356],[77.18349,13.25762],[77.18839,13.2764],[77.19246,13.26902],[77.19991,13.26825],[77.2046,13.26228],[77.21934,13.26295],[77.22214,13.26835],[77.22033,13.28551],[77.22901,13.31331],[77.24023,13.30851],[77.24311,13.3024],[77.24945,13.30171],[77.25266,13.30173],[77.25473,13.30887],[77.26982,13.31115],[77.26963,13.30561],[77.27525,13.29768],[77.28166,13.29728],[77.2812,13.3104],[77.30867,13.31061],[77.31191,13.32208],[77.32934,13.3304],[77.33852,13.32911],[77.34382,13.3397],[77.34457,13.35013],[77.34125,13.35711],[77.3457,13.37463],[77.34084,13.37703],[77.34589,13.41756],[77.35846,13.41485],[77.36287,13.42004],[77.36197,13.43692],[77.35689,13.4377],[77.3484,13.44659],[77.34862,13.45718],[77.35844,13.46306],[77.36612,13.46356],[77.36681,13.46945],[77.3734,13.47004],[77.37021,13.47822],[77.3723,13.48311],[77.3771,13.48333],[77.38466,13.49907],[77.38162,13.50235],[77.38086,13.51511],[77.38994,13.51968],[77.39154,13.53252],[77.39047,13.5361],[77.38273,13.53715],[77.3812,13.54377],[77.38244,13.57531],[77.37421,13.59002],[77.3716,13.58774],[77.36305,13.59018],[77.36378,13.60208],[77.3599,13.61236],[77.36213,13.62526],[77.36961,13.6337],[77.3689,13.64159],[77.37847,13.64519],[77.37702,13.65005],[77.38333,13.66242],[77.39328,13.66488],[77.39725,13.67345],[77.4037,13.67532],[77.43505,13.67262],[77.43711,13.6843],[77.45533,13.68226],[77.45609,13.69072],[77.45007,13.7109],[77.46508,13.71088],[77.46464,13.73413],[77.47055,13.75802],[77.46515,13.75868],[77.46138,13.78839],[77.45649,13.78872],[77.46087,13.803],[77.46463,13.80318],[77.46423,13.80792],[77.44533,13.81102],[77.43575,13.7965],[77.42257,13.79909],[77.42865,13.80681],[77.41967,13.8096],[77.41611,13.80668],[77.43252,13.84322],[77.42917,13.8448],[77.42683,13.84112],[77.41554,13.83973],[77.3819,13.83936],[77.3794,13.84084],[77.38119,13.84729],[77.37689,13.85069],[77.36243,13.85425],[77.33684,13.83275],[77.32538,13.83324],[77.32145,13.85592],[77.3115,13.86658],[77.31055,13.86288],[77.29492,13.8574],[77.28828,13.84748],[77.28027,13.85105],[77.25669,13.84652],[77.25911,13.86314],[77.24636,13.86791],[77.24868,13.87352],[77.24472,13.88327],[77.24778,13.88832],[77.24827,13.90121],[77.23647,13.90102],[77.23562,13.90414],[77.23065,13.90333],[77.22989,13.89161],[77.21985,13.86772],[77.21541,13.86791],[77.21703,13.88374],[77.21313,13.88619],[77.20043,13.86304],[77.18139,13.86984],[77.18568,13.87617],[77.18584,13.89233],[77.19084,13.91187],[77.18471,13.92519],[77.16992,13.92061],[77.16193,13.90662],[77.16205,13.89906],[77.16876,13.88957],[77.17136,13.87111],[77.16858,13.86449],[77.14764,13.86848],[77.13604,13.85652],[77.1282,13.85646],[77.13217,13.8462],[77.15601,13.84435],[77.15368,13.83414],[77.16549,13.83311],[77.16868,13.82962],[77.16772,13.82121],[77.15952,13.81686],[77.16258,13.80866],[77.15752,13.80603],[77.1621,13.80476],[77.16516,13.79447],[77.17851,13.78268],[77.17305,13.76201],[77.15111,13.76621],[77.14087,13.76504],[77.13684,13.7583],[77.10596,13.76776],[77.09044,13.76714],[77.09022,13.76236],[77.08547,13.76234],[77.08383,13.75664],[77.08563,13.74244],[77.0647,13.74383],[77.0602,13.75283],[77.05749,13.75296],[77.05804,13.7603],[77.04861,13.77018],[77.04406,13.77084],[77.04337,13.77779],[77.02447,13.77922],[77.02388,13.7679],[77.01735,13.7561],[77.0165,13.73851],[76.9985,13.74557],[76.99839,13.75505],[76.9852,13.7908],[76.99169,13.80267],[76.98974,13.81294],[76.97641,13.81732],[76.97802,13.82687],[76.9889,13.83526],[76.99223,13.84901],[77.00654,13.85206],[77.01422,13.86031],[77.01319,13.87152],[77.01847,13.87254],[77.01625,13.88441],[77.02325,13.89593],[77.02303,13.9026],[77.04729,13.9066],[77.04166,13.93343],[77.02437,13.93995],[77.01421,13.95487],[76.99377,13.96256],[76.99949,13.99034],[76.96539,14.0115],[76.94994,14.01509],[76.94378,14.0233],[76.94347,14.02974],[76.93502,14.0328],[76.93113,14.0302],[76.9344,14.04464],[76.93238,14.05392],[76.95031,14.05356],[76.97174,14.05802],[76.97646,14.06528],[76.97757,14.07129],[76.97345,14.08352],[76.95941,14.09163],[76.95195,14.09196]]],[[[77.16443,14.34217],[77.15266,14.33914],[77.13921,14.34014],[77.1357,14.33687],[77.13633,14.32302],[77.13059,14.30684],[77.11564,14.29248],[77.11552,14.27424],[77.11019,14.26816],[77.11119,14.26158],[77.12048,14.26293],[77.11533,14.25453],[77.11832,14.24481],[77.11486,14.22314],[77.1008,14.21714],[77.08117,14.21415],[77.07589,14.22336],[77.0618,14.22946],[77.05773,14.2438],[77.03605,14.24674],[77.03036,14.24227],[77.00848,14.238],[77.00379,14.22956],[76.99929,14.2291],[77.00641,14.21506],[77.0028,14.19796],[77.02146,14.18879],[77.02384,14.1863],[77.02206,14.17744],[77.02604,14.17479],[77.02041,14.15716],[77.0201,14.1309],[77.02586,14.12994],[77.02622,14.12502],[77.02181,14.12325],[77.02406,14.11261],[77.01466,14.10039],[77.01842,14.09463],[77.0298,14.08817],[77.02544,14.06573],[77.03152,14.05646],[77.07612,14.05327],[77.07532,14.04348],[77.07892,14.04264],[77.1274,14.04701],[77.13184,14.04392],[77.1364,14.0229],[77.14036,14.01796],[77.14107,14.00386],[77.15127,14.00069],[77.17283,14.00108],[77.17095,14.012],[77.174,14.01298],[77.20467,14.00825],[77.21982,14.01357],[77.24535,14.01194],[77.26059,14.02886],[77.27036,14.03448],[77.27876,14.03241],[77.275,14.01128],[77.29827,14.02161],[77.30658,14.032],[77.32223,14.02999],[77.32268,14.02301],[77.33686,14.00447],[77.33622,13.99537],[77.36109,13.99081],[77.35212,13.96875],[77.35385,13.96279],[77.34949,13.95814],[77.37129,13.95275],[77.34784,13.91596],[77.35293,13.9139],[77.35445,13.90411],[77.39788,13.90618],[77.39874,13.88813],[77.40546,13.88945],[77.41057,13.89631],[77.42051,13.89933],[77.42841,13.90593],[77.43504,13.91501],[77.4349,13.91967],[77.41588,13.9242],[77.41209,13.94556],[77.43072,13.94508],[77.43536,13.94751],[77.43758,13.95551],[77.43475,13.96438],[77.43788,13.97552],[77.43402,13.98016],[77.42766,13.97968],[77.42589,13.98611],[77.39569,13.98373],[77.38164,13.97623],[77.37967,13.98984],[77.39016,14.0167],[77.3323,14.03069],[77.3405,14.06019],[77.36054,14.06256],[77.36366,14.07301],[77.37562,14.07935],[77.38127,14.09784],[77.38881,14.09948],[77.39761,14.10955],[77.40092,14.11871],[77.39736,14.12544],[77.39061,14.12664],[77.36168,14.11533],[77.34747,14.10364],[77.35137,14.12998],[77.37894,14.13584],[77.38507,14.15326],[77.38804,14.15363],[77.38925,14.15965],[77.39488,14.16077],[77.39162,14.17282],[77.39372,14.17425],[77.40785,14.17352],[77.42036,14.17695],[77.4226,14.17298],[77.4302,14.17046],[77.467,14.17164],[77.46809,14.16489],[77.48083,14.16474],[77.50351,14.15712],[77.51703,14.18604],[77.50465,14.19398],[77.50133,14.20477],[77.50328,14.21054],[77.49449,14.22424],[77.49592,14.23199],[77.49279,14.23101],[77.50341,14.25977],[77.49828,14.27885],[77.49275,14.27815],[77.48712,14.28172],[77.48312,14.29071],[77.47893,14.29216],[77.45965,14.2805],[77.45028,14.28071],[77.44518,14.29523],[77.44622,14.31747],[77.43126,14.31296],[77.4284,14.32864],[77.42308,14.32818],[77.41089,14.33695],[77.39417,14.33659],[77.38909,14.33313],[77.37904,14.32272],[77.37782,14.30139],[77.38506,14.29297],[77.38925,14.27856],[77.38736,14.27087],[77.39578,14.26612],[77.40538,14.26669],[77.40883,14.25985],[77.40967,14.23192],[77.41769,14.22584],[77.41939,14.21162],[77.41413,14.20476],[77.39199,14.1989],[77.38709,14.20002],[77.38322,14.20744],[77.3842,14.22095],[77.37917,14.22648],[77.35949,14.23401],[77.36383,14.25469],[77.36382,14.27583],[77.33906,14.2769],[77.30534,14.28344],[77.28354,14.28274],[77.28883,14.30547],[77.28657,14.3401],[77.26931,14.33211],[77.25858,14.33092],[77.25387,14.32223],[77.24734,14.31781],[77.2382,14.31736],[77.22867,14.3212],[77.21347,14.31878],[77.19742,14.32118],[77.18404,14.33247],[77.18104,14.33038],[77.17868,14.33548],[77.16932,14.33544],[77.16443,14.34217]]]]}},{"type":"Feature","properties":{"id":"audit-udupi","district":"Udupi","districtName":{"en":"Udupi","kn":"ಉಡುಪಿ"},"lgdCode":549,"sourceObjectId":27},"geometry":{"type":"Polygon","coordinates":[[[74.68871,13.95574],[74.68458,13.95775],[74.68321,13.96496],[74.67476,13.96895],[74.66518,13.98215],[74.65535,13.97461],[74.64428,13.9575],[74.65157,13.94593],[74.64719,13.94015],[74.63765,13.93766],[74.63045,13.94543],[74.62361,13.93611],[74.62039,13.93541],[74.61892,13.9411],[74.60554,13.94066],[74.59708,13.93166],[74.59569,13.94127],[74.59014,13.93027],[74.58199,13.92524],[74.5898,13.90952],[74.59606,13.8831],[74.61007,13.865],[74.60901,13.86013],[74.62581,13.79685],[74.64555,13.68196],[74.65177,13.66509],[74.66364,13.65194],[74.66625,13.63782],[74.66851,13.64017],[74.66729,13.63229],[74.68222,13.54281],[74.68883,13.46427],[74.69543,13.45518],[74.69118,13.45497],[74.69657,13.40528],[74.69711,13.34736],[74.70031,13.34442],[74.69359,13.34371],[74.70753,13.33469],[74.71637,13.31258],[74.71896,13.28627],[74.73179,13.25053],[74.736,13.22652],[74.73932,13.22439],[74.74406,13.19371],[74.75169,13.17428],[74.77633,13.07152],[74.77955,13.07237],[74.77731,13.08],[74.78077,13.08927],[74.77748,13.10271],[74.78249,13.10386],[74.79178,13.09653],[74.79825,13.1043],[74.79668,13.11115],[74.79163,13.11236],[74.79208,13.11697],[74.80961,13.11322],[74.81457,13.12232],[74.82266,13.12374],[74.82605,13.12955],[74.84153,13.12726],[74.8463,13.12954],[74.84975,13.1263],[74.85981,13.12791],[74.86307,13.12676],[74.86381,13.12218],[74.86825,13.1215],[74.87514,13.10567],[74.8742,13.09931],[74.87825,13.09531],[74.91185,13.10805],[74.90911,13.11189],[74.91257,13.11246],[74.91325,13.12079],[74.90821,13.12387],[74.91055,13.13291],[74.92,13.14296],[74.93331,13.14971],[74.93563,13.14428],[74.94273,13.14331],[74.94111,13.13802],[74.94399,13.13634],[74.94017,13.13326],[74.94833,13.12288],[74.95332,13.12104],[74.95977,13.12281],[74.96101,13.12677],[74.97486,13.12937],[74.98542,13.14812],[74.99421,13.15728],[75.00291,13.15234],[75.01518,13.13083],[75.02433,13.13866],[75.03664,13.14165],[75.05851,13.13153],[75.07123,13.1365],[75.07051,13.14324],[75.07641,13.14781],[75.08363,13.14593],[75.08089,13.16179],[75.09747,13.16487],[75.09991,13.16289],[75.09706,13.15595],[75.10368,13.15773],[75.10093,13.15406],[75.10368,13.15108],[75.11288,13.15081],[75.1107,13.14751],[75.12067,13.13621],[75.11512,13.13125],[75.13642,13.13377],[75.14468,13.13134],[75.14485,13.1262],[75.15079,13.12486],[75.15884,13.13288],[75.16767,13.13624],[75.17087,13.14484],[75.17659,13.14718],[75.18029,13.15804],[75.19212,13.16355],[75.2058,13.17728],[75.18984,13.18308],[75.17356,13.20397],[75.16675,13.2028],[75.16883,13.21159],[75.1529,13.26431],[75.13994,13.28807],[75.13609,13.2898],[75.1193,13.28212],[75.11247,13.28247],[75.10069,13.30107],[75.09603,13.31702],[75.07853,13.34296],[75.08884,13.34991],[75.08973,13.36119],[75.09855,13.35691],[75.1021,13.36011],[75.11205,13.3564],[75.12768,13.36614],[75.12709,13.38521],[75.1319,13.39118],[75.13956,13.38677],[75.14635,13.39282],[75.13989,13.40677],[75.15496,13.43027],[75.14874,13.43683],[75.15301,13.43993],[75.15452,13.45313],[75.14413,13.45471],[75.14556,13.4572],[75.14073,13.46133],[75.12667,13.46214],[75.11577,13.4568],[75.11122,13.46065],[75.1131,13.46656],[75.10227,13.48894],[75.09679,13.48644],[75.08761,13.49442],[75.07987,13.49246],[75.07684,13.51427],[75.06826,13.52345],[75.06416,13.52389],[75.06007,13.51889],[75.06265,13.52868],[75.04901,13.53733],[75.04955,13.55404],[75.04255,13.55606],[75.04216,13.56148],[75.03499,13.56712],[75.03363,13.57384],[75.04516,13.5853],[75.05078,13.58329],[75.05588,13.58616],[75.05998,13.5916],[75.06127,13.60261],[75.05577,13.61047],[75.04997,13.608],[75.03942,13.61034],[75.02819,13.62712],[75.02335,13.6272],[75.01542,13.63467],[75.01779,13.64046],[75.01272,13.65777],[75.01571,13.66356],[75.02432,13.66049],[75.029,13.66694],[75.02844,13.67016],[75.01205,13.67674],[75.01097,13.69104],[75.02075,13.69393],[75.0213,13.6981],[75.01296,13.70204],[75.01123,13.70751],[74.99112,13.71004],[74.98866,13.72019],[74.99344,13.72118],[74.99855,13.73835],[74.98982,13.73988],[74.97159,13.75113],[74.94809,13.75692],[74.93774,13.76389],[74.93532,13.77173],[74.92798,13.7688],[74.93147,13.7781],[74.92936,13.78253],[74.93327,13.78821],[74.92437,13.79628],[74.92364,13.81267],[74.91644,13.82316],[74.91245,13.8534],[74.90692,13.86024],[74.87869,13.86745],[74.8763,13.86052],[74.86511,13.85719],[74.8577,13.86895],[74.85615,13.8784],[74.83985,13.89738],[74.81962,13.9078],[74.80867,13.90573],[74.7946,13.9104],[74.79146,13.90549],[74.78785,13.91322],[74.76264,13.91596],[74.75497,13.90905],[74.74181,13.91481],[74.71174,13.90509],[74.71378,13.91633],[74.70774,13.92683],[74.69672,13.92775],[74.6905,13.93349],[74.69903,13.93806],[74.70058,13.94443],[74.69768,13.95164],[74.68871,13.95574]]]}},{"type":"Feature","properties":{"id":"audit-uttara-kannada","district":"Uttara Kannada","districtName":{"en":"Uttara Kannada","kn":"ಉತ್ತರ ಕನ್ನಡ"},"lgdCode":550,"sourceObjectId":28},"geometry":{"type":"MultiPolygon","coordinates":[[[[74.24167,14.71151],[74.23772,14.70927],[74.24013,14.70873],[74.24167,14.71151]]],[[[74.15677,14.73679],[74.15808,14.73873],[74.15339,14.74221],[74.15239,14.74002],[74.15677,14.73679]]],[[[74.11342,14.75768],[74.11091,14.76188],[74.10807,14.75963],[74.10967,14.75393],[74.1195,14.75279],[74.11342,14.75768]]],[[[74.08897,14.79371],[74.08898,14.7955],[74.08599,14.79636],[74.08897,14.79371]]],[[[74.05675,14.81659],[74.05399,14.81634],[74.05735,14.8154],[74.05675,14.81659]]],[[[74.06479,14.81961],[74.06417,14.82134],[74.06209,14.82091],[74.06479,14.81961]]],[[[74.05905,14.82146],[74.05711,14.81893],[74.06166,14.82022],[74.05905,14.82146]]],[[[74.09364,14.83582],[74.09586,14.83756],[74.0937,14.83883],[74.09364,14.83582]]],[[[74.10004,14.84466],[74.09614,14.84576],[74.10074,14.84118],[74.10004,14.84466]]],[[[74.10775,14.86519],[74.10628,14.86541],[74.10661,14.86484],[74.10775,14.86519]]],[[[74.29571,15.52286],[74.29172,15.52496],[74.27815,15.52285],[74.2749,15.51306],[74.25382,15.50172],[74.25091,15.49159],[74.27545,15.44919],[74.27689,15.43521],[74.26992,15.42604],[74.26878,15.4191],[74.2783,15.40569],[74.27587,15.39159],[74.28299,15.38294],[74.29871,15.38194],[74.3232,15.36768],[74.31626,15.363],[74.32184,15.3436],[74.31702,15.32912],[74.32443,15.30991],[74.33644,15.29494],[74.32637,15.28374],[74.30796,15.28333],[74.29433,15.28919],[74.29335,15.28451],[74.28179,15.28042],[74.27633,15.28353],[74.27149,15.28113],[74.26103,15.26019],[74.25111,15.25885],[74.25469,15.25407],[74.2522,15.25103],[74.25955,15.24102],[74.2867,15.23281],[74.2915,15.23382],[74.30161,15.22434],[74.29986,15.21993],[74.31005,15.20629],[74.31039,15.19468],[74.31696,15.18626],[74.31425,15.17752],[74.29567,15.15124],[74.28513,15.14903],[74.28488,15.11391],[74.28266,15.10674],[74.27655,15.10538],[74.27265,15.0975],[74.27969,15.08808],[74.28073,15.06882],[74.28951,15.06482],[74.29025,15.05361],[74.29649,15.04121],[74.28326,15.03157],[74.28341,15.02353],[74.26647,15.00689],[74.26807,15.00201],[74.25361,14.99815],[74.25212,14.99268],[74.26432,14.97852],[74.2591,14.97006],[74.25527,14.97042],[74.2526,14.95909],[74.2367,14.96685],[74.23286,14.96412],[74.2298,14.9505],[74.21755,14.94595],[74.21366,14.94769],[74.21263,14.94027],[74.20154,14.92572],[74.19166,14.93304],[74.19476,14.93994],[74.19126,14.94501],[74.17972,14.9508],[74.17946,14.95705],[74.16361,14.95848],[74.15915,14.95585],[74.15416,14.94343],[74.16591,14.91859],[74.16212,14.91214],[74.14015,14.92323],[74.12423,14.92532],[74.11998,14.9169],[74.11461,14.91836],[74.1048,14.9129],[74.10163,14.91579],[74.08578,14.9009],[74.09648,14.89745],[74.09967,14.88075],[74.1104,14.86295],[74.11191,14.84679],[74.11493,14.84168],[74.11329,14.84572],[74.1251,14.83789],[74.12426,14.805],[74.12055,14.80132],[74.11624,14.80204],[74.11334,14.79679],[74.11262,14.80508],[74.09992,14.80701],[74.09277,14.804],[74.10257,14.79327],[74.10951,14.79252],[74.11019,14.78502],[74.11521,14.78839],[74.11783,14.78655],[74.12156,14.78022],[74.11944,14.77399],[74.12491,14.77517],[74.12812,14.78055],[74.14238,14.77854],[74.15775,14.75993],[74.15055,14.75105],[74.15211,14.74706],[74.15755,14.74493],[74.15825,14.74975],[74.16321,14.75264],[74.17716,14.75056],[74.19307,14.7346],[74.19489,14.73054],[74.19268,14.72662],[74.20403,14.71928],[74.20843,14.71764],[74.20276,14.73207],[74.20381,14.73639],[74.20868,14.7378],[74.21038,14.73358],[74.22758,14.73804],[74.22613,14.74772],[74.23424,14.74843],[74.24932,14.74118],[74.2628,14.71981],[74.26494,14.71288],[74.25676,14.70756],[74.26663,14.70542],[74.27234,14.70009],[74.28286,14.6753],[74.27552,14.67018],[74.27771,14.66953],[74.27564,14.66635],[74.27938,14.66212],[74.2843,14.66357],[74.27868,14.6565],[74.28227,14.65335],[74.2805,14.64924],[74.28516,14.6471],[74.28644,14.63421],[74.2816,14.62648],[74.27137,14.63007],[74.27043,14.62698],[74.27358,14.62748],[74.28132,14.61014],[74.293,14.59649],[74.31473,14.54572],[74.3108,14.5367],[74.31165,14.5319],[74.31629,14.53087],[74.31599,14.52657],[74.31022,14.52137],[74.32565,14.51985],[74.32669,14.51602],[74.33708,14.51932],[74.34028,14.51466],[74.34471,14.52135],[74.35473,14.52217],[74.35989,14.51092],[74.35542,14.50842],[74.35461,14.5025],[74.3605,14.50107],[74.36378,14.49406],[74.38357,14.43951],[74.38418,14.43413],[74.38025,14.43128],[74.38487,14.42666],[74.38111,14.42439],[74.38603,14.41833],[74.3938,14.41859],[74.39767,14.40818],[74.41295,14.31727],[74.44304,14.22988],[74.44166,14.22457],[74.44959,14.21616],[74.45347,14.20029],[74.46391,14.20053],[74.46893,14.18868],[74.47896,14.1438],[74.47709,14.14019],[74.48669,14.10516],[74.48567,14.09447],[74.49995,14.04825],[74.50136,14.02335],[74.50916,14.00765],[74.51398,13.98686],[74.53245,13.96482],[74.53474,13.96781],[74.539,13.96439],[74.54929,13.94915],[74.55717,13.95134],[74.56132,13.94541],[74.56718,13.9488],[74.57823,13.92675],[74.58199,13.92524],[74.59014,13.93027],[74.59569,13.94127],[74.59708,13.93166],[74.60554,13.94066],[74.61892,13.9411],[74.62039,13.93541],[74.62361,13.93611],[74.63045,13.94543],[74.63765,13.93766],[74.6474,13.94038],[74.65157,13.94593],[74.64428,13.9575],[74.65535,13.97461],[74.66518,13.98215],[74.66311,13.99389],[74.67751,14.03478],[74.65521,14.03909],[74.65392,14.04386],[74.66084,14.05836],[74.65357,14.07443],[74.63735,14.09459],[74.65566,14.11327],[74.6463,14.11441],[74.643,14.13599],[74.64488,14.14207],[74.62899,14.14423],[74.62522,14.16249],[74.65057,14.17006],[74.6655,14.18441],[74.69054,14.16617],[74.69748,14.17309],[74.70747,14.17],[74.72337,14.15258],[74.74302,14.14902],[74.74791,14.14266],[74.74842,14.15685],[74.72873,14.17489],[74.71871,14.21394],[74.71592,14.23323],[74.72999,14.26382],[74.74489,14.25534],[74.76369,14.2379],[74.77294,14.23936],[74.79176,14.22735],[74.80334,14.23202],[74.81823,14.23231],[74.82223,14.22779],[74.83228,14.23002],[74.85338,14.21122],[74.85923,14.21876],[74.86629,14.21971],[74.86839,14.23802],[74.8732,14.24123],[74.88024,14.23459],[74.87528,14.22777],[74.87609,14.2194],[74.88,14.21949],[74.87764,14.21577],[74.89006,14.21682],[74.89618,14.2206],[74.89682,14.22738],[74.90016,14.22968],[74.91981,14.22749],[74.92885,14.2353],[74.92716,14.23683],[74.93039,14.24104],[74.93533,14.24312],[74.9383,14.25629],[74.9342,14.26329],[74.92839,14.2647],[74.92722,14.27657],[74.92387,14.2783],[74.9166,14.27311],[74.90999,14.27816],[74.90757,14.28535],[74.90692,14.29467],[74.91354,14.29928],[74.92034,14.31569],[74.93679,14.32234],[74.95178,14.31688],[74.95781,14.32337],[74.96814,14.31509],[74.97675,14.31968],[74.97322,14.32328],[74.97239,14.32039],[74.96962,14.3257],[74.97623,14.33156],[74.97437,14.33751],[74.95909,14.34214],[74.95509,14.34985],[74.93924,14.35848],[74.94069,14.36765],[74.9498,14.37599],[74.94867,14.39898],[74.93357,14.40393],[74.91714,14.43149],[74.88077,14.42917],[74.87457,14.44756],[74.89062,14.46216],[74.8989,14.4641],[74.90877,14.45767],[74.92095,14.45915],[74.91829,14.46644],[74.90301,14.47321],[74.89341,14.47397],[74.88925,14.47932],[74.89463,14.50739],[74.90207,14.51517],[74.90092,14.52934],[74.9268,14.52902],[74.93572,14.51869],[74.94102,14.53452],[74.94333,14.53266],[74.94863,14.53641],[74.95424,14.5512],[74.9768,14.54867],[74.97968,14.5242],[74.97253,14.52385],[74.97178,14.52076],[74.98222,14.51325],[74.9906,14.5011],[74.9911,14.49339],[74.98449,14.48633],[74.98951,14.47269],[75.00548,14.48052],[75.00877,14.48413],[75.00645,14.48745],[75.01857,14.49673],[75.04064,14.50018],[75.0406,14.5219],[75.03686,14.5294],[75.05235,14.53355],[75.05462,14.53956],[75.0613,14.54358],[75.05474,14.54886],[75.04406,14.54603],[75.03352,14.55876],[75.02428,14.56108],[75.021,14.56947],[75.02086,14.57448],[75.02666,14.58346],[75.02323,14.602],[75.02674,14.6157],[75.04018,14.63762],[75.04895,14.64204],[75.05084,14.6495],[75.04053,14.66073],[75.03523,14.65798],[75.03098,14.66493],[75.03045,14.67234],[75.03596,14.67559],[75.03215,14.70792],[75.01721,14.70991],[75.01513,14.72037],[75.02254,14.72558],[75.02847,14.72578],[75.03038,14.72993],[75.03826,14.72788],[75.03781,14.73833],[75.0444,14.7392],[75.04345,14.74283],[75.04714,14.74447],[75.04693,14.7526],[75.04021,14.76692],[75.0411,14.77402],[75.06294,14.77643],[75.06564,14.7821],[75.06991,14.78297],[75.06675,14.78609],[75.06849,14.79842],[75.05581,14.80499],[75.05542,14.81469],[75.07487,14.80857],[75.09163,14.81114],[75.09035,14.82021],[75.07383,14.8258],[75.06784,14.84005],[75.07393,14.85584],[75.07167,14.86778],[75.07439,14.86893],[75.0715,14.8716],[75.07141,14.90051],[75.06735,14.91868],[75.07777,14.923],[75.08475,14.92145],[75.08225,14.92594],[75.10126,14.92684],[75.10292,14.93424],[75.09447,14.95133],[75.09892,14.95633],[75.08383,14.95643],[75.08134,14.96915],[75.07617,14.97381],[75.06927,15.01517],[75.07714,15.03725],[75.0739,15.04092],[75.07409,15.05241],[75.08204,15.07461],[75.07095,15.07034],[75.05821,15.0723],[75.05528,15.07376],[75.05399,15.08288],[75.03357,15.07849],[75.03025,15.07313],[75.02227,15.07025],[75.01832,15.07258],[75.01293,15.06828],[75.00843,15.07138],[74.99841,15.07007],[74.99404,15.07349],[74.97931,15.06899],[74.96366,15.06938],[74.95761,15.06483],[74.94062,15.06644],[74.94056,15.05194],[74.92393,15.04844],[74.91706,15.03878],[74.9107,15.04114],[74.90814,15.05084],[74.89093,15.04476],[74.88719,15.06559],[74.87846,15.07377],[74.88011,15.08475],[74.88947,15.08881],[74.89322,15.09357],[74.89198,15.09697],[74.87414,15.10277],[74.8593,15.10272],[74.85125,15.12087],[74.8433,15.1219],[74.84075,15.12721],[74.83147,15.13183],[74.82927,15.13963],[74.83743,15.1439],[74.835,15.15029],[74.84841,15.16291],[74.85108,15.17158],[74.86242,15.17812],[74.86526,15.18697],[74.87737,15.19317],[74.87307,15.21635],[74.88732,15.22884],[74.88767,15.23425],[74.91023,15.25103],[74.90442,15.28222],[74.89645,15.30167],[74.89356,15.30048],[74.88886,15.30705],[74.88193,15.29876],[74.87368,15.29848],[74.87836,15.31],[74.87457,15.31509],[74.8762,15.31665],[74.86071,15.32724],[74.85363,15.34119],[74.84742,15.34049],[74.84513,15.33563],[74.83584,15.33456],[74.8284,15.34064],[74.81914,15.37036],[74.82436,15.37476],[74.8309,15.3728],[74.82096,15.38509],[74.8022,15.37797],[74.794,15.37843],[74.78663,15.38474],[74.78238,15.39432],[74.76926,15.40099],[74.76523,15.39961],[74.77067,15.40785],[74.76667,15.41721],[74.75572,15.41132],[74.74136,15.41231],[74.73386,15.40859],[74.72625,15.41149],[74.70653,15.4076],[74.69936,15.41004],[74.68958,15.39789],[74.64932,15.39002],[74.6324,15.36696],[74.61392,15.35846],[74.60272,15.36666],[74.59726,15.37612],[74.58565,15.38256],[74.5822,15.39023],[74.57623,15.39139],[74.56833,15.40242],[74.54469,15.41681],[74.53527,15.41868],[74.51692,15.40232],[74.50278,15.4037],[74.48261,15.39581],[74.47256,15.39779],[74.47379,15.40246],[74.46454,15.41507],[74.46035,15.41324],[74.45646,15.40307],[74.44585,15.40667],[74.4386,15.40505],[74.43236,15.39871],[74.42637,15.39839],[74.42188,15.46359],[74.41327,15.4739],[74.40439,15.47386],[74.38672,15.48413],[74.37485,15.48075],[74.34248,15.51795],[74.32684,15.517],[74.29571,15.52286]]]]}},{"type":"Feature","properties":{"id":"audit-vijayapura","district":"Vijayapura","districtName":{"en":"Vijayapura","kn":"ವಿಜಯಪುರ"},"lgdCode":530,"sourceObjectId":29},"geometry":{"type":"Polygon","coordinates":[[[75.66002,17.45769],[75.64879,17.47033],[75.63298,17.47721],[75.62761,17.46277],[75.62161,17.45925],[75.61335,17.42474],[75.6066,17.42037],[75.61208,17.4074],[75.61352,17.39192],[75.60612,17.39448],[75.5936,17.3873],[75.57414,17.3833],[75.58085,17.35122],[75.61003,17.34504],[75.61209,17.32514],[75.60373,17.3055],[75.62241,17.2951],[75.62547,17.28532],[75.63022,17.28084],[75.62785,17.27434],[75.65417,17.27382],[75.65772,17.26321],[75.66191,17.21458],[75.65539,17.20553],[75.64259,17.19765],[75.63993,17.18887],[75.62843,17.18866],[75.62538,17.174],[75.62826,17.16269],[75.6452,17.14421],[75.64953,17.13438],[75.65035,17.11569],[75.67229,17.116],[75.67234,17.1014],[75.67579,17.09529],[75.67337,17.0912],[75.67874,17.07715],[75.67672,17.06542],[75.6604,17.0645],[75.65031,17.05726],[75.641,17.03758],[75.64999,17.03224],[75.66969,17.03816],[75.66608,16.97977],[75.67184,16.97593],[75.67255,16.97013],[75.67708,16.969],[75.67577,16.96642],[75.66991,16.96182],[75.6554,16.96153],[75.64854,16.95871],[75.64598,16.95401],[75.64206,16.95455],[75.63393,16.97026],[75.60786,16.971],[75.60689,17.00457],[75.5731,17.00961],[75.56722,17.00905],[75.56765,16.96575],[75.56413,16.96791],[75.53917,16.96548],[75.52931,16.9694],[75.50966,16.95025],[75.49035,16.94467],[75.48779,16.96562],[75.48324,16.97599],[75.46618,16.98131],[75.46555,16.98837],[75.4416,16.98223],[75.42788,16.96649],[75.39214,16.98009],[75.36854,16.97195],[75.35293,16.95903],[75.34158,16.95617],[75.34124,16.94152],[75.3342,16.91243],[75.33563,16.86939],[75.35379,16.87114],[75.39495,16.86315],[75.37888,16.82408],[75.37869,16.79841],[75.38082,16.79854],[75.38435,16.76342],[75.39239,16.75957],[75.42604,16.76793],[75.44275,16.75727],[75.46529,16.75492],[75.47696,16.74732],[75.49185,16.74563],[75.4883,16.69449],[75.4626,16.69991],[75.4378,16.69785],[75.44721,16.6651],[75.45494,16.66386],[75.46205,16.62256],[75.48492,16.60643],[75.49361,16.59315],[75.49113,16.58563],[75.48486,16.5808],[75.48387,16.5731],[75.47806,16.56738],[75.47295,16.56696],[75.47224,16.56336],[75.48836,16.5551],[75.49073,16.52602],[75.48587,16.5086],[75.4555,16.50669],[75.46322,16.47379],[75.4331,16.43838],[75.4328,16.43095],[75.44874,16.41326],[75.4578,16.41271],[75.46552,16.41845],[75.48682,16.4176],[75.49847,16.43071],[75.49562,16.44669],[75.49906,16.45357],[75.53318,16.46635],[75.54333,16.46403],[75.55219,16.45592],[75.5568,16.42458],[75.56197,16.41569],[75.56984,16.41183],[75.57509,16.41278],[75.58398,16.43256],[75.59943,16.44652],[75.60739,16.44794],[75.63459,16.44384],[75.67115,16.42483],[75.67781,16.42419],[75.68866,16.41438],[75.70302,16.40778],[75.72081,16.39099],[75.77318,16.38322],[75.78919,16.37406],[75.81029,16.37029],[75.84048,16.34905],[75.87327,16.3447],[75.89122,16.32701],[75.93045,16.31577],[75.95602,16.2972],[75.99219,16.2996],[76.00946,16.30453],[76.02641,16.30067],[76.03244,16.28941],[76.05866,16.27132],[76.06531,16.26207],[76.06802,16.24374],[76.05786,16.22767],[76.06123,16.21328],[76.06771,16.20756],[76.08481,16.20481],[76.13924,16.1811],[76.15958,16.18623],[76.17202,16.1849],[76.24979,16.16435],[76.27176,16.15167],[76.28052,16.15267],[76.28817,16.15923],[76.29709,16.18469],[76.33148,16.19404],[76.34739,16.21572],[76.34906,16.23017],[76.35276,16.23543],[76.34612,16.24969],[76.34778,16.27768],[76.32017,16.28208],[76.32013,16.28696],[76.29964,16.28323],[76.29803,16.29874],[76.30283,16.31897],[76.29515,16.32034],[76.29135,16.33054],[76.29218,16.33465],[76.30403,16.34086],[76.30541,16.3457],[76.31423,16.34539],[76.31316,16.35671],[76.30477,16.37709],[76.31046,16.3967],[76.31699,16.39419],[76.32576,16.39596],[76.33321,16.39115],[76.33865,16.4059],[76.33055,16.40963],[76.33352,16.41638],[76.33212,16.42696],[76.35052,16.42683],[76.35753,16.42224],[76.38524,16.4256],[76.39029,16.43804],[76.40307,16.43292],[76.43514,16.43772],[76.42983,16.4986],[76.43399,16.51884],[76.42254,16.5518],[76.42286,16.57334],[76.4158,16.59019],[76.41327,16.59021],[76.41503,16.60544],[76.40494,16.62519],[76.40345,16.64867],[76.4063,16.65661],[76.42041,16.67292],[76.42651,16.68604],[76.42533,16.69551],[76.45214,16.71414],[76.46195,16.7083],[76.4594,16.72329],[76.44634,16.72268],[76.44168,16.71364],[76.42263,16.71687],[76.42316,16.72957],[76.42889,16.73355],[76.42888,16.73785],[76.44041,16.74203],[76.43844,16.75332],[76.44265,16.75755],[76.43608,16.76454],[76.41851,16.7689],[76.4183,16.7645],[76.41123,16.76483],[76.41157,16.76818],[76.37092,16.76859],[76.37735,16.80169],[76.39142,16.80271],[76.39637,16.80592],[76.40083,16.80111],[76.41019,16.79884],[76.41373,16.81343],[76.3524,16.81975],[76.35883,16.84261],[76.37428,16.85883],[76.38875,16.85632],[76.40427,16.85853],[76.40404,16.85403],[76.42911,16.85075],[76.4295,16.83736],[76.45997,16.83304],[76.46348,16.83852],[76.47098,16.83879],[76.47066,16.84706],[76.46197,16.84929],[76.45854,16.86691],[76.43806,16.868],[76.43665,16.88134],[76.43316,16.88181],[76.43361,16.89762],[76.46528,16.90273],[76.4649,16.91386],[76.45848,16.92791],[76.45178,16.92781],[76.44756,16.9406],[76.4341,16.94325],[76.42785,16.9274],[76.39905,16.93533],[76.40227,16.94216],[76.40037,16.97708],[76.42496,16.97802],[76.43664,16.98173],[76.44043,16.99677],[76.43315,17.02549],[76.43726,17.02669],[76.43115,17.02987],[76.42734,17.05354],[76.43109,17.05342],[76.42941,17.09965],[76.41007,17.08916],[76.39817,17.07005],[76.38798,17.07258],[76.39035,17.09712],[76.38413,17.10263],[76.36612,17.10725],[76.36226,17.11604],[76.36741,17.12384],[76.3912,17.13082],[76.39458,17.14298],[76.38351,17.14659],[76.36747,17.13767],[76.35999,17.14025],[76.36894,17.16674],[76.36463,17.18139],[76.35631,17.18873],[76.33321,17.17078],[76.27684,17.16746],[76.26446,17.15143],[76.25345,17.14873],[76.24051,17.15243],[76.23612,17.16318],[76.22371,17.17477],[76.22052,17.18543],[76.19244,17.18503],[76.17771,17.1933],[76.16643,17.21061],[76.12752,17.24499],[76.11365,17.25239],[76.08762,17.25797],[76.08686,17.26849],[76.09865,17.28325],[76.09978,17.28978],[76.08939,17.29888],[76.06578,17.30965],[76.07316,17.33243],[76.06161,17.35494],[76.02853,17.35114],[76.01148,17.35301],[75.99827,17.33797],[75.96871,17.33647],[75.93082,17.32257],[75.91008,17.34452],[75.8945,17.35083],[75.89058,17.35652],[75.89524,17.37818],[75.89406,17.4012],[75.88419,17.41796],[75.87651,17.41614],[75.8752,17.39809],[75.86088,17.38559],[75.85641,17.38943],[75.85108,17.41053],[75.83026,17.42181],[75.82144,17.42122],[75.81358,17.39572],[75.81403,17.37348],[75.80701,17.36822],[75.79566,17.36909],[75.77798,17.3781],[75.77103,17.38749],[75.76515,17.40591],[75.75309,17.40713],[75.73359,17.42009],[75.72807,17.41942],[75.71244,17.40793],[75.69073,17.40947],[75.6835,17.41692],[75.67809,17.43406],[75.67771,17.45366],[75.67231,17.45811],[75.66002,17.45769]]]}},{"type":"Feature","properties":{"id":"audit-vijayanagara","district":"Vijayanagara","districtName":{"en":"Vijayanagara","kn":"ವಿಜಯನಗರ"},"lgdCode":738,"sourceObjectId":31},"geometry":{"type":"Polygon","coordinates":[[[76.54981,15.34725],[76.55766,15.36629],[76.54066,15.38114],[76.49332,15.34497],[76.47715,15.34952],[76.47178,15.34438],[76.46025,15.34436],[76.4506,15.33923],[76.4318,15.33915],[76.40458,15.32568],[76.38891,15.33083],[76.364,15.3284],[76.35069,15.31042],[76.34053,15.27599],[76.33365,15.26363],[76.31967,15.2644],[76.30284,15.2557],[76.30093,15.24258],[76.29151,15.23223],[76.29133,15.22304],[76.26822,15.20661],[76.25715,15.20627],[76.25494,15.19707],[76.249,15.19074],[76.22966,15.18845],[76.21884,15.19659],[76.21777,15.2017],[76.23264,15.22776],[76.23116,15.2313],[76.18746,15.23502],[76.15986,15.21491],[76.15746,15.21013],[76.16019,15.20082],[76.15589,15.19583],[76.12504,15.20336],[76.1117,15.19862],[76.10577,15.18465],[76.10343,15.16838],[76.09372,15.16276],[76.05684,15.15696],[76.0414,15.14439],[76.02481,15.14272],[76.00608,15.14916],[75.99541,15.14674],[75.97848,15.15277],[75.95418,15.1379],[75.92807,15.14191],[75.90228,15.13166],[75.90092,15.12153],[75.88486,15.10758],[75.88854,15.09688],[75.90278,15.08581],[75.9088,15.07672],[75.90716,15.06132],[75.90348,15.05668],[75.88367,15.05231],[75.87393,15.0353],[75.85954,15.03638],[75.84613,15.0449],[75.83851,15.04162],[75.83325,15.02866],[75.80768,15.0245],[75.78483,15.00234],[75.78016,14.99164],[75.77917,14.97718],[75.7607,14.96839],[75.7416,14.94501],[75.73521,14.94454],[75.72033,14.95118],[75.70108,14.94844],[75.68288,14.94008],[75.68324,14.92749],[75.69619,14.89205],[75.7281,14.89748],[75.73907,14.8873],[75.7343,14.88293],[75.73268,14.86359],[75.72155,14.8642],[75.71252,14.8527],[75.69517,14.85216],[75.69369,14.85886],[75.69028,14.85684],[75.66389,14.80703],[75.66542,14.80007],[75.67768,14.79796],[75.69175,14.78226],[75.71337,14.77884],[75.72238,14.77194],[75.72108,14.75217],[75.7028,14.73239],[75.70425,14.72522],[75.71781,14.71954],[75.75622,14.73877],[75.75981,14.77574],[75.77151,14.78226],[75.77292,14.79162],[75.77649,14.78569],[75.79876,14.7689],[75.8252,14.77894],[75.8337,14.7967],[75.83393,14.81008],[75.818,14.8345],[75.81111,14.82928],[75.80534,14.84129],[75.81029,14.84269],[75.80975,14.84805],[75.80169,14.86886],[75.81603,14.89977],[75.82566,14.8992],[75.83222,14.88347],[75.84479,14.88985],[75.84773,14.8844],[75.85391,14.88356],[75.85373,14.86359],[75.86912,14.85436],[75.87317,14.868],[75.88738,14.86861],[75.89772,14.8808],[75.9275,14.88959],[75.92821,14.89233],[75.93431,14.89203],[75.94004,14.90001],[75.96533,14.90302],[75.96592,14.90847],[75.97709,14.89844],[75.98452,14.90817],[75.99729,14.89812],[76.00504,14.90192],[76.0057,14.90593],[76.0105,14.90523],[76.01266,14.89633],[76.0141,14.90207],[76.03257,14.9245],[76.04476,14.93194],[76.04766,14.93028],[76.05128,14.91616],[76.06212,14.91585],[76.06971,14.90892],[76.08466,14.91335],[76.08243,14.90443],[76.06624,14.88396],[76.07272,14.86884],[76.08774,14.87257],[76.09416,14.86968],[76.12888,14.86912],[76.13053,14.86076],[76.15471,14.86121],[76.15461,14.85743],[76.15935,14.85387],[76.15933,14.84716],[76.19069,14.84648],[76.19431,14.82082],[76.17613,14.82203],[76.16057,14.82992],[76.15521,14.82783],[76.15334,14.82134],[76.1464,14.82348],[76.1429,14.79321],[76.14936,14.7839],[76.16895,14.78515],[76.1809,14.76406],[76.19233,14.76834],[76.196,14.75648],[76.20058,14.75323],[76.20094,14.73914],[76.19861,14.73912],[76.19713,14.72499],[76.18713,14.72251],[76.18369,14.7003],[76.19343,14.69797],[76.19354,14.68198],[76.20443,14.67788],[76.2305,14.64931],[76.23925,14.67853],[76.24901,14.6975],[76.25689,14.70072],[76.2579,14.69604],[76.27232,14.69573],[76.27332,14.68829],[76.27948,14.68464],[76.30158,14.68999],[76.31233,14.68722],[76.3152,14.69234],[76.32214,14.69241],[76.33814,14.68567],[76.34294,14.66572],[76.37931,14.66202],[76.37457,14.65377],[76.37453,14.64656],[76.38987,14.64861],[76.39361,14.62688],[76.40189,14.62739],[76.40314,14.62361],[76.42167,14.62479],[76.43214,14.61831],[76.43223,14.60473],[76.4236,14.58165],[76.46228,14.57625],[76.50507,14.56537],[76.51004,14.56039],[76.53527,14.56117],[76.5352,14.56484],[76.54215,14.5666],[76.5497,14.57347],[76.55064,14.57888],[76.56746,14.58732],[76.57404,14.60268],[76.58505,14.61741],[76.60086,14.62084],[76.59599,14.63058],[76.60282,14.63377],[76.61212,14.64838],[76.59734,14.65343],[76.59802,14.66928],[76.61058,14.66874],[76.60833,14.68762],[76.61745,14.69251],[76.62408,14.70243],[76.63033,14.70078],[76.63608,14.70435],[76.63754,14.70992],[76.6448,14.71297],[76.65119,14.72527],[76.64707,14.73079],[76.65153,14.73727],[76.6488,14.75625],[76.65541,14.75772],[76.6602,14.76562],[76.65984,14.77171],[76.66692,14.77527],[76.66727,14.78251],[76.67286,14.78834],[76.66747,14.79379],[76.67481,14.79411],[76.68276,14.80864],[76.69246,14.81328],[76.70461,14.81788],[76.71679,14.81834],[76.73417,14.81354],[76.74171,14.81832],[76.7424,14.82366],[76.7117,14.83731],[76.71503,14.85196],[76.71337,14.86532],[76.69752,14.8882],[76.67794,14.88717],[76.6748,14.89698],[76.66627,14.89455],[76.64832,14.89663],[76.63779,14.89259],[76.6331,14.88345],[76.59486,14.88161],[76.5927,14.86405],[76.58692,14.85879],[76.57,14.86563],[76.565,14.88034],[76.54172,14.88151],[76.53851,14.87609],[76.53033,14.8757],[76.53339,14.87196],[76.52353,14.86956],[76.51769,14.8731],[76.49954,14.86845],[76.49929,14.863],[76.49565,14.86095],[76.48187,14.8594],[76.4751,14.86845],[76.47534,14.88114],[76.47072,14.88184],[76.46518,14.87634],[76.46406,14.88122],[76.45912,14.88391],[76.46063,14.89167],[76.45297,14.91072],[76.45298,14.91758],[76.46992,14.927],[76.46186,14.92498],[76.43453,14.93518],[76.43014,14.93532],[76.4259,14.93076],[76.39799,14.93309],[76.40175,14.93483],[76.40786,14.95102],[76.39411,14.95498],[76.39401,14.95851],[76.37469,14.95734],[76.37606,14.98236],[76.36314,14.98558],[76.36596,14.99231],[76.36145,14.9959],[76.37153,14.99692],[76.37913,15.01148],[76.37868,15.02249],[76.39382,15.0225],[76.40486,15.02939],[76.40393,15.03782],[76.39255,15.05368],[76.3924,15.06471],[76.40984,15.06184],[76.422,15.04596],[76.45166,15.03866],[76.46117,15.0425],[76.47996,15.0705],[76.45957,15.0917],[76.44015,15.13719],[76.41474,15.17313],[76.40389,15.18112],[76.39586,15.19339],[76.40916,15.19378],[76.42323,15.20713],[76.43134,15.21713],[76.42768,15.224],[76.43188,15.23294],[76.44827,15.22064],[76.48042,15.20966],[76.49974,15.18174],[76.5095,15.18593],[76.51811,15.18154],[76.53491,15.199],[76.55,15.19179],[76.55542,15.2022],[76.57376,15.19341],[76.60366,15.19551],[76.61549,15.22212],[76.61348,15.22573],[76.60243,15.22006],[76.59907,15.24022],[76.6047,15.24462],[76.60646,15.26332],[76.59993,15.26308],[76.5952,15.25804],[76.58137,15.25296],[76.57563,15.26334],[76.58214,15.29494],[76.58901,15.29803],[76.59091,15.30663],[76.58136,15.30678],[76.57778,15.31142],[76.55524,15.31717],[76.55145,15.32425],[76.55316,15.33798],[76.54981,15.34725]]]}},{"type":"Feature","properties":{"id":"audit-yadgir","district":"Yadgir","districtName":{"en":"Yadgir","kn":"ಯಾದಗಿರಿ"},"lgdCode":635,"sourceObjectId":30},"geometry":{"type":"Polygon","coordinates":[[[77.07126,16.94513],[77.07258,16.95272],[77.06325,16.95374],[77.06567,16.94933],[77.06289,16.94536],[77.05836,16.94658],[77.05693,16.93936],[77.04672,16.93236],[77.0411,16.92303],[77.01953,16.92744],[77.0176,16.89862],[77.03385,16.89333],[77.03388,16.88381],[77.04277,16.88073],[77.04139,16.86997],[77.01969,16.86744],[77.00696,16.85785],[76.97987,16.86143],[76.97838,16.85462],[76.98323,16.83988],[76.99515,16.83731],[76.99062,16.81222],[76.98082,16.80976],[76.94437,16.83107],[76.92669,16.83045],[76.91953,16.81788],[76.91073,16.81659],[76.90372,16.83038],[76.90167,16.85468],[76.91438,16.86071],[76.92063,16.87001],[76.91347,16.87543],[76.90152,16.8782],[76.90146,16.89256],[76.8705,16.89588],[76.87021,16.89261],[76.85683,16.8912],[76.85458,16.87883],[76.84132,16.86645],[76.83098,16.86912],[76.82883,16.87302],[76.81638,16.8737],[76.81315,16.85855],[76.80479,16.85026],[76.79106,16.84998],[76.78891,16.83729],[76.75993,16.84413],[76.7634,16.84054],[76.75867,16.83576],[76.75462,16.82035],[76.74807,16.82027],[76.74471,16.81585],[76.74755,16.75538],[76.74372,16.75097],[76.72888,16.75388],[76.72904,16.77233],[76.73643,16.77354],[76.7349,16.77874],[76.72475,16.78474],[76.7194,16.77793],[76.70923,16.78055],[76.70938,16.79249],[76.70204,16.79298],[76.69761,16.78645],[76.67936,16.78472],[76.67554,16.76516],[76.66079,16.76701],[76.65271,16.75097],[76.65873,16.72508],[76.63543,16.73507],[76.63547,16.7458],[76.623,16.74249],[76.62355,16.76553],[76.5822,16.76566],[76.58047,16.75844],[76.56952,16.75341],[76.55355,16.75311],[76.54724,16.7479],[76.5164,16.75107],[76.50331,16.74117],[76.5029,16.72298],[76.48133,16.71216],[76.4608,16.71114],[76.46195,16.7083],[76.45214,16.71414],[76.42533,16.69551],[76.42651,16.68604],[76.42022,16.67262],[76.4063,16.65661],[76.40335,16.63928],[76.40494,16.62519],[76.41503,16.60544],[76.41327,16.59021],[76.4158,16.59019],[76.42286,16.57334],[76.42278,16.55085],[76.43399,16.51884],[76.42983,16.4986],[76.43478,16.4359],[76.40307,16.43292],[76.39029,16.43804],[76.38524,16.4256],[76.35753,16.42224],[76.35052,16.42683],[76.33212,16.42696],[76.33352,16.41638],[76.33055,16.40963],[76.33865,16.4059],[76.33464,16.39335],[76.33191,16.39117],[76.32576,16.39596],[76.31699,16.39419],[76.31046,16.3967],[76.30544,16.38288],[76.31423,16.34539],[76.30567,16.34587],[76.30352,16.34034],[76.29157,16.3324],[76.29515,16.32034],[76.30283,16.31897],[76.29803,16.29874],[76.29964,16.28323],[76.32013,16.28696],[76.32017,16.28208],[76.34778,16.27768],[76.34612,16.24969],[76.35276,16.23543],[76.34906,16.23017],[76.34739,16.21572],[76.33148,16.19404],[76.3514,16.20054],[76.35573,16.20628],[76.36131,16.2073],[76.36871,16.21797],[76.38602,16.22534],[76.39766,16.23655],[76.41577,16.2455],[76.41914,16.24905],[76.41451,16.25052],[76.41664,16.25299],[76.46722,16.28201],[76.48211,16.2943],[76.51781,16.30223],[76.56816,16.32988],[76.58327,16.33142],[76.59011,16.33874],[76.61125,16.34161],[76.63226,16.35606],[76.65024,16.36097],[76.66593,16.37355],[76.70159,16.39226],[76.74427,16.40956],[76.75044,16.42044],[76.76079,16.42864],[76.78549,16.41776],[76.84101,16.43044],[76.85445,16.44129],[76.86471,16.45683],[76.86322,16.48257],[76.87073,16.48974],[76.88225,16.49238],[76.91183,16.48489],[76.9412,16.49962],[76.97133,16.50375],[76.97656,16.51665],[76.96805,16.54458],[76.97059,16.55419],[76.97844,16.56092],[76.99431,16.56019],[77.00741,16.55003],[77.0101,16.54276],[77.0053,16.51556],[77.01322,16.49958],[77.02558,16.5016],[77.04397,16.5183],[77.05764,16.51978],[77.06873,16.50757],[77.08696,16.49898],[77.09215,16.49345],[77.09766,16.49373],[77.1228,16.48166],[77.14301,16.47993],[77.15606,16.47265],[77.16411,16.46016],[77.16507,16.45092],[77.1622,16.44526],[77.17334,16.43258],[77.24149,16.41802],[77.26735,16.4037],[77.28821,16.4087],[77.26895,16.43046],[77.26207,16.45184],[77.24441,16.46331],[77.23576,16.47274],[77.23977,16.47625],[77.24719,16.47769],[77.26604,16.4725],[77.294,16.47667],[77.29932,16.48791],[77.29871,16.49616],[77.3203,16.49222],[77.32357,16.48684],[77.32956,16.48591],[77.34439,16.48694],[77.35143,16.49106],[77.36901,16.48867],[77.37007,16.50458],[77.3791,16.51455],[77.40221,16.52152],[77.41689,16.5173],[77.41902,16.54892],[77.40376,16.55119],[77.3975,16.56476],[77.39262,16.56399],[77.39287,16.56997],[77.40001,16.56752],[77.40565,16.57186],[77.41537,16.56752],[77.42149,16.56824],[77.43971,16.58715],[77.46222,16.58548],[77.46483,16.59242],[77.46212,16.59721],[77.4673,16.59854],[77.4678,16.60976],[77.45819,16.61071],[77.45365,16.61675],[77.45616,16.62299],[77.46392,16.62824],[77.47611,16.65011],[77.4624,16.65427],[77.44436,16.63913],[77.43434,16.64138],[77.4386,16.64533],[77.42972,16.6562],[77.41901,16.65844],[77.41886,16.66857],[77.44255,16.66985],[77.44772,16.67931],[77.4639,16.6763],[77.46996,16.68773],[77.46989,16.7056],[77.47405,16.71656],[77.46381,16.71917],[77.45779,16.71594],[77.44718,16.72073],[77.44613,16.71649],[77.44198,16.71703],[77.43846,16.71168],[77.4328,16.7173],[77.42767,16.71663],[77.42602,16.72114],[77.43097,16.72312],[77.42696,16.72891],[77.4333,16.73669],[77.44315,16.76251],[77.43788,16.77471],[77.4395,16.78913],[77.44107,16.78622],[77.46719,16.78045],[77.4745,16.78124],[77.4765,16.78837],[77.47339,16.78921],[77.47426,16.80232],[77.4657,16.80592],[77.46244,16.81374],[77.46324,16.82221],[77.45708,16.83018],[77.46406,16.85059],[77.46036,16.88475],[77.42504,16.88513],[77.41112,16.87469],[77.40143,16.8832],[77.40178,16.89668],[77.40646,16.90188],[77.40264,16.8998],[77.40187,16.90306],[77.39575,16.90332],[77.38943,16.89117],[77.38906,16.89638],[77.38466,16.89848],[77.38404,16.89413],[77.37655,16.8946],[77.37666,16.89792],[77.37139,16.89766],[77.36578,16.90459],[77.35162,16.908],[77.34172,16.93418],[77.33601,16.92986],[77.31867,16.93644],[77.31137,16.92741],[77.29497,16.9324],[77.28948,16.93723],[77.28906,16.93351],[77.26302,16.92825],[77.2462,16.9329],[77.24192,16.9431],[77.23267,16.93905],[77.23164,16.94282],[77.21137,16.94492],[77.20847,16.93764],[77.19938,16.93379],[77.19608,16.92675],[77.18402,16.94245],[77.16564,16.93892],[77.16152,16.9308],[77.16021,16.91557],[77.13834,16.91495],[77.12557,16.91795],[77.11307,16.90688],[77.1007,16.90524],[77.09307,16.90659],[77.08614,16.93683],[77.07581,16.9427],[77.07144,16.93969],[77.07126,16.94513]]]}}]}
