ಕ್ರ. ಸಂ,ಪತ್ರಿಕೆಯ ಹೆಸರು,ಪ್ರಾರಂಭದ ವರ್ಷ,ಪ್ರಕಟಿಸಿದಸ್ಥಳ,ಪ್ರಕಾಶಕರು,ಸ್ಥಾಪಕ ಸಂಪಾದಕ/ಸಂಪಾದಕ,ಆವರ್ತಕತೆ,ಭಾಷೆ,ಹಾವನೂರು ಶ್ರೀನಿವಾಸ್,ಕೆಪಿಎ
1,ಮಂಗಳೂರು ಸಮಾಚಾರ,1843/1844,ದಕ್ಷಿಣಕನ್ನಡ,ಬೇಸೆಲ್ ಮಿಷನ್ ಇನ್ಸ್ಟಿಟ್ಯೂಟ್,ಹರ್ಮನ್ ಮೋಗ್ಲಿಂಗ್,,ಕನ್ನಡ,,
2,ಕ್ಯಾನರೀಸ್ ನ್ಯೂಸ್‌ಪೇಪರ್/ಕನ್ನಡ ಸಮಾಚಾರವು,1844,ಬಳ್ಳಾರಿ,ಹರ್ಮನ್ ಮೋಗ್ಲಿಂಗ್,ಹರ್ಮನ್ ಮೋಗ್ಲಿಂಗ್,ಪಾಕ್ಷಿಕ,ಕನ್ನಡ,,
3,ಸೌತ್ ಕೆನರಾ ಗೆಜೆಟ್,1858,ದಕ್ಷಿಣಕನ್ನಡ,,,,ಕನ್ನಡ/ ಇಂಗ್ಲೀಷ್,,
4,ಕನ್ನಡ ‌ಜ್ಞಾನ ಬೋದಕವು,1861,ಬೆಳಗಾವಿ,ಕೆನರಾ  ವರ್ನಾಕ್ಯುಲರ್ ಸೊಸೈಟಿ ,ವೆಂಕಟ ರಂಗೋ  ಕಾಟಿ ,ಮಾಸಿಕ,ಕನ್ನಡ,,
5,ಕನ್ನಡ ಪ್ರಾಥಮಿಕ ಶಿಕ್ಷಣ ,1861,ಧಾರವಾಡ,ಕೆ. ಜಿ. ಕುರ್ತಕೋಟ ,ಕೆ. ಜಿ. ಕುರ್ತಕೋಟ ,ಮಾಸಿಕ sc,ಕನ್ನಡ,"1955, Training college, edi- Hanumantha Rao and Deshpande",
6,ಕರ್ನಾಟಕ ಜ್ಞಾನ ಮಂಜರಿ,1875,ಬೆಳಗಾವಿ,ಬಿಕಾಜಿ ಹರಿ ಸಾವಂತ್ ,ಬಿಕಾಜಿ ಹರಿ ಸಾವಂತ್ ,ಮಾಸಿಕ,ಕನ್ನಡ,1874,1874
7,ಕವಿತ,1887,ಬೆಂಗಳೂರು,ಗೆಳೆಯರ ಪ್ರಕಾಶನ ,ಕೆ. ಎನ್ . ಬಾಲಕೃಷ್ಣ,,ಕನ್ನಡ,,
8,ಚಂದ್ರೋದಯ,1887,ಧಾರವಾಡ,,,ಸಾಪ್ತಾಹಿಕ/ಮಾಸಿಕ,ಕನ್ನಡ,"1876-1902, Ed: Uchaiah vibuti Mata",
9,ಮೈಸೂರು ಸ್ಟಾರ್,1888,ಮೈಸೂರು,ವೈ. ವಿರೂಪಾಕ್ಷಯ್ಯ,ವೈ. ವಿರೂಪಾಕ್ಷಯ್ಯ,ಸಾಪ್ತಾಹಿಕ,ಕನ್ನಡ/ ಇಂಗ್ಲೀಷ್,"1881 -1928,Pub - Mysore Star, Editor - Y Virupakshayya / Veerasangappa",1900
10,ವೃತ್ತಾಂತ ಪತ್ರಿಕೆ,1888,ಮೈಸೂರು,ವೆಸ್ಲೆಯನ್ ಮಿಷನ್,,ಸಾಪ್ತಾಹಿಕ,ಕನ್ನಡ,"1881 - 1940, Henry Hega/ H Galiford",
11,ಕರ್ನಾಟಕ ವೈಭವ,1892,ವಿಜಯಪುರ,,ಎಸ್. ಎನ್ ಪಾಟೀಲ್,ಸಾಪ್ತಾಹಿಕ,ಕನ್ನಡ,"Pub- Narasimha H Mohare & Venkatesha B Nayaka, Edi- Mannuru Gunderao",
12,ವೃತ್ತಾಂತ ಮಂಜರಿ,1893,ಶಿವಮೊಗ್ಗ,,,ಸಾಪ್ತಾಹಿಕ,ಕನ್ನಡ,"1898, Editor - Byadagi Shashagir Rao",1898
13,ಹಳ್ಳಿಯ ರೈತ,1895,ಬೆಂಗಳೂರು,ಕರ್ನಾಟಕ ಪ್ರಿಂಟರ್ಸ್,ಟಿ. ಎನ್. ತಿಮ್ಮಪ್ಪ,ಮಾಸಿಕ,ಕನ್ನಡ,,
14,ಜ್ಞಾನೋದಯ,1896,ಶಿವಮೊಗ್ಗ,,ಶೇಷಗಿರಿ ರಾವ್ ,ಮಾಸಿಕ,ಕನ್ನಡ,,1895
15,ಸಾದ್ವಿ,1899,ಮೈಸೂರು,ಸಿ. ಮಹೇಶ್ವರನ್  ,ತಾತಯ್ಯ / ಅಗರಂ ರಂಗಯ್ಯ / ಸಿ. ಮಹೇಶ್ವರನ್ ,ದೈನಿಕ,ಕನ್ನಡ,"1889 -91, Pub - Sadhvi /Sampada Abhyudaya, Editor - Venkata Krishnayya & Agaram Rangayya",
16,ಶ್ರೀ ಜೈನ ವಿಜಯ,1905,ಬೆಳಗಾವಿ,ಶ್ರೀ ಅನಂತ ಅಣ್ಣಾರಾವ್ ಚೌಗುಲೆ ,ಶ್ರೀ ಅನಂತ ಅಣ್ಣಾರಾವ್ ಚೌಗುಲೆ ,ಮಾಸಿಕ,ಕನ್ನಡ,"Publisher- Dakshina Maharastra Jaina Sabha, Editor- Annappa Fadappa Chougale",
17,ಪ್ರಗತಿ ಮತ್ತು ಜಿನವಿಜಯ,1905,"
ಶ್ರವಣಬೆಳಗೊಳ",ದಕ್ಷಿಣ ಭಾರತ ಜೈನ ಸಭಾ ,,,ಕನ್ನಡ,,
18,ವಿವೇಕೋದಯ,1905,ಶ್ರೀರಂಗಪಟ್ಟಣ,,,ಮಾಸಿಕ,ಕನ್ನಡ/ ಇಂಗ್ಲೀಷ್,,
19,ನಡೆಗನ್ನಡಿ ,1906,ಬೆಂಗಳೂರು,,,,ಕನ್ನಡ,"1895-1908, Pub- M .Srinivasa Iyangar, Founder edi- M. Gopala Iyengar",
20,ಶ್ರೀ ಕೃಷ್ಣ ಸೂಕ್ತಿ,1906,ಮಂಗಳೂರು,ಧರ್ಮ ಪ್ರಕಾಶನ ಪ್ರೆಸ್ ,ಕರೋಡಿ ಸುಬ್ಬಾ ರಾವ್ ಬಿ. ಎನ್ / ಎನ್ ರಾಜಗೋಪಾಲ್ ಕೃಷ್ಣ ರಾವ್ ,ಮಾಸಿಕ,ಕನ್ನಡ,,1905
21,ಸಧ್ಬೋಧ ಚಂದ್ರಿಕೆ ,1910,ಧಾರವಾಡ/ಆನಂದವನ,ಚಿದಂಬರ ಮೂರ್ತಿ ಚಕ್ರವರ್ತಿ ,ಹೆಚ್. ಜಿ. ಚಕ್ರವರ್ತಿ  / ಚಿದಂಬರ ಮೂರ್ತಿ ಚಕ್ರವರ್ತಿ ,ಮಾಸಿಕ,ಕನ್ನಡ,"1907, Pub:
 Seshachala granta Male, Edi : V T Kulkarni Galaganatha",Edi- Venkates ha Rango Kulkarni
22,ಮಂಗಳೂರು ವಾರ್ತೆ,1910,ಮಂಗಳೂರು,ಜಿ.ಆರ್ . ಕುರೂಪ್ ,ಜಿ.ಆರ್ . ಕುರೂಪ್ ,ಮಾಸಿಕ,ಕನ್ನಡ,,
23,ಸೂಪಂಥ ,1911,ಮೈಸೂರು,ಥಿಯೋಸೊಫಿಕಲ್ ಸೊಸೈಟಿ ,ಮಹಾದೇವ ಶಾಸ್ತ್ರಿ ,ಮಾಸಿಕ,ಕನ್ನಡ,,
24,ವಿಕಟ ವಿನೋದಿನಿ,1913,ಬೆಂಗಳೂರು,ಬಿ. ಶಿವಪ್ಪ ,ಬಿ. ಶಿವಪ್ಪ ,ಮಾಸಿಕ,ಕನ್ನಡ,,
25,ವಿಚಾರವಾಹಿನಿ,1913,ಮೈಸೂರು,,ಕೂಡ್ಲಿ  ಚಿದಂಬರಂ ,ಮಾಸಿಕ,ಕನ್ನಡ,,
26,ಪ್ರಾಕೃತ್,1915,ಮೈಸೂರು,,ಮೊಹಮ್ಮದ್ ಜಹಿರುಲ್ ಹಕ್ /ಬಿ ಬಾಲಯ್ಯ ,ದೈನಿಕ,ಕನ್ನಡ/ ಇಂಗ್ಲೀಷ್,,1990
27,ಒಕ್ಕಲಿಗರ ಪತ್ರಿಕೆ ,1916,ಬೆಂಗಳೂರು,,ಎಂ.ಕೆ. ತಿಮ್ಮೇಶ್ ಪ್ರಭು ,ಸಾಪ್ತಾಹಿಕ,ಕನ್ನಡ,,
28,ಕನ್ನಡಾವೃತ ,1916,ಮಂಗಳೂರು,ಶ್ರೀಕಂಠ ಪಾಂಡುರಂಗ ,ಶ್ರೀಕಂಠ ಪಾಂಡುರಂಗ ಶಾನಭಾಗ್ ,ದೈನಿಕ,ಕನ್ನಡ,,
29,ಸತ್ಯವಾದಿ ,1916,ಮೈಸೂರು,ಶಾನಭಾಗ್ ಎಂ.ಎಸ್ . ಕೃಷ್ಣ ರಾವ್ ,ಎಂ.ಎ.  ಸುಬ್ಬ ರಾವ್ / ಎಂ.ಎಸ್ . ಕೃಷ್ಣ ರಾವ್ ,ದೈನಿಕ,ಕನ್ನಡ,1919 -21,1917
30,ಕನ್ನಡ ವೃತ ,1916,ಕುಮಟಾ,ಶ್ರೀಕಂಠ ಪಾಂಡುರಂಗ ಶಾನಭಾಗ್ ,ಶ್ರೀಕಂಠ ಪಾಂಡುರಂಗ ಶಾನಭಾಗ್ ,ಸಾಪ್ತಾಹಿಕ,ಕನ್ನಡ,Pub- Krishna Keshava Shenoy,
31,ಕತೆಗಾರ,1917,ಬೆಂಗಳೂರು,,ಎಂ.ಎನ್. ನಾರಾಯಣ ರಾವ್ / ಜಿ.ಎ. ನರಸಿಂಹ ಮೂರ್ತಿ ,ಮಾಸಿಕ,ಕನ್ನಡ,"1932-66, Pub : R N news agency, fou edi: M N Narayana raya,","1933, pub : Narayana Rao"
32,ಪ್ರಬುದ್ಧ ಕರ್ನಾಟಕ ,1919,ಮೈಸೂರು,ಮೈಸೂರು ವಿಶ್ವವಿದ್ಯಾಲಯ ,ಸಿ.ಪಿ. ಕೃಷ್ಣಕುಮಾರ್ /ಟಿ.ವಿ. ವೆಂಕಟಾಚಲ ಶಾಸ್ತ್ರಿ ,ತ್ರೈಮಾಸಿಕ,ಕನ್ನಡ/ ಇಂಗ್ಲೀಷ್,"1919, Pub - Prasaranga, Editor - T S V enkannaiah/ A R Krishna Shastry, Quarterly","1919,"
33,ಕನ್ನಡ ಧುರೀಣ ,1919,ಕುಮಟಾ,ಗಣೇಶ್ ರಾಮ ಯಾಜಿ,ಗಣೇಶ್ ರಾಮ ಯಾಜಿ,ಸಾಪ್ತಾಹಿಕ,ಕನ್ನಡ,,
34,ಕರ್ನಾಟಕ  ಧುರೀಣ ,1919,ಕುಮಟಾ,ಗಣೇಶ್ ರಾಮ ಯಾಜಿ,ಗಣೇಶ್ ರಾಮ ಯಾಜಿ,ಸಾಪ್ತಾಹಿಕ,ಕನ್ನಡ,,1918
35,ದಿ ಕೆನರಾ ಲೀಡರ್ ,1920,ಕುಮಟಾ,,,ಸಾಪ್ತಾಹಿಕ,ಕನ್ನಡ/ ಇಂಗ್ಲೀಷ್,,
36,ಕೊಡಗು,1921,ಮಡಿಕೇರಿ,ಬಿ. ಡಿ. ಗಣಪತಿ,ಬಿ. ಡಿ. ಗಣಪತಿ,,ಕನ್ನಡ,,
37,ಕೊಡಗು ದೈನಿಕ,1921/1975,ಮಡಿಕೇರಿ,ಎಂ. ಯು. ಕಲ್ಲಪ್ಪ,ಎಂ. ಯು. ಕಲ್ಲಪ್ಪ,ದೈನಿಕ,ಕನ್ನಡ,,
38,ನವಯುಗ,1922,ಬೆಂಗಳೂರು,,ಕೆ. ಹೊನ್ನಯ್ಯ ಶೆಟ್ಟಿ / ಎ.ಬಿ. ಶೆಟ್ಟಿ ,,ಕನ್ನಡ,,
39,ವಿಶ್ವ ಕರ್ನಾಟಕ,1922,ಬೆಂಗಳೂರು,ತಿರುಮಲತಾತಾಚಾರ್ಯ ಶರ್ಮ & ಎಸ್  ಕೃಷ್ಣಶರ್ಮ ಕಾರ್ಯಾಲಯ ,ತಿರುಮಲತಾತಾಚಾರ್ಯ ಶರ್ಮ,ಸಾಪ್ತಾಹಿಕ,ಕನ್ನಡ,1921-55/1977,
40,ಸಧರ್ಮ ಪ್ರಭ ,1923,ಉಜೈನಿ/ಬಳ್ಳಾರಿ, ಶ್ರೀಮದ್ ಉಜೈನಿ ಜಗ್ದಗುರು  ಸಧರ್ಮ ಸಿಂಹಾಸನ ಜ್ಞಾನಗುರು ವಿದ್ಯಾಪೀಠ ,ಎಸ್.ಬಿ. ಸಿದ್ದಪಾದ ಶಿವಾಚಾರ್ಯ ,ಮಾಸಿಕ,ಕನ್ನಡ,,
41,ಪ್ರಜಾ ಮತ,1923,,,,ಮಾಸಿಕ,ಕನ್ನಡ,,
42,ಬಸವರಾಜ್,1924,ಹಾವೇರಿ,ಚೆನ್ನಬಸಪ್ಪ ಮುರುಘೇಂದ್ರಪ್ಪ ಹಾಲಪ್ಪನವರ,ಚೆನ್ನಬಸಪ್ಪ ಮುರುಘೇಂದ್ರಪ್ಪ ಹಾಲಪ್ಪನವರ,,ಕನ್ನಡ,,
43,ಸತ್ಯಾಗ್ರಹಿ,1924,ಉಡುಪಿ,,ಮೂಲ್ಕಿ ವಾಮನ ಕೂಡುವ,ಸಾಪ್ತಾಹಿಕ,ಕನ್ನಡ,,
44,ಅರ್ಥಸಾಧಕ ಪತ್ರಿಕೆ ,1925,ಬೆಂಗಳೂರು,ಹನುಮಂತಯ್ಯ ಗೌಡ,ಹನುಮಂತಯ್ಯ ಗೌಡ,ಸಾಪ್ತಾಹಿಕ,ಕನ್ನಡ,,
45,ಮೈಸೂರು ವ್ಯವಸಾಯ ಪತ್ರಿಕೆ / Mysore Farmers' Forum,1925,ಬೆಂಗಳೂರು,ಭಾರತ ಕೃಷಿಕ ಸಮಾಜ ,,ಮಾಸಿಕ,ಕನ್ನಡ,"Pub : P Y Venkatarayapp a and T K Balakrishna, founder edi: M V Rajashekara",
46,ವಿಶ್ವ ಬಂಧು ,1925,ಮೈಸೂರು,ಎ. ಶಾಂತಿರಾಜ ಶಾಸ್ತ್ರಿ ,ಎ ಶಾಂತಿರಾಜ ಶಾಸ್ತ್ರಿ ,ಸಾಪ್ತಾಹಿಕ,ಕನ್ನಡ,"1924 - 28, Editor - G R Swamy/ K S Dharmendrayy a, Weekly /Fortnightly",1924
47,ದಿವ್ಯಜ್ಯೋತಿ,1926,ಬೆಂಗಳೂರು,ಕರ್ನಾಟಕ ಥಿಯೋಸೋಫಿಕಲ್ ಫೆಡರೇಷನ್,ಬಿ.ವಿ. ತಿಪ್ಪೇಸ್ವಾಮಿ ,ಮಾಸಿಕ,ಕನ್ನಡ,"1967, Pub and edi: T S Jayadevanna,",1975
48,ಸುಭೋಧ,1926,ಬೆಂಗಳೂರು,ಸುಬೋಧ ಪ್ರಕಟಣಾಲಯ ,ಎಂ ರಾಮ ರಾವ್ ,ಮಾಸಿಕ,ಕನ್ನಡ,1925-71,
49,ವಿದ್ಯಾದಾಯಿನಿ,1926,ಮೈಸೂರು,,ಎ ಶೇಷಯ್ಯಂಗಾರ್,ಮಾಸಿಕ,ಕನ್ನಡ,"1893 - 1956, Pub - Mysore Santana Shiksjana Ilake, Esitor - M Shama Rao / Bapu Subbarao & others",
50,ತಾಯಿ ನಾಡು,1927,ಬೆಂಗಳೂರು,ಪಿ. ಆರ್. ರಾಮಯ್ಯ,ಪಿ. ಆರ್. ರಾಮಯ್ಯ,,ಕನ್ನಡ,,1928
51,ತಾಯಿ ನಾಡು,1927,ಬೆಂಗಳೂರು,,ರುಮಾಲೆ ಚನ್ನಬಸವಯ್ಯ  ,ದೈನಿಕ,ಕನ್ನಡ,"1927-62, Edi-P R Ramaiah",
52,ಪಂಚಚಾರ್ಯ ಪ್ರಭ ,1927,ಮೈಸೂರು,ಬಿ.ಎಂ. ಸಿದ್ದೇಶ್ವರ ,ಬಿ ಎಸ್  ಕಾಶೀನಾಥ ಶಾಸ್ತ್ರಿ/ಬಿ.ಎಂ. ಸಿದ್ದೇಶ್ವರ ,ಸಾಪ್ತಾಹಿಕ,ಕನ್ನಡ,,1936
53,ಜ್ಯೋತಿಷ್ಯ ಕಲ್ಪಧೃಮವು,1927,ತೀರ್ಥಹಳ್ಳಿ,,ಪಿ ಕುಮಾರ್ ಜೋಯಿಸ್/ ಕೆ ನರಸಿಂಹ ಶಾಸ್ತ್ರಿ,ತ್ರೈಮಾಸಿಕ,ಕನ್ನಡ,1926 -28,
54,ತರುಣ್ ಭಾರತ್,1928,ಬೆಳಗಾವಿ,ಬಾಬು ರಾವ್ ಟಾಕೋರ್,ಬಾಬು ರಾವ್ ಟಾಕೋರ್,ದೈನಿಕ,ಹಿಂದಿ,,
55,ಕರ್ನಾಟಕ ಕೇಸರಿ,1928,ಮಂಗಳೂರು/ಪುತ್ತೂರು,ಎಚ್ ಆನಂತ್ ಕಾಮತ್ ,ರಾವ್ ಸಾಹೇಬ ಮಂಜೇಶ್ವರ ಅನಂತ ರಾವ್ ,ಮಾಸಿಕ,ಕನ್ನಡ,1927 - 1929,
56,ರಾಷ್ಟ್ರ ಬಂಧು ,1928,ಮಂಗಳೂರು,ಕೆ ಆರ್ ಆಚಾರ್ ,ಕೆ ಆರ್ ಆಚಾರ್ / ಯು ರಾಮ ರಾವ್ ,ಸಾಪ್ತಾಹಿಕ,ಕನ್ನಡ,Year 1927 -29 - Pulisher - U N Achar / Shankar Bhat - Founder Editor/Editor. B.K. Shesha Bhat/ Kandegooda S. Bhat,
57,ವೀರ ಕೇಸರಿ ,1928,ಮೈಸೂರು,,ಎಂ ಸೀತಾರಾಮ ಶಾಸ್ತ್ರಿ ,ಸಾಪ್ತಾಹಿಕ,ಕನ್ನಡ,"Pub - Veera Kesari Karyalaya, Editor - M Rama Murthy",
58,ಕರ್ನಾಟಕ ಕೇಸರಿi,1928,ಉಡುಪಿ,ಹೆಚ್ ಅನಂತ್ ಕಾಮತ್,ರಾವ್ ಸಾಹೇಬ್ ಮಂಜೇಶ್ವರ ಅನಂತ ರಾವ್,ಮಾಸಿಕ,ಕನ್ನಡ,,
59,ನವಜೀವನ,1929,ಬೆಂಗಳೂರು,ಮಕ್ಕಳ ಪುಸ್ತಕ ಪ್ರೆಸ್,ಸಿ.ಅಶ್ವಥನಾರಾಯಣ ರಾವ್,ದೈನಿಕ,ಕನ್ನಡ,"1927-29, Weekly",
60,ವೇದ ಸಂದೇಶ,1929,ಬೆಂಗಳೂರು,,ಧರ್ಮದೇವ್,ಮಾಸಿಕ,ಕನ್ನಡ,1956-58,
61,ದಾವಣಗೆರೆ ವಾಣಿ,1929,ದಾವಣಗೆರೆ,ಎಂ ಬಿ ಬೂಸನೂರು,ಎಂ ಬಿ ಬೂಸನೂರು,ದೈನಿಕ,ಕನ್ನಡ,,
62,ಪುರಾಣ ಕಥಾವಳಿ,1930,ಮಧುಗಿರಿ,,,ಮಾಸಿಕ,ಕನ್ನಡ,,
63,ಅಧ್ಯಾತ್ಮ ಪ್ರಕಾಶ,1931,ಹೊಳೆನರಸೀಪುರ/ಹಾಸನ,ಎಚ್ ಎಸ್ ಲಕ್ಷ್ಮೀ ನರಸಿಂಹ ಮೂರ್ತಿ / ಅಧ್ಯಾತ್ಮ ಪ್ರಕಾಶ ಕಛೇರಿ,ಎಚ್ ಎಸ್ ಲಕ್ಷ್ಮೀ ನರಸಿಂಹ ಮೂರ್ತಿ,ಮಾಸಿಕ,ಕನ್ನಡ,,
64,ಉದಯ,1931,ಕಲಬುರ್ಗಿ,,ಎಸ್ ಸಿ ಮಿರ್ಜಿ,ದೈನಿಕ,ಕನ್ನಡ,1929 - 77,
65,ಬಾಲಚಂದ್ರ,1932,ಮಂಗಳೂರು,ಕೋಟ್ಕರ್ ಸುಬ್ಬಣ್ಣಯ್ಯ,,ಪಾಕ್ಷಿಕ,ಕನ್ನಡ,"Publisher -Dakshina ಕನ್ನಡ Zilla Adyapaka Sangha, Editor- Ulala Mangesharaya",
66,ಪುರಾಣ ಕಥಾವಳಿ,1932,ಮೈಸೂರು,,ಜಿ ತಿಮ್ಮಯ್ಯ,,ಕನ್ನಡ,,
67,ಪ್ರಜಾಮತ,1932,,ಎಂ.ಎಸ್. ಗುರುಪಾದಸ್ವಾಮಿ,ಎಂ.ಎಸ್. ಗುರುಪಾದಸ್ವಾಮಿ,ಮಾಸಿಕ,ಕನ್ನಡ,,
68,ಸಂಯುಕ್ತ ಕರ್ನಾಟಕ,1933,ಬೆಂಗಳೂರು,ಲೋಕ ಶಿಕ್ಷಣ ಟ್ರಸ್ಟ್,ಕೆ ಶ್ಯಾಮ್ ರಾವ್/ಆರ್ ಉಪಾಧ್ಯಾಯ,ದೈನಿಕ,ಕನ್ನಡ,"1929-33, Pub: loka shikshana trust, Balvantraya Datara, Mohare Hanumanth Rao and oth",
69,ಸಂಯುಕ್ತ ಕರ್ನಾಟಕ,1933,ಹುಬ್ಬಳ್ಳಿ/ಧಾರವಾಡ,,ಮೊಹರೆ ಹನುಮಂತ ರಾಯರು,ದೈನಿಕ,ಕನ್ನಡ,,1929
70,ಉದಯ,1933,ವಿಜಯಪುರ,ಎಂ.ಜೆ ಮಿರ್ಜಿ,ಎಸ್ ಸಿ ಮಿರ್ಜಿ/ಎಂ.ಜೆ ಮಿರ್ಜಿ,ದೈನಿಕ,ಕನ್ನಡ,,1931
71,ನವಸಂದೇಶ,1934,ಬಳ್ಳಾರಿ,ಟಿ.ಹೆಚ್.ಎಮ್ ಚಂದ್ರಶೇಖರ ಶಾಸ್ತ್ರಿ,ಟಿ.ಹೆಚ್.ಎಮ್ ಚಂದ್ರಶೇಖರ ಶಾಸ್ತ್ರಿ,ಸಾಪ್ತಾಹಿಕ,ಕನ್ನಡ,1934 - 76,
72,ವಿವೇಕಾಭ್ಯುದಯ,1934,ಮೈಸೂರು,ಮೈಸೂರು ಜೈನ ಸಂಘ,ಶಾಂತಿರಾಜ ಶಾಸ್ತ್ರಿ,ಮಾಸಿಕ,ಕನ್ನಡ,"1933 - 74, Pub -MC Anantaraya, Editor - Shanthiraja Shastri",
73,ಜ್ಞಾನವಾಣಿ,1935,ಬೆಂಗಳೂರು,ಡಾ ಎಂ ಡಿ ನಟರಾಜ್,ಡಾ ಎಂ ಡಿ ನಟರಾಜ್,ದೈನಿಕ,ಕನ್ನಡ,"1933-65, Pub : ML Srikantaiah, Edi: Narasimha swamiji/ G S Swamaji",1933
74,ವಿವೇಕಾಭ್ಯುದಯ,1935,ಬೆಂಗಳೂರು,ಎಂ.ಸಿ.ಅನಂತರಾಜಯ್ಯ,ಜಿ ಬ್ರಹ್ಮಪ್ಪ,ಮಾಸಿಕ,ಕನ್ನಡ,"1933-65, Pub : ML Srikantaiah, Edi: Narasimha swamiji/ G S Swamaji",
75,ಪ್ರಭಾತ್,1935,ಮಂಗಳೂರು,ಹೆಚ್ ಮನೋಹನ ಕಾಮತ್,ಕದ್ವಿ ವಾಸುದೇವ ಶೆಣೈ / ಮನೋಹರ್ ಕಾಮತ್,ದೈನಿಕ,ಕನ್ನಡ,"1935 - 78, Editor-Kundli Vasudeva Shenoy, Publisher - M. Anata Prabhu, Periodicity - Weekly/Daily",1928
76,ವರ್ತಕ ಧುರೀಣ,1935,ಉಡುಪಿ,ರಾಮಚಂದ್ರ ಶ್ಯಾಮ ಶೆಣೈ,ರಾಮಚಂದ್ರ ಶ್ಯಾಮ ಶೆಣೈ,ಮಾಸಿಕ,ಕನ್ನಡ/ ಇಂಗ್ಲೀಷ್,Pub - Venkataraman acharya,
77,ಜನಪದ 1,1936,ಬೆಂಗಳೂರು,"ನಿರ್ದೇಶಕರು, ವಾರ್ತಾ ಮತ್ತು ಪ್ರಚಾರ, ಸರ್ಕಾರ. ಮೈಸೂರು, ಬೆಂಗಳೂರು","ನಿರ್ದೇಶಕರು, ವಾರ್ತಾ ಮತ್ತು ಪ್ರಚಾರ, ಸರ್ಕಾರ. ಮೈಸೂರು, ಬೆಂಗಳೂರು",ಸಾಪ್ತಾಹಿಕ,ಕನ್ನಡ,,
78,ಪ್ರವಾಸಿ,1936,ಕಾಸರಗೋಡು,,,ಮಾಸಿಕ,ಕನ್ನಡ,"1953 -56, Publisher - Eshwar Bhat",1953
79,ಕಲಿಯುಗ,1937,ಧಾರವಾಡ,,ಎಂ ಗೋಪಾಲ ಕೃಷ್ಣ ರಾಯರು,,ಕನ್ನಡ,1936-56,
80,ನಂದಿನಿ,1937,ಉಡುಪಿ,ಡಿ ಎಸ್ ವಿಶ್ವಾಮಿತ್ರ,ಡಿ ಎಸ್ ವಿಶ್ವಾಮಿತ್ರ,ಸಾಪ್ತಾಹಿಕ,ಕನ್ನಡ,,
81,ನಂದಿನಿ,1937,ಶಿರಸಿ,ಹೆಡ್ಜ್ ಕೋಟ್ಸರ್,ಡಿ ಎಸ್ ವಿಶ್ವಾಮಿತ್ರ,ಸಾಪ್ತಾಹಿಕ,ಕನ್ನಡ,,1925 -33
82,ಸಂದೇಶ,1938,ಬೆಳಗಾವಿ,ಬಿ ಗೋಪಾಲರಾವ್ ದೇಶಪಾಂಡೆ,ಬಿ ಗೋಪಾಲರಾವ್ ದೇಶಪಾಂಡೆ,ಪಾಕ್ಷಿಕ,ಕನ್ನಡ,,
83,ಕನ್ನಡ ನುಡಿ,1938,ಬೆಂಗಳೂರು,"ಬಿ.ಎಂ.ಶ್ರೀಕಂಠಯ್ಯ, ಕನ್ನಡ ಸಾಹಿತ್ಯ ಪರಿಷತ್ತು",ಬಿ ಶಿವಮೂರ್ತಿ ಶಾಸ್ತ್ರಿ,ಮಾಸಿಕ,ಕನ್ನಡ,"Edit : Subramanya shastri, weekly/ fortnightly",1935
84,ಶರಣ ಸಾಹಿತ್ಯ,1938,ಬೆಂಗಳೂರು,ಬಿ. ಎಸ್. ಶಿವಮೂರ್ತಿ ಶಾಸ್ತ್ರಿ,ಬಿ. ಎಸ್. ಶಿವಮೂರ್ತಿ ಶಾಸ್ತ್ರಿ,ಮಾಸಿಕ,ಕನ್ನಡ,1937-72,
85,ಸ್ವತಂತ್ರ ಭಾರತ,1938,ಮಂಗಳೂರು,,ಬಿ ಎಂ ಕಾರಿಯಪ್ಪ,,ಕನ್ನಡ,,
86,ಜಯಂತಿ,1939,ಧಾರವಾಡ,,ಬೆಟಗೇರಿ ಕೃಷ್ಣಶರ್ಮ,ಮಾಸಿಕ,ಕನ್ನಡ,"1938, Pub- Mullegatti",
87,Raknno,1939,ದಕ್ಷಿಣಕನ್ನಡ,Rev. Francis Rodrigues,Rev Lawrence Ronald D'Souza,ಸಾಪ್ತಾಹಿಕ,ಕೊಂಕಣಿ,,
88,ವಿವೇಕಾಭ್ಯುದಯ,1939,ಮೂಡುಬಿದಿರೆ/ದಕ್ಷಿಣಕನ್ನಡ,ರವಿರಾಜ್ ಶೆಟ್ಟಿ,ಬಿ ಚಂದ್ರಯ್ಯ ವಿದ್ವಾನ್,ಮಾಸಿಕ,ಕನ್ನಡ,,1933
89,ನವ ಚೇತನ,1939,ಶಿರಸಿ,,ಆರ್.ವಿ. ವಾಲಾಗಲ್ಲಿ,ಮಾಸಿಕ,ಕನ್ನಡ,,
90,ಜೀವನ,1940,ಬೆಂಗಳೂರು/ಧಾರವಾಡ,ಜೀವನ ಕಾರ್ಯಾಲಯ,ಗೋಪಾಲಕೃಷ್ಣರಾಯರು,,ಕನ್ನಡ,"Edi : D R Bendre, B K Gokak and others","1934,
 Pub : Ananthan arayana Rao"
91,ಮೊಗವೀರ,1940,ಸುರತ್ಕಲ್/ದಕ್ಷಿಣಕನ್ನಡ,ಎಸ್ ಬಿ ಆಮೆನ್,ಭಾಸ್ಕರ್ ಪಾಡಿದ್ರ,ಮಾಸಿಕ,ಕನ್ನಡ,"Editor - Ramanand Amin, Publisher - Mogaveera V yavasthapaka Mandali, Periodicity - Quarterly/Mon thly",1969
92,ಪೌರವಾಣಿ,1942,ಬೆಂಗಳೂರು,ಎಂ. ಸಂ. ಸಿತಾರಾಮಯ್ಯ,ಆರ್ ವಿ ಭದ್ರಣ್ಣ,ಸಾಪ್ತಾಹಿಕ,ಕನ್ನಡ,,
93,ನವ ಭಾರತ ,1942,ಮಂಗಳೂರು,ರಾಜೀವ್.ವಿ.ಕೂಡ್ವ,ರಾಜೀವ್.ವಿ.ಕೂಡ್ವ,ದೈನಿಕ,ಕನ್ನಡ,"1940 - 79, Editor- NARAYANA Sharma/K.V . Shenoy, Publisher - NavaBharath Prakashana",1941
94,ಪ್ರಕಾಶಿನಿ,1942,ದಕ್ಷಿಣಕನ್ನಡ,ಶ್ರೀಪತಿ ಟಿ,ಶ್ರೀಪತಿ ಟಿ,ಮಾಸಿಕ,ಕನ್ನಡ,,1941
95,ಮೈಸೂರು ಪತ್ರಿಕೆ,1942,ಮೈಸೂರು,ಟಿ ವೆಂಕಟರಾಮನ್,ತಿರುಮಕೂಡ್ಲು ನಾರಾಯಣ / ಟಿ ವೆಂಕಟರಾಮನ್,ದೈನಿಕ,ಕನ್ನಡ,1941,
96,ಪ್ರಕಾಶಿನಿ,1942,ಉಡುಪಿ,ಕೃಷ್ಣಾಪುರ ಮಟ್ಟಕ್ಕೆ ಟಿ ಶ್ರೀಪತಿ,ಟಿ ಶ್ರೀಪತಿ,ಮಾಸಿಕ,ಕನ್ನಡ,,
97,ವಾಣಿ,1943,ಬೆಂಗಳೂರು,ಬಿ ಎಸ್ ಪಾಂಡುರಂಗ ರಾವ್,ಬಿ.ಎಸ್.ಪಾಂಡುರಂಗ ರಾವ್/ ಸಿ.ಕೆ.ನಾಗರಾಜ ರಾವ್,ಮಾಸಿಕ,ಕನ್ನಡ,"1943-47, Pub : V B Ballari,",
98,ಪ್ರೇಮ,1943,ಧಾರವಾಡ,,,ಮಾಸಿಕ/Quarter ly,ಕನ್ನಡ,1924/1943,Taranatha
99,ಬೆಳಕು,1943,ಮೈಸೂರು,ಮೈಸೂರ್ ಸಂಸ್ಥ ವಯಸ್ಕರ ಶಿಕ್ಷಾ ಸಮಿತಿ,ಎಸ್ ರಜತಾದ್ರಿ,ಸಾಪ್ತಾಹಿಕ,ಕನ್ನಡ,"1942, Pub - Mysore Samstha
 V ayaskara Shiksha Samithi, Editor - Srinivasa",1932
100,ಸಾಧ್ವಿ 1,1943,ಮೈಸೂರು,ಅಗರಂ ರಂಗಯ್ಯ,ಅಗರಂ ರಂಗಯ್ಯ,ದೈನಿಕ,ಕನ್ನಡ,,
101,ಬ್ರಾಹ್ಮಣರ ಪತ್ರಿಕೆ,1945,ಗೋಕಾಕ್,,ಮಲ್ಹಾರರಾವ್ ಕುಲಕರ್ಣಿ ಜಾಗೃಕರ,ಸಾಪ್ತಾಹಿಕ,ಕನ್ನಡ,,
102,ಬೆಳಕು,1945,ಧಾರವಾಡ,ಎಂ ಆರ್ ನೀಲೇಕಣೆ,ಗೌರೀಶ್ ಕಾಯ್ಕಿಣಿ,ಸಾಪ್ತಾಹಿಕ,ಕನ್ನಡ,,
103,ಪ್ರಕಾಶ,1945,ಉಡುಪಿ,"ಪ್ರಭಾಕರ್ ಪ್ರೆಸ್ ಪ್ರೈವೇಟ್ ಲಿಮಿಟೆಡ್‌ಗಾಗಿ ಎ ಜೆ ಅಲ್ಸೆ,",ಎ ಜೆ ಅಲ್ಸೆ,ಸಾಪ್ತಾಹಿಕ,ಕನ್ನಡ,1946 -67,
104,ರಂಗಭೂಮಿ,1946,ಬೆಂಗಳೂರು,ಅಮೆಚೂರು ನಾಟಕ ಸಂಘ,ಎಂ ಎಸ್ ಸುಬ್ರಹ್ಮಣ್ಯ ಶಾಸ್ತ್ರಿ,,ಕನ್ನಡ/ ಹಿಂದಿ,,
105,ಆರ್ಯ - ವೈದ್ಯ,1946,ಹುಬ್ಬಳ್ಳಿ,ಎಂ ಜಿ ಪಾಲೇಕರ್,ದ್ ಅನಂತ ಹಲಸೇಕರ,ಮಾಸಿಕ,ಕನ್ನಡ,"1938/1946/195 3, Pub-Akila Karnataka Ayurveda Prakashaka mandali",
106,ಪುಸ್ತಕ ಪ್ರಪಂಚ ,1946,ಮೈಸೂರು,ಮೈಸೂರು ರಾಜ್ಯ ವಯಸ್ಕ ಶಿಕ್ಷಣ ಮಂಡಳಿಗೆ ಆರ್ ವಿ ಶ್ರೀನಿವಾಸ ಮೂರ್ತಿ,ಆರ್ ವಿ ಶ್ರೀನಿವಾಸ ಮೂರ್ತಿ,,ಕನ್ನಡ,"1946 , Pub - Shikshana Samithi, Editor - S V Kumara/ Rajatadri",
107,ಅರುಣ,1947,ಬೆಂಗಳೂರು,ಎಂ ಎಸ್ ಕೃಷ್ಣ,ಎಸ್ ಆರ್ ಭಟ್,ಮಾಸಿಕ,ಕನ್ನಡ,1947-77,
108,ಅರುಣ,1947,ಮಂಗಳೂರು,ಶ್ರೀನಿವಾಸ ಭಟ್ ಯು.ಎನ್,ಶ್ರೀನಿವಾಸ ಭಟ್ ಯು.ಎನ್,ಸಾಪ್ತಾಹಿಕ,ಕನ್ನಡ,,
109,ಪ್ರಗತಿ,1947,ಪುತ್ತೂರು/ದಕ್ಷಿಣಕನ್ನಡ,ಪುತ್ತೂರು ತಾಲೂಕು ಅಭಿವೃದ್ಧಿ ಮಂಡಳಿ,,,ಕನ್ನಡ,"1945, Place - Dakshina ಕನ್ನಡ/ Rabhakavi, Editor/Publish er - G.V. Daphalapura, Periodicity - Monthly",
110,ಯುಗಪುರುಷ,1947,ಮಂಗಳೂರು,ಕೆ.ಭುವನಾಭಿರಾಮ ಉಡುಪ,ಕೆ.ಭುವನಾಭಿರಾಮ ಉಡುಪ,ಮಾಸಿಕ,ಕನ್ನಡ,"Editor - Kodatturu Anantha Padmanabha, Publisher -Kodatturu Anantha Padmanabha",
111,ವಿಜಯ,1947,ಮೈಸೂರು,ಎ.ರಾಮಣ್ಣ,ಎ.ರಾಮಣ್ಣ,ದೈನಿಕ,ಕನ್ನಡ,,
112,ಜನ ಜಿವಾಲಾ,1948,ಬೆಳಗಾವಿ,,ಬಿ ಎಂ ಏಳುಕೋಟ,ಸಾಪ್ತಾಹಿಕ,ಕನ್ನಡ,,
113,ಸಿಂಹವಾಣಿ,1948,ಬಳ್ಳಾರಿ,ಎಂ ಎಸ್ ಗೋಪಾಲನ್,ಎಂ ಎಸ್ ಗೋಪಾಲನ್,ದೈನಿಕ,ಕನ್ನಡ,1948,
114,ರಾಮರಾಜ್ಯ,1948,ಬೆಂಗಳೂರು,ಹೆಚ್. ವಿ. ವರದರಾಜನ್,ಹೆಚ್. ವಿ. ವರದರಾಜನ್,,ಕನ್ನಡ,1946-1956,
115,ಸಿಂಹವಾಣಿ,1948,ಬೆಂಗಳೂರು,,ಎಂ.ಎಸ್. ಗೋಪಾಲನ್,ದೈನಿಕ,ಕನ್ನಡ,,
116,ವಿಕ್ರಮ,1948,ಬೆಂಗಳೂರು,ವಿ ಎ ಗೋಪಾಲ,ಲಕ್ಷ್ಮೀಶ ಕೆ,ಸಾಪ್ತಾಹಿಕ,ಕನ್ನಡ,,
117,ಅಂಕುಶ್,1948,ಧಾರವಾಡ/ಮರೆವಾಡ,ಚಂದ್ರಶೇಖರ ಜಿ ಹುರುಳಿ,ಚಂದ್ರಶೇಖರ ಜಿ ಹುರುಳಿ,ಮಾಸಿಕ,ಕನ್ನಡ,1947,
118,ಸಾವಧಾನ,1948,ಧಾರವಾಡ,"ಅಖಿಲ ಭಾರತ ಶಿವಾನುಭ ಸಂಸ್ಥೆ, ಮುರಘಾಮಠ",,ಪಾಕ್ಷಿಕ,ಕನ್ನಡ,"1947- 72,founder edi- Nagabhushana sastry",
119,ಅರುಣ,1948,ಮೈಸೂರು,,ಕೆ ರಾಮಣ್ಣ/ ಎಚ್ ಕೆ ಕುಮಾರಸ್ವಾಮಿ,ದೈನಿಕ,ಕನ್ನಡ,Editor - H K Kumara Swamy,
120,ಗ್ರಾಮಾಭ್ಯುದಯ,1948,ಮೈಸೂರು,,ಜಿರಿಗೆ ಕತೆ ಬಸವಪ್ಪ / ಟಿ ಎಂ ಅಮೀರ,ಮಾಸಿಕ,ಕನ್ನಡ,,1948
121,ಕಿಡಿ,1949,ಬೆಂಗಳೂರು,ಪಿ.ಶೇಷಪ್ಪ,ಪಿ.ಶೇಷಪ್ಪ,,ಕನ್ನಡ,,1947
122,ನೇತಾಜಿ,1949,ಬೆಂಗಳೂರು,,ಹಿಟಗಿ ವೇದಮೂರ್ತಿ/ವಿಕ್ರಮ ಹಿಟಗಿ,ದೈನಿಕ,ಕನ್ನಡ,,
123,ಪ್ರಜಾವಾಣಿ,1949,ಬೆಂಗಳೂರು,"ಮೈಸೂರು ಪ್ರಿಂಟ್ಸ್ ಪ್ರೈ. ಲಿಮಿಟೆಡ್,",ಟಿ ಎಸ್ ರಾಮಚಂದ್ರ ರಾವ್ / ಶಾಂತಕುಮಾರ್ / ಕೆ ಎನ್ ಗುರುಸ್ವಾಮಿ,ದೈನಿಕ,ಕನ್ನಡ,"Pub : N S Krishnaswamy Rao, Edi: B Puttaswamaiah & GGK Reddy",1941
124,ಮಕ್ಕಳ ಪತ್ರಿಕೆ,1949,ಮಂಗಳೂರು,ಕೆ.ಎಸ್. ಕಾರಂತ,ಕೆ.ಎಸ್. ಕಾರಂತ,ಮಾಸಿಕ,ಕನ್ನಡ,,
125,ವರ್ತಮಾನ,1949,ಮೈಸೂರು,ಎಂ ಟಿ ಜಯರಾಮ್,ಎಂ.ಎನ್. ತಿಮ್ಮಯ್ಯ/ ಎಂ ಟಿ ಜಯರಾಂ,ದೈನಿಕ,ಕನ್ನಡ,,
126,ಪ್ರಕಾಶ,1950,ಬೆಳಗಾವಿ,ಆರ್ ಆರ್ ಹಳೇಮನಿ,ಆರ್ ಆರ್ ಹಳೇಮನಿ / ಆರ್ ಕೆ ಮೆನಬಿ,ಮಾಸಿಕ,ಕನ್ನಡ,"1948-69, Publisher- samaja Shiksha",
127,ಆಮ್ಚಿ ಮಾಯಿ,1950,ಮಂಗಳೂರು,ಫಾ. ಆಂಟನಿ ಜಾನ್ ಡಿಸೋಜಾ,ಮೇರಿ ಸೇವಕರ ಒಕ್ಕೂಟ,,ಕನ್ನಡ,samithi,
128,ಸುವಾಸಿನಿ,1950,ಮಂಗಳೂರು,ಕೆ ವಿ ಶೆಣೈ,ಕೆ. ವಾರಿಜಾ ದೇವಿ/ ಮೋಹಿನಿ ದೇವಿ,ಸಾಪ್ತಾಹಿಕ,ಕನ್ನಡ,"1949, Publisher - K.V. Shenoy, Period - Weekly/ Monthly",1900
129,ಸ್ವತಂತ್ರ,1951,ಹೊಸಪೇಟೆ,.,ಎಸ್ ಎಂ ವಿಶ್ವನಾಥ್,ಸಾಪ್ತಾಹಿಕ,ಕನ್ನಡ,,
130,ಬಾಲ ಬಂಧು,1951,ಬೆಂಗಳೂರು,ಜಿ ಟಿ ಶ್ರೀಕಂಠಯ್ಯ,ಎಸ್ ಡಿ ರಾಮಮೂರ್ತಿ,ಮಾಸಿಕ,ಕನ್ನಡ,"1950-56/1977, Pub : R S News Agency,",
131,ಜನ ಪ್ರಗತಿ,1951,ಬೆಂಗಳೂರು,ಬಿ ಕೃಷ್ಣ,ಬಿ ಕೃಷ್ಣ,ಸಾಪ್ತಾಹಿಕ,ಕನ್ನಡ,"1950-77, Ramachandra Huchila",Pub: N S Seethara m
132,ಮೈಸೂರು ಸಹಕಾರ ಪತ್ರಿಕೆ,1951,ಬೆಂಗಳೂರು,ಪಿ. ಆರ್. ಕಾಂತಿ,ಪಿ. ಆರ್. ಕಾಂತಿ,ಮಾಸಿಕ,ಕನ್ನಡ,"1951-56, Mysore prantha sahakara sangha Edi: K R srikanta,",
133,ಪಾಪಚ್ಚಿ,1951,ಬೆಂಗಳೂರು,ಕುಮಾರ ವೆಂಕಣ್ಣ,ಕುಮಾರ ವೆಂಕಣ್ಣ,ಮಾಸಿಕ,ಕನ್ನಡ,"1951-75, Pub : M S Nagaraj, Edi: Kumara V enkanna",
134,ಜಿನವಾಣಿ,1951,ಮೈಸೂರು,ಎಂ. ಎಸ್. ಪದ್ಮನಾಭ ಶರ್ಮ,ಎಂ. ಎಸ್. ಪದ್ಮನಾಭ ಶರ್ಮ,ಮಾಸಿಕ,ಕನ್ನಡ,"1951, Pub - A V Pandith, Editor, M C Jaya Keerthi",
135,ಸುದರ್ಶನ,1951,ಉಡುಪಿ,,ಬನ್ನಂಜೆ ರಾಮಾಚಾರ್ಯ/ ಗೋವಿಂದಾಚಾರ್ಯ,ಸಾಪ್ತಾಹಿಕ,ಕನ್ನಡ,1941 - 56,
136,ಜ್ವಾಲಾಮುಖಿ,1952,ಬೆಂಗಳೂರು,,ಸಿ. ಎಸ್. ಸತ್ಯ,ಸಾಪ್ತಾಹಿಕ,ಕನ್ನಡ,1952-58,"1953, C S Satyanara yana sharma"
137,ಕನ್ನಡಿಗ,1952,ಹುಬ್ಬಳ್ಳಿ/ಧಾರವಾಡ,ವಿಶ್ವ ಭಾರತ್ ಅವರಿಂದ ಪ್ರಕಟಣೆ,ಪುರುಷೋತ್ತಮ ಮೆಡಿ,ಸಾಪ್ತಾಹಿಕ,ಕನ್ನಡ,1937-70,
138,SSC ಮ್ಯಾಗಜೀನ್,1952,ಧಾರವಾಡ,ಬಿ ನ್ ಹುದ್ದಾರ್,,ಮಾಸಿಕ,ಕನ್ನಡ,,
139,ದೀಪದಾನ,1952,ಮಂಗಳೂರು,ದತ್ತಾತ್ರಯ ಕುಲಕರ್ಣಿ,ದತ್ತಾತ್ರಯ ಕುಲಕರ್ಣಿ / ಸ್ಯಾಮ್ ಕುಲಕರ್ಣಿ,ವಾರ್ಷಿಕ,ಕನ್ನಡ,,
140,ಮೈಸೂರು ಸಹಕಾರ ಪತ್ರಿಕೆ,1952,ಮೈಸೂರು,ಮೈಸೂರು ರಾಜ್ಯ ಸಹಕಾರಿ ಯೂನಿಯನ್,ಕೆ ಆರ್ ಶ್ರೀಕಂಠೇಶ್ವರ/ ಪಿ ಆರ್ ಕಾಂತಿ,ಸಾಪ್ತಾಹಿಕ/ ಮಾಸಿಕ,ಕನ್ನಡ,Pub - Mysore Provisional Co -Operative Institution,
141,ರಾಯಭಾರಿ,1952,ಉಡುಪಿ,ಸುದೀರ್ ಎಸ್ ಎಲ್ ಭಟ್,ಸುದೀರ್ ಎಸ್ ಎಲ್ ಭಟ್,ಸಾಪ್ತಾಹಿಕ,ಕನ್ನಡ,"1950 -57, Pub - Pangala Upendra Nayaka/ Ravindra Nayaka, Editor - S L N Bhat",
142,ಚಲಚಿತ್ರ,1953,ಬೆಂಗಳೂರು,ಕೆ.ವಿ. ಗಂಗಾರತ್ನ,ಎ.ಜಿ. ರಾಜು/ ಕೆ.ವಿ. ಗಂಗಾರತ್ ನ,ಸಾಪ್ತಾಹಿಕ,ಕನ್ನಡ,"1953-58,",
143,ಶ್ರೀ ಸುಧಾ,1953,ಬೆಂಗಳೂರು,ಶ್ರೀ ಗೋವಿಂದಮೂರ್ತಿ,ಶ್ರೀ ಗೋವಿಂದಮೂರ್ತಿ,ಮಾಸಿಕ,ಕನ್ನಡ,,
144,ಆಶಾವಾದಿ,1953,ಮಂಗಳೂರು,,ಕೆ.ವಿ. ಭಟ್,ಸಾಪ್ತಾಹಿಕ,ಕನ್ನಡ,1952-75,
145,ರಾಷ್ಟ್ರಜ್ಯೋತಿ,1953,ಶಿವಮೊಗ್ಗ,,ಕೆ ಕೆ ಶೆಟ್ಟಿ,ಸಾಪ್ತಾಹಿಕ,ಕನ್ನಡ,,
146,ನವಜೀವನ,1954,ಹೊಸಪೇಟೆ,,,ದೈನಿಕ,ಕನ್ನಡ,,
147,ದೀರ್ಘಾಯು,1954,ಬೆಂಗಳೂರು,ಎಂ ಮುರಳೀಧರ ರಾವ್,ಡಾ. ಎಂ.ಗೋಪಾಲಕೃಷ್ಣ ರಾವ್,ಮಾಸಿಕ,ಕನ್ನಡ,,1961
148,ಲೇಖಕ,1954,ಬೆಂಗಳೂರು,ಅಖಿಲ ಕರ್ನಾಟಕ ಲೇಖಕರ ಸಂಘ - ರತನ್ ಮಹಲ್,ಬಾಲು ರಾವ್,ಮಾಸಿಕ,ಕನ್ನಡ/ ಇಂಗ್ಲೀಷ್,,
149,ನಾರದ,1954,ಬೆಂಗಳೂರು,ಸಿ ಎಚ್ ಸುಬಯ್ಯ,ಸಿ ಎಚ್ ಸುಬಯ್ಯ,ಸಾಪ್ತಾಹಿಕ,ಕನ್ನಡ,1954-78,
150,ಮುಲ್ಕಿ ಪತ್ರಿಕೆ,1954,ಧಾರವಾಡ,ಮುಲ್ಕಿ ಪತ್ರಿಕೆ,,ಮಾಸಿಕ,ಕನ್ನಡ,,
151,ಸ್ವಯಂಸೇವಕ,1954,,ಭಾರತೀಯ ಸೇವಾ ಪಡೆ,,ಮಾಸಿಕ,ಕನ್ನಡ,,
152,ದೀರ್ಘಾಯು,1954,ಮಂಗಳೂರು,ದೀರ್ಘಾಯು ಕಾರ್ಯಲ,ಎಂ.ಆರ್.ಭಟ್ / ಕೆ ಎಸ್ ಭಟ್ / ಎಂ ಗೋಪಾಲಕೃಷ್ಣ ರಾವ್,ಮಾಸಿಕ,ಕನ್ನಡ,,
153,ರಾಷ್ಟ್ರದ ತಾಯಿ,1954,ದಕ್ಷಿಣಕನ್ನಡ,ಕಂಡೆಜೋಡ್ಲು ಶಂಕರ ಭಟ್,ಕಂಡೆಜೋಡ್ಲು ಶಂಕರ ಭಟ್,ಸಾಪ್ತಾಹಿಕ,ಕನ್ನಡ,,
154,ಸಂಧ್ಯಾದೀಪ,1954,ಮಂಗಳೂರು,,,ದೈನಿಕ,ಕನ್ನಡ,"1954-70, Editor/ Publisher - H. Manohar Kamath",
155,ಶೋಭನಾ,1954,ಸೂರತ್‌ಕಲ್/ದಕ್ಷಿಣಕನ್ನಡ,,ಬೆಳ್ತಂಗಡಿ ನರಸಿಂಹ ಭಟ್,ತ್ರೈಮಾಸಿಕ,ಕನ್ನಡ,"1950 -54, Editor - S.P.Bhat & B.N. Bhat, Publisher - S.P.Bhat & B.N. Bhat",1950
156,ನಾಗರಿಕ,1954,ಗದಗ,ಅಜಿತ್ ಬದರಿನಾಥ್ ಸುಟ್ಟ ಬಲಿ,ಅಜಿತ್ ಬದರಿನಾಥ್ ಸುಟ್ಟ ಬಲಿ,ದೈನಿಕ,ಕನ್ನಡ,,
157,ತತ್ವವಾದ,1954,ಗದಗ,ಕೆ ನಾರಾಯಣ ರಾವ್,ಪಂಡರಿನಾಥಾಚಾರ್ಯ ನಿಂದನೆ,ಮಾಸಿಕ,ಕನ್ನಡ/ ಹಿಂದಿ,Editor - Pandarinatha Acharya/ Jayaramachary a Mulki,
158,ಭೂದಾನ,1955,ಬೆಳಗಾವಿ,ವಾಮನ ಅನಂಥ ಹೊದಿಕೆ,ವಾಮನ ಅನಂಥ ಹೊದಿಕೆ,ಪಾಕ್ಷಿಕ,ಕನ್ನಡ,"1954-61, Publisher- Boodana Karyalaya",
159,ಭೂದಾನ ಸರ್ವೋದಯ ಸಂದೇಶ,1955,ಬೆಂಗಳೂರು,ಕರ್ನಾಟಕ ಸರ್ವೋದಯ ಮಂಡಲ,ಪಿ ವಿಕ್ಟರಿ ರಾವ್,ಪಾಕ್ಷಿಕ,ಕನ್ನಡ,1954-78,
160,ಧರ್ಮ ಸಂದೇಶ,1955,ಬೆಂಗಳೂರು,ಕೃಷ್ಣ ದೀಕ್ಷಿತ,ಕೃಷ್ಣ ದೀಕ್ಷಿತ,ಮಾಸಿಕ,ಕನ್ನಡ,,1948
161,ಮಲೆನಾಡು,1955,ಬೆಂಗಳೂರು,ಎಂ.ವಿ .ಗುರುಬಸಪ್ಪ ಶೆಟ್ಟಿ,ಎಂ.ವಿ .ಗುರುಬಸಪ್ಪ ಶೆಟ್ಟಿ,ಮಾಸಿಕ,ಕನ್ನಡ,1954-69,
162,ಅಂಚೆ ವಾರ್ತೆ,1955,ತರಿಕೆರೆ/ಚಿಕ್ಕಮಗಳೂರು,ವಿ. ನಾಗಭೂಷಣ,ವಿ. ನಾಗಭೂಷಣ,ಸಾಪ್ತಾಹಿಕ,ಕನ್ನಡ,,
163,ಮಹಿಳಾ ಜ್ಯೋತಿ,1955,ಹುಬ್ಬಳ್ಳಿ/ಧಾರವಾಡ,,ಎಂ.ಎ.ಕಾವಲ್,ಮಾಸಿಕ,ಕನ್ನಡ,"1955-58, H A Kamala",
164,ನವ ಚೇತನ,1955,ಬಂಟ್ವಾಳ,ಹೊಸ ಪ್ರಜ್ಞೆಯ ಪ್ರಕಟಣೆಗಳು,,ಮಾಸಿಕ,ಕನ್ನಡ,,
165,ವೈದ್ಯ ಬಂಧು,1955,ಮೈಸೂರು,,ಪುರಾಣಿಕ್,ಸಾಪ್ತಾಹಿಕ,ಕನ್ನಡ,,
166,ಜಾಗೃತಿ,1955,ಶಿವಮೊಗ್ಗ,ಎಂ ಕೆ ಸೀತಾರಾಮ್ ಅಯ್ಯಂಗಾರ್,ಎಂ ಕೆ ಸೀತಾರಾಮ್ ಅಯ್ಯಂಗಾರ್,ಸಾಪ್ತಾಹಿಕ,ಕನ್ನಡ,,
167,ವಿಜಯ ವಾಣಿ,1955,ತುಮಕೂರು,ಎಚ್.ಆರ್.ಗುಂಡೂರಾವ್,ಎಚ್.ಆರ್.ಗುಂಡೂರಾವ್,ದೈನಿಕ,ಕನ್ನಡ,,
168,ಭೂದಾನ,1955,ಶಿರಸಿ,ವಾಮನ ಅನಂಥ ಹೊದಿಕೆ ಅಖಿಲ ಭಾರತ ಸರ್ವೆ ಸೇವಾ ಸಂಘ,ವಾಮನ ಅನಂಥ ಹೊದಿಕೆ,ಪಾಕ್ಷಿಕ,ಕನ್ನಡ,,
169,ಜನಸೇವಕ,1955,ಅಂಕೋಲ,ಜನಸೇವಕ ಕಾರ್ಯಾಲಯ,ಅಮ್ಮೆಂಬಳ ಆನಂದ,ಸಾಪ್ತಾಹಿಕ,ಕನ್ನಡ,"Pub - Dayananda S. Nadakarni, Editor - Dinakara Desai /Ammembala Ananda",
170,ಮೂಲ್ಕಿಮಿತ್ರ,1956,ಬೆಳಗಾವಿ,ಆರ್ ಎಲ್ ಪಾಟೀಲ್,ಆರ್ ಎಲ್ ಪಾಟೀಲ್,ಮಾಸಿಕ,ಕನ್ನಡ,,
171,ಸ್ವಯಂ ಸೇವಕ,1956,ಬೆಂಗಳೂರು,ಭಾರತೀಯ ಸೇವಾಧಾಲಾ,ಎ.ಆರ್. ಸಭಾಪತಿ,ಮಾಸಿಕ,ಕನ್ನಡ,1953,1953
172,ಪ್ರದೀಪ,1956,ಧಾರವಾಡ,ವಿನೀತಾ ರಾಮಚಂದ್ರ ರಾವ್,ವಿನೀತಾ ರಾಮಚಂದ್ರ ರಾವ್,ಮಾಸಿಕ,ಕನ್ನಡ,1957-76,
173,ನಮದಾದೀಪ,1956,ಮಡಿಕೇರಿ,ಕೆ ಸ್ ಗೋಪಾಲಕೃಷ್ಣ/ ನಂದಾದೀಪ ಕಾರ್ಯಾಲಯ,ಕೆ ಎಸ್ ಗೋಪಾಲಕೃಷ್ಣ,,ಕನ್ನಡ,1955 -58,1954
174,ಆಹಾರ ವಿಜ್ಞಾನ,1956,ಮೈಸೂರು,ಬಿ.ವಿ. ಸುಬ್ಬರಾಯಪ್ಪ/ಸಿ ಎಫ್ ಟಿ ಆರ್ ಐ,ಪಿ ಎಸ್ ಬಾಲಕೃಷ್ಣನ್/ ಬಿ ಡಿ ಆಮ್ಲ,ತ್ರೈಮಾಸಿಕ/ ಮಾಸಿಕ,ಕನ್ನಡ,,
175,ಪ್ರದೀಪ,1956,ಮೈಸೂರು,,ಟಿ.ಪಿ.ಕೋದಂಡರಾಮಪಿಳ್ಳೆ,ಸಾಪ್ತಾಹಿಕ,ದ್ವಿಭಾಷಿಕ,,
176,ದಿ ಲಾಲ್‌ಬಾಗ್,1956,ಮೈಸೂರು,ಮೈಸೂರು ಹಾರ್ಟಿಕಲ್ಚರ್ ಸೊಸೈಟಿ,,ತ್ರೈಮಾಸಿಕ,ದ್ವಿಭಾಷಿಕ,,
177,ಗ್ರಾಮ ಜೀವನ,1956,ಕುಮಟಾ,ಲಿಂಗೇಶ್ ಶರ್ಮಾ,ಲಿಂಗೇಶ್ ಶರ್ಮಾ,ಮಾಸಿಕ,ಕನ್ನಡ,,
178,ದರ್ಶನ,1957,ಬೆಳಗಾವಿ,ಎಂ.ಬಿ.ದೇಸಾಯಿ / ಶರತ್ ಚಂದ್ರ ದೇಸಾಯಿ,ಎಂ.ಬಿ.ದೇಸಾಯಿ / ಶರತ್ ಚಂದ್ರ ದೇಸಾಯಿ,ಸಾಪ್ತಾಹಿಕ/ ದೈನಿಕ,ಕನ್ನಡ,1956-60,
179,ಸಮದರ್ಶಿ,1957,ಬೆಳಗಾವಿ/ಗೋಖಲೆ,ಎಸ್ ಬಿ ಧಾರವಾಡಕರ್,ಎಸ್ ಬಿ ಧಾರವಾಡಕರ್,ಸಾಪ್ತಾಹಿಕ/ ದೈನಿಕ,ಕನ್ನಡ,1957-75,
180,ಭಾರತ ದರ್ಶನ,1957,ಬೆಂಗಳೂರು,ಕೆ.ಎಸ್. ಕೌಶಿಕ್,ವಿಶ್ವಾಮಿತ್ರ,ಮಾಸಿಕ,ಕನ್ನಡ,,
181,ಸಿನಿಮಾ,1957,ಬೆಂಗಳೂರು,ಎನ್. ಎಚ್. ಶಶಿಭೂಷಣ,ಎನ್. ಎಚ್. ಶಶಿಭೂಷಣ,ಪಾಕ್ಷಿಕ,ಕನ್ನಡ,,
182,ಜನ ಜಾಗೃತಿ,1957,ಬೆಂಗಳೂರು,ಕೆ.ಎಲ್.ರಾಮಕೃಷ್ಣ ರಾವ್,ಕೆ.ಎಲ್.ರಾಮಕೃಷ್ಣ ರಾವ್,ಸಾಪ್ತಾಹಿಕ,ಕನ್ನಡ,1956-78,
183,ವಿಶ್ವಪ್ರಭ,1957,ಬೆಂಗಳೂರು,ಎನ್ ಎಲ್ ಸೋಮಶೇಖರಯ್ಯ,ಎನ್ ಎಲ್ ಸೋಮಶೇಖರಯ್ಯ,ಸಾಪ್ತಾಹಿಕ,ದ್ವಿಭಾಷಿಕ,1956-57,
184,ವಿಶ್ವವಾಣಿ,1957,ಧಾರವಾಡ,ಅಶೋಕ್ ಪಿ ಪಾಟೀಲ್,ಪಾಟೀಲ ಪುಟ್ಟಪ್ಪ / ಅಶೋಕ ಪಿ ಪಾಟೀಲ,ದೈನಿಕ,ಕನ್ನಡ,"1959, Pub- Prapancha prakashana",
185,ಯಕ್ಷಗಾನ,1957,ದಕ್ಷಿಣಕನ್ನಡ,,ಮಂಜುನಾಥ್ ಎಸ್.ಭಾಗವತ್/ ಜಿ.ಎಸ್.ಸರಪಕನೀಶ್ವರ್,ಮಾಸಿಕ,ಕನ್ನಡ,,
186,ಶಕ್ತಿ,1957,ಮಡಿಕೇರಿ,ಬಿ.ಜಿ.ಅನಂತಶಯನ,ಬಿ ಎಸ್ ಗೋಪಾಲಕೃಷ್ಣ / ಬಿ ಜಿ ಅನಂತಶಯನ,ದೈನಿಕ,ಕನ್ನಡ,,
187,ಉದಯರಾಗ,1957,ಶಿವಮೊಗ್ಗ,ಉಳ್ಳೂರು ಸುಬ್ಬರಾಯ,ಉಳ್ಳೂರು ಸುಬ್ಬರಾಯ,ಮಾಸಿಕ,ಕನ್ನಡ,1959 -60,
188,ಜನತಾ,1957,ಹೊನ್ನಾವರ,ಜೆಆರ್ ಪಾಂಡೇಶ್ವರ,ಜೆಆರ್ ಪಾಂಡೇಶ್ವರ,ದೈನಿಕ,ಕನ್ನಡ,,
189,ಸಿರಸಿ ಸಮಾಚಾರ,1957,ಶಿರಸಿ,,ಮಂಜುನಾಥ ಬೆಳಕಂಡ,ಸಾಪ್ತಾಹಿಕ,ಕನ್ನಡ,,
190,ಕವಿತ,1958,ಬೆಳಗಾವಿ,ಎಸ್ ಎಂ ದೇಸಾಯಿ,ಎಸ್ ಎಂ ದೇಸಾಯಿ,ತ್ರೈಮಾಸಿಕ,ಕನ್ನಡ,Publisher- Kavitha Karyalaya,
191,ಕಾಂಗ್ರೆಸ್ ಸಂದೇಶ,1958,ಬೆಂಗಳೂರು,ಮೈಸೂರು ಪ್ರದೇಶ ಕಾಂಗ್ರೆಸ್ ಸಮಿತಿ,ರಾಮಕೃಷ್ಣ ಹೆಗಡೆ,ಮಾಸಿಕ,ಕನ್ನಡ,,1951
192,ಜನಪದ,1958,ಬೆಂಗಳೂರು,"ನಿರ್ದೇಶಕರು, ಮಾಹಿತಿ ಮತ್ತು ಪ್ರಚಾರ",ಎನ್ ಆರ್ ವಿಷ್ಣು ಕುಮಾರ್,ಮಾಸಿಕ,ಕನ್ನಡ,1966,
193,ಸಮಾಜ ಕಲ್ಯಾಣ,1958,ಬೆಂಗಳೂರು,ಬಿ ಕೆ ಸರಸ್ವತಮ್ಮ,ಬಿ ಕೆ ಸರಸ್ವತಮ್ಮ,ಮಾಸಿಕ,ಕನ್ನಡ,Rajyada kalyana Mandali,
194,ಸಮದರ್ಶಿ,1958,ಗದಗ,ಎ. ಬಿ ಧಾರವಾಡಕರ್,ಬಿ  ಎನ್ ಧಾರವಾಡಕರ್/ ಎ ಬಿ ಧಾರವಾಡಕರ್,ದೈನಿಕ,ಕನ್ನಡ,,
195,ಸಮದರ್ಶಿ,1958,ಹಾವೇರಿ,ಎ. ಬಿ ಧಾರವಾಡಕರ್,ಬಿ  ಎನ್ ಧಾರವಾಡಕರ್/ ಎ ಬಿ ಧಾರವಾಡಕರ್,ದೈನಿಕ,ಕನ್ನಡ,,
196,ಜೀವೋತ್ತಮ,1958,ಕುಮಟಾ,ನರಸಿಂಹ ಗೋವಿಂದ ಶಾನಭಾಗ,ನರಸಿಂಹ ಗೋವಿಂದ ಶಾನಭಾಗ,,ಕನ್ನಡ,Quarterly,
197,ಮಧುವನ,1958,ಕುಮಟಾ,ಲಿಂಗೇಶ್ ಶರ್ಮಾ,ಲಿಂಗೇಶ್ ಶರ್ಮಾ,ಮಾಸಿಕ,ಕನ್ನಡ,,
198,ನಾಗರಿಕ,1958,ಹೊನ್ನಾವರ,ಜಿ ಆರ್ ಪಾಂಡೇಶ್ವರ,ಎಸ್.ಕೆ. ಪೈ/ ಜೆ.ಆರ್. ಪಾಂಡೇಶ್ವರ,ಸಾಪ್ತಾಹಿಕ,ಕನ್ನಡ,,
199,ಗಾಯನ ಗಂಗಾ,1959,ಬೆಂಗಳೂರು,ಆರ್.ವಿ. ಶೇಷಾದ್ರಿ ಗವಾಯಿ,ಆರ್.ವಿ. ಶೇಷಾದ್ರಿ ಗವಾಯಿ,ದ್ವೈಮಾಸಿಕ,ಕನ್ನಡ,"1954, Pub-Sri Aravinda sangeeta vidlaya, Edi: R V Sheshadri gawai and A V V atse",
200,ಸತ್ಯವಾಣಿ,1959,ಚಿಕ್ಕಮಗಳೂರು,ಟಿ.ಪಾಲಪ್ಪ,ಎಸ್.ಅಣ್ಣಪ್ಪ ಶೆಟ್ಟಿ,ಸಾಪ್ತಾಹಿಕ,ಕನ್ನಡ,1959 - 76,
201,ಕಾಮಧೇನು ,1959,ಹುಬ್ಬಳ್ಳಿ/ಬೆಂಗಳೂರು,ಕಾವಜಲಗಿ,ರಂಗನಾಥ ದಿವಾಕರ,ಮಾಸಿಕ,ಕನ್ನಡ,1958-64,
202,ಪ್ರೇಮದ ನುಡಿ ,1959,ಶಿವಮೊಗ್ಗ,ಆಂಡ್ರ್ಯೂ ವಾಜ್,ಆಂಡ್ರ್ಯೂ ವಾಜ್,ಸಾಪ್ತಾಹಿಕ,ಕನ್ನಡ,,1977
203,ಸಹ್ಯಾದ್ರಿ ,1959,ಶಿವಮೊಗ್ಗ,ಕೆ.ಶ್ರೀನಿವಾಸ್ ಅಯ್ಯಂಗಾರ್,ಸಿ ಎಸ್ ಚಂದ್ರ ಭೂಪಾಲ,ದೈನಿಕ,ಕನ್ನಡ,1962 - 80,
204,ಕಾಮಧೇನು ,1959,ಕುಮಟಾ,ಲಿಂಗೇಶ್ ಶರ್ಮಾ,ಲಿಂಗೇಶ್ ಶರ್ಮಾ,ಮಾಸಿಕ,ಕನ್ನಡ,,
205,ಚಿತ್ರಗುಪ್ತ ,1960,ಬೆಂಗಳೂರು,ಚಿತ್ರಗುಪ್ತ ಸಹಕಾರ ಪ್ರಕಾಶನ,ಎ. ಆರ್. ತಿರುಮಲ,ಸಾಪ್ತಾಹಿಕ,ಕನ್ನಡ,,1954
206,ಗುಡುಗು ,1960,ಬೆಂಗಳೂರು,ಎಂ.ಸಿ. ನಾರಾಯಣ,ಎಂ.ಸಿ. ನಾರಾಯಣ,,ಕನ್ನಡ,1959-76,
207,ಕನ್ನಡ ಸುವರ್ಣ ವಾಣಿ ,1960,ಬೆಂಗಳೂರು,ಎನ್ ಶ್ರೀನಿವಾಸ ಬಾಬು,ಎನ್ ಶ್ರೀನಿವಾಸ ಬಾಬು,ದೈನಿಕ,ಕನ್ನಡ,,
208,ರಾಷ್ಟ್ರವಾಣಿ ,1960,ಚಿಕ್ಕಮಗಳೂರು,ಜಿ.ಕೆ ಸಿದ್ದಪ್ಪಶೆಟ್ಟಿ,ಜಿ.ಕೆ ಸಿದ್ದಪ್ಪಶೆಟ್ಟಿ,ಸಾಪ್ತಾಹಿಕ,ಕನ್ನಡ,,
209,ಶ್ರೀಧರ ಸಂದೇಶ ,1960,ಧಾರವಾಡ,"ಶ್ರೀಧರ್ ಸೇವಾ ಸಮಿತಿ, ಜಿ.ಕೆ",ಜಿ ಕೆ ಕೇಳ್ಕರ್,ಮಾಸಿಕ,ಕನ್ನಡ,1956,
210,ವೀರಶೈವ ,1960,ಧಾರವಾಡ,ಉಮ್ರಾಣಿ,ಡಿ ಸಿ ಪಾವಟೆ / ಎಸ್ ಸಿ ನಂದಿಮಠ,ತ್ರೈಮಾಸಿಕ,ಕನ್ನಡ,"1960-75, Pub: Akhila Bharatha veerashaiva Mahasabha, Ed: D C Pavatte",
211,ಭಾರತ ,1960,ಪುತ್ತೂರು/ದಕ್ಷಿಣಕನ್ನಡ,,,ಸಾಪ್ತಾಹಿಕ,ಕನ್ನಡ,,
212,ಪಂಚಾಮೃತ,1960,ಗದಗ,, ಪಿ. ಕೆ. ಆಚಾರ್ಯ ಗಲಗಲಿ,ಮಾಸಿಕ,ಕನ್ನಡ,1960 -66,
213,ಸರ್ವೋದರ,1961,ಬೆಳಗಾವಿ,ಶ್ರೀ ಬಸವನ್ನ ಸ್ವಾಮಿ & ಲಿಂಗಾನಂದ,ಶ್ರೀ ಬಸವನ್ನ ಸ್ವಾಮಿ & ಲಿಂಗಾನಂದ,ಸಾಪ್ತಾಹಿಕ,ಕನ್ನಡ,1960-69,
214,ಸಿ ಐ ಡಿ ,1961,ಬೆಂಗಳೂರು,ಎಸ್ ವೀರಣ್ಣ,ಎಸ್ ವೀರಣ್ಣ,ಸಾಪ್ತಾಹಿಕ,ಕನ್ನಡ,,
215,ಹಿಂದೂ ನೇಶನ್,1961,ಬೆಂಗಳೂರು,,,ಸಾಪ್ತಾಹಿಕ,ಕನ್ನಡ,"Pub: K R Jaganathan, Fou Edi: V Ramanujan",V Ramanuja n
216,ಕಾರ್ಮಿಕ ವಾಣಿ ,1961,ಬೆಂಗಳೂರು,ಟಿ.ಎಸ್. ರಾಮದಾಸ್,ಟಿ.ಎಸ್. ರಾಮದಾಸ್,ದೈನಿಕ,ಕನ್ನಡ,1978,
217,ಕರ್ನಾಟಕ ವಿಕಾಸ ,1961,ಬೆಂಗಳೂರು,,ಚಿರಂಜೀವಿ ಸಿಂಗ್/ ಪಿ ರಾಮ ರೆಡ್ಡಿ,,ಕನ್ನಡ,1957-76,
218,ಖಾದಿ ಗ್ರಾಮೋದ್ಯೋಗ ,1961,ಬೆಂಗಳೂರು,ವಿ ರಘುರಾಮ ರೆಡ್ಡಿ/ಟಿ. ನಾರಾಯಣ ಸ್ವಾಮಿ,ವಿ ರಘುರಾಮ ರೆಡ್ಡಿ/ಟಿ. ನಾರಾಯಣ ಸ್ವಾಮಿ,ಮಾಸಿಕ,ಕನ್ನಡ,1960-68,
219,ಪಂಚೇತ್ರಾಯ,1961,ಬೆಂಗಳೂರು,ಪ್ರಚಾರ ಮತ್ತು ಮಾಹಿತಿಯ ನಿರ್ದೇಶನ,ಶ್ರೀ ಚೌಡಪ್ಪ ರೆಡ್ಡಿ,ಮಾಸಿಕ,ಕನ್ನಡ,,
220,ಪ್ರತಿಧ್ವನಿ ,1961,ಬೆಂಗಳೂರು,ಕರುಣಾಮಯಿ ಗಂಗಾಧರಚಾರ್,ಕರುಣಾಮಯಿ ಗಂಗಾಧರಚಾರ್,ಮಾಸಿಕ,ಕನ್ನಡ,,
221,ರಂಜನಾ,1961,ಬೆಂಗಳೂರು,ವೈದ್ಯನಾಥನ್ ಎನ್,ನಾಟ್ಯಾಚಾರ್ಯ ಕುಮಾರ ವಿ ಎಂಕಣ್ಣ,ಪಾಕ್ಷಿಕ,ಕನ್ನಡ,1961-62,"1976, Balakrish na"
222,ಸಮದರ್ಶಿ ,1961,ಬೆಂಗಳೂರು,ಕೆ. ಸತ್ಯನಾರಾಯಣ,ಕೆ. ಸತ್ಯನಾರಾಯಣ,ಸಾಪ್ತಾಹಿಕ,ಕನ್ನಡ,1960-70,
223,ಮನೋರಮಾ,1961,ಹುಬ್ಬಳ್ಳಿ/ಧಾರವಾಡ,ಪಟೇಲ್ ಪುಟ್ಟಪ್ಪ,ಪಟೇಲ್ ಪುಟ್ಟಪ್ಪ,ಪಾಕ್ಷಿಕ,ಕನ್ನಡ,Fortnightly,
224,ಗ್ರಾಮ ಹಿತಾ,1961,ಮಂಗಳೂರು,ಎಸ್.ಮುಕುಂದ ರಾವ್,ಎಸ್.ಮುಕುಂದ ರಾವ್,ಸಾಪ್ತಾಹಿಕ,ಕನ್ನಡ,,
225,ಕನ್ನಡವಾಣಿ ,1961,ಮಂಗಳೂರು,ವಿ ಜೆ ಪಿ ಸಲ್ಡಾನಾ,ವಿ ಜೆ ಪಿ ಸಲ್ಡಾನಾ,ದೈನಿಕ,ಕನ್ನಡ,,
226,ವಿಶ್ವಕರ್ಮ ,1961,ಮಂಗಳೂರು,ಬಿ.ಹರಿಶ್ಚಂದ್ರಾಚಾರ್ಯ,ಬಿ.ಹರಿಶ್ಚಂದ್ರಾಚಾರ್ಯ,ಮಾಸಿಕ,ಕನ್ನಡ,"1954-1977, Publisher - Rashtriya Vishwa Brahmana Samjodesha",1964
227,ಪ್ರತಿನಿಧಿ ,1961,ಹಾಸನ,ಎಸ್ ನಾರಾಯಣ,ಎಸ್.ಎಸ್.ಸಿಂಗರ್/ಎಸ್. ನಾರಾಯಣ ಪ್ರಕಾಶ್,ದೈನಿಕ,ಕನ್ನಡ,"1947, Publication - T. Thirumalachar ya, Editor - S.S. Iyengar",
228,ಚುನಾವಣೆ ,1961,ಕುಮಟಾ,ವೆಂಕಟೇಶ ನರಸಿಂಹ ವಿಭಾಗ,ನರಸಿಂಹ ಗೋವಿಂದ ವಿಭಾಗ / ವೆಂಕಟೇಶ ನರಸಿಂಹ ವಿಭಾಗ,ಪಾಕ್ಷಿಕ,ಕನ್ನಡ,,
229,ರೋಹಿಣಿ ,1962,ಬೆಂಗಳೂರು,ರೋಹಿಣಿ ಪಬ್ಲಿಕೇಷನ್ಸ್,ಚಿಕ್ಕಮುನಿಸ್ವಾಮಿ,ಮಾಸಿಕ,ಕನ್ನಡ,,
230,ವಿ ಯವಸಯೋತ್ಪನ್ನಗಳ ವಾಣಿಜ್ಯ ವಾರ್ತೆ,1962,ಬೆಂಗಳೂರು,ಮೈಸೂರು ರಾಜ್ಯ ಮುಖ್ಯ ಮಾರುಕಟ್ಟೆ ಅಧಿಕಾರಿ,,,ಕನ್ನಡ,1959-69,
231,ಸಮಾಜ ,1962,ಧಾರವಾಡ,ಎಂ ಪಿ ಲಕ್ಷ್ಮೇಶ್ವರ್,ಎಂ ಪಿ ಲಕ್ಷ್ಮೇಶ್ವರ್,ದೈನಿಕ,ಕನ್ನಡ,"1935-37, Pub: Vyasaraya & udupi samaja Karyalaya, Edi: Balachandra Ganekara & H Manjappa",
232,ಇಂದ್ರ ಧನುಷ ,1962,ಪುತ್ತೂರು/ದಕ್ಷಿಣಕನ್ನಡ,ಕೆ ರಾಮಕೃಷ್ಣ,ಕೆ ರಾಮಕೃಷ್ಣ,ಮಾಸಿಕ,ಕನ್ನಡ,,
233,ಲೋಕ ದರ್ಶನ ,1962,ಹಾವೇರಿ,ಶರತ್ ಚಂದ್ರ ಎಂ ದೇಸಾಯಿ,ಶರತ್ ಚಂದ್ರ ಎಂ ದೇಸಾಯಿ,ದೈನಿಕ,ಕನ್ನಡ,,
234,ಸ್ವಾತಂತ್ತ್ರದರ್ಶಿ ,1962,ಮೈಸೂರು,ಎಚ್.ಎಸ್. ಸುಬ್ರಾಯಪ್ಪ,ಎಚ್.ಎಸ್. ಸುಬ್ರಾಯಪ್ಪ,ಸಾಪ್ತಾಹಿಕ,ಕನ್ನಡ,,
235,ಮಲೆನಾಡ ವಾರ್ತಾ ,1962,ಶಿವಮೊಗ್ಗ,ವಿ ಸಿ ನಾಗಾರ್ಜುನ್,ಭೂಬಲಂ ಚಂದ್ರಶೇಖರ್,ದೈನಿಕ,ಕನ್ನಡ,,
236,ಸೇವಕ,1962,ತಿಪಟೂರು,,ಎಂ ಎಲ್ ಜಯರಾಮ್,ಸಾಪ್ತಾಹಿಕ,ಕನ್ನಡ,,
237,ಮುನ್ನಡೆ,1962,ಸಿದ್ಧಾಪುರ,ಜೆ.ಎನ್. ಹೆಗ್ಡೆ,ಜೆ.ಎನ್. ಹೆಗ್ಡೆ,ಸಾಪ್ತಾಹಿಕ,ಕನ್ನಡ,"Pub - Siddapura Taluka Shivrouli Mavloli, Editor - Ganesha Hegade Doddamane/K ekkapura Ganesha Bhat",
238,ಶೃಂಗಾರ ,1962,ಹೊನ್ನಾವರ,ಎಲ್.ಎಸ್. ಶಾಸ್ತ್ರಿ,ಗಂಗಾಧರ ಶಾಸ್ತ್ರಿ / ಎಲ್.ಎಸ್. ಶಾಸ್ತ್ರಿ,ತ್ರೈಮಾಸಿಕ,ಕನ್ನಡ,"Pub - Siddapura Taluka Shivrouli Mavloli, Editor - Ganesha Hegade Doddamane/K ekkapura Ganesha Bhat",
239,ಕನ್ನಡಿ ,1963,ಬೆಳಗಾವಿ,ಎಸ್ ಎಸ್ ಅನ್ನೆಪನವರ್,ಎಸ್ ಎಸ್ ಅನ್ನೆಪನವರ್,ಸಾಪ್ತಾಹಿಕ,ಕನ್ನಡ,1963-69,
240,ಲೋಕ ದರ್ಶನ ,1963,ಬೆಳಗಾವಿ,ಶರತ್ ಎಸ್ ಚಂದ್ರ ದೇಸಾಯಿ,ಶರತ್ ಎಸ್ ಚಂದ್ರ ದೇಸಾಯಿ,,ಕನ್ನಡ,,
241,ದಾಸವಾಣಿ ,1963,ಬೆಂಗಳೂರು,ದಾಸಾಶ್ರಮ ಅಂತರಾಷ್ಟ್ರೀಯ ಕೇಂದ್ರ,ಕೇಶವದಾಸರು,ಮಾಸಿಕ,ಕನ್ನಡ,,
242,ಗೋಕುಲ ,1963,ಬೆಂಗಳೂರು,ನಾಗರಾಜ ರಾವ್,ನಾಗರಾಜ ರಾವ್,ಸಾಪ್ತಾಹಿಕ,ಕನ್ನಡ,,Kadri Shamann a
243,ಶ್ರೀ ಸಮಂತಭದ್ರ ವಾಣಿ,1963,ಚಿಕ್ಕಮಗಳೂರು,ಬಿ.ಚಂದ್ರ ಸಾಗರ್ ಮತ್ತು ಅರ್ನಿಜಿ,ಬಿ.ಚಂದ್ರ ಸಾಗರ್ ಮತ್ತು ಅರ್ನಿಜಿ,ಮಾಸಿಕ,ಕನ್ನಡ,,
244,ಗೀತಾಮಿತ್ರ ,1963,ಚಿಕ್ಕಮಗಳೂರು,ಸುಬ್ರಹ್ಮಣ್ಯ ಶೆಟ್ಟಿ,ಸುಬ್ರಹ್ಮಣ್ಯ ಶೆಟ್ಟಿ,ಮಾಸಿಕ,ಕನ್ನಡ,,Pub & Editor - Rajagopa la Priya
245,ಲೋಕ ದರ್ಶನ,1963,ಧಾರವಾಡ,ಶರತ್ಚಂದ್ರ ಎಂ.ದೇಸಾಯಿ,ಶರತ್ಚಂದ್ರ ಎಂ.ದೇಸಾಯಿ,ದೈನಿಕ,ಕನ್ನಡ,,
246,ನವ ಕೀರ್ತಿ,1963,ಮಂಗಳೂರು,ಎ.ಜಗನ್ನಿವಾಸ ಶೆಟ್ಟಿ,ಎ.ಜಗನ್ನಿವಾಸ ಶೆಟ್ಟಿ,ಸಾಪ್ತಾಹಿಕ,ಕನ್ನಡ,1962-64,1962
247,ವಾರ್ತಾಲೋಕ ,1963,ಮಂಗಳೂರು,ಪಿ.ಗೋಪಾಲ ಕೃಷ್ಣ,ಪಿ.ಗೋಪಾಲ ಕೃಷ್ಣ,ದೈನಿಕ,ಕನ್ನಡ,"1967, Publisher - K. Ramachandra Rao & Vijaya Printers",1964
248,ಲೋಕ ದರ್ಶನ ,1963,ಧಾರವಾಡ/ಗದಗ,ಶರತ್ ಚಂದ್ರ ಎಂ ದೇಸಾಯಿ,ಶರತ್ ಚಂದ್ರ ಎಂ ದೇಸಾಯಿ,ದೈನಿಕ,ಕನ್ನಡ,,
249,ಕ್ರಾಂತಿ ,1963,ಕಲಬುರ್ಗಿ,ಅನ್ನಪೂರ್ಣ ಸಿದ್ದರಾಮೇಶ ಮುಧೋಳ,ಅನ್ನಪೂರ್ಣ ಸಿದ್ದರಾಮೇಶ ಮುಧೋಳ,ದೈನಿಕ,ಕನ್ನಡ,,
250,Independent,1963,ಮೈಸೂರು,ಎಚ್.ಎನ್. ನರಸಿಂಹ ಮೂರ್ತಿ,ಎಚ್.ಎನ್. ನರಸಿಂಹ ಮೂರ್ತಿ,ದೈನಿಕ,ಕನ್ನಡ/ ಇಂಗ್ಲೀಷ್,,1961
251,ವಿಶ್ವದೂತ  ,1963,ಮೈಸೂರು,ವಿ ಎ ದಿನಕರ್,ಎಂ.ಎನ್. ಅನಂತರಾಜು/ ವಿ ಎ ದಿನಕರ್,ದೈನಿಕ,ಕನ್ನಡ,,
252,ಹೊಸ ಕೆಲಸ,1963,ಉಡುಪಿ,,ಈ ಜಗನ್ನಿವಾಸ ಶೆಟ್ಟಿ,ಸಾಪ್ತಾಹಿಕ,ಕನ್ನಡ,,
253,ಲೋಕ ದರ್ಶನ ,1964,ಬೆಳಗಾವಿ,ಶರತ್ಚಂದ್ರ ಎಂ. ದೇಸಾಯಿ,ಶರತ್ಚಂದ್ರ ಎಂ. ದೇಸಾಯಿ,ದೈನಿಕ,ಕನ್ನಡ,,
254,ಕ್ರಿಸ್ತ ಆಗಮನದೂತ,1964,ಬೆಳಗಾವಿ,ಜಿ ಸಿ ಬೆಲ್ಲಿಕಟ್ಟಿ,ಜಿ ಸಿ ಬೆಲ್ಲಿಕಟ್ಟಿ,ಮಾಸಿಕ,ಕನ್ನಡ,,
255,ವಾರ್ತಾ ಪತ್ರ,1964,ಬೆಳಗಾವಿ,,,,ಕನ್ನಡ,,
256,ಚಿತ್ರಲೇಖಾ ,1964,ಬೆಂಗಳೂರು,,,ಪಾಕ್ಷಿಕ,ಕನ್ನಡ,"1964-71, Pub- Sir Guru Laxman, Edi- K A Gopal",1968
257,ಭಾರತದ ನೆಹರು,1964,ಬೆಂಗಳೂರು,ಡಾ. ಬಿ ಜಿ ರಾವ್,ಡಾ. ಬಿ ಜಿ ರಾವ್,ಸಾಪ್ತಾಹಿಕ,ಕನ್ನಡ,,
258,ಪತ್ರಕರ್ತ ,1964,ಬೆಂಗಳೂರು,ವಿ ವೆಂಕಟೇಶ್,ಜಿ ನಾಗರಾಜ,ಮಾಸಿಕ,ಕನ್ನಡ/ ಇಂಗ್ಲೀಷ್,,
259,ರೈತ ಬಂಧು ,1964,ಬೆಂಗಳೂರು,ಎಂ.ನಾರಾಯಣ ಗೌಡ,ಎಂ.ನಾರಾಯಣ ಗೌಡ,,ಕನ್ನಡ,,
260,ರಣಭೇರಿ,1964,ಬೆಂಗಳೂರು,ಜೆ ಜಿ ಪ್ರಸಾದ್,ಜೆ ಜಿ ಪ್ರಸಾದ್,ಪಾಕ್ಷಿಕ,ಕನ್ನಡ,,
261,ಸಾಲರ್,1964,ಹುಬ್ಬಳ್ಳಿ/ಧಾರವಾಡ,ಸಲಾರ್ ಪಬ್ಲಿಕೇಷನ್ ಟ್ರಸ್ಟ್,ಸಿ.ಎಂ.ಅಲೀಮುಲ್ಲಾ / ಕೆ ಲಿಫ್ಟೇಕರ್ ಅಹಮದ್ ಷರೀಫ್,ದೈನಿಕ,ಉರ್ದು,,
262,ಆನಂದವಾಣಿ ,1964,ದಕ್ಷಿಣಕನ್ನಡ,,ಆನಂದಾಶ್ರಮ ಪ್ರೌಢಶಾಲೆ,ವಾರ್ಷಿಕ,ಕನ್ನಡ,,
263,ಅಶೋಕ ,1964,ಮೈಸೂರು,ಭಾಸ್ಕರ್ ಜಿವಿಜಿ ಕೊರ್ಪಡೆ,ಅಶೋಕ್/ಭಾಸ್ಕರ್ ಜಿವಿಜಿ ಕೊರ್ಪಡೆ,ದೈನಿಕ,ಕನ್ನಡ,Pub & Editor - BS Ravindranath & N Srinivasa Murthy,
264,ಎಚ್ಚರಿಕೆ ,1964,ಶಿವಮೊಗ್ಗ,ಕೆ ಸೂರ್ಯನಾರಾಯಣ,ನಾಗೇಂದ್ರ ರಾವ್,ದೈನಿಕ,ಕನ್ನಡ,,
265,ಪ್ರಶಾಂತಿ ,1964,ಶಿವಮೊಗ್ಗ,ಶಿವರಾಂ,ಶಿವರಾಂ,ಮಾಸಿಕ,ಕನ್ನಡ,"1963 - 71, Monthly",1961
266,ಶರಾವತಿ ,1964,ಶಿವಮೊಗ್ಗ,ಎಚ್ ಆರ್ ಮಲ್ಲಾರಾದ್ಯ,ಎಚ್ ಆರ್ ಮಲ್ಲಾರಾದ್ಯ,ಸಾಪ್ತಾಹಿಕ,ಕನ್ನಡ,,
267,ಸಮಾಜ ಸಂಘಟನೆ ,1964,ಕುಮಟಾ,ಸಮುದಾಯದ ಘಟನೆ,ಶ್ರೀ ಶಂಭು ಭಟ್ಟ ಮದ್ಗುಣಿ,ಮಾಸಿಕ,ಕನ್ನಡ,,
268,ಸಂದರ್ಶನ ,1964,ವಿಜಯಪುರ,ಗೋಪಾಲ್ ನಾಯಕ್,ವಿ.ಬಿ ನಾಯಕ್/ಗೋಪಾಲ ನಾಯಕ್/ಎಸ್ ಡಿ ಪಿಂಗಲ,ದೈನಿಕ / ಮಾಸಿಕ,ಕನ್ನಡ,1959-78,
269,ಕನ್ನಡ ತಾಯಿ,1965,ಬೆಳಗಾವಿ,ಪ್ರಭಾಕರ ಆಣಿಲಗೋಳ,ಪ್ರಭಾಕರ ಆಣಿಲಗೋಳ,ಸಾಪ್ತಾಹಿಕ,ಕನ್ನಡ,1964-83,
270,ಸಮಾಜ ಜ್ಯೋತಿ ,1965,ಬೆಂಗಳೂರು,ಹೆಚ್ ವಿ ಅನಂತಸ್ವಾಮಿ,ಹೆಚ್ ವಿ ಅನಂತಸ್ವಾಮಿ,ಸಾಪ್ತಾಹಿಕ,ಕನ್ನಡ,,
271,ಯಂಗ್ ಫಾರ್ಮರ್,1965,ಬೆಂಗಳೂರು,"ಯುವ ರೈತ ಸಂಘ, ಮೈಸೂರು",ಎಂ. ವಿ. ರಾಜಶೇಖರನ್,ಮಾಸಿಕ,ಕನ್ನಡ,,
272,ಯುವಕ ರೈತ ,1965,ಬೆಂಗಳೂರು,ಎಂ. ವಿ. ರಾಜಶೇಖರನ್,ಎಂ. ವಿ. ರಾಜಶೇಖರನ್,ಮಾಸಿಕ,ಕನ್ನಡ/ ಇಂಗ್ಲೀಷ್,,
273,ಗಿರಿವರ್ತ,1965,ಚಿಕ್ಕಮಗಳೂರು,ಆರ್ ಟಿ ನಾಗೇಂದ್ರ ರಾವ್,ಆರ್ ಟಿ ನಾಗೇಂದ್ರ ರಾವ್,ದೈನಿಕ,ಕನ್ನಡ,,
274,ನ್ಯಾಯವಾದಿ ,1965,ದಾವಣಗೆರೆ,ಎನ್ ಬಿ ಬೂಸ್ನೋರು,ಎನ್ ಬಿ ಬೂಸ್ನೋರು / ಟಿ ಜಂಬಣ್ಣ,ದೈನಿಕ,ಕನ್ನಡ,,
275,ಐಕ್ಯರಂಗ,1965,ಮಂಗಳೂರು,ಸಿಪಿಐ(ಎಂ) ಪರವಾಗಿ ಪಿ.ರಾಮಚಂದ್ರರಾವ್,ಪಿ.ರಾಮಚಂದ್ರರಾವ್,ಸಾಪ್ತಾಹಿಕ,ಕನ್ನಡ,,1964
276,ಸುಧೇನು,1965,ಮಂಗಳೂರು,ಎಂ.ಪಿ. ಉಮೇಶ್ ಆಚಾರ್ಯ,ಎಂ.ಪಿ. ಉಮೇಶ್ ಆಚಾರ್ಯ,ಮಾಸಿಕ,ಕನ್ನಡ,1966,
277,ಸಮೀಕ್ಷ ,1965,ಮೈಸೂರು,ವಿಮರ್ಶೆ ಪ್ರಕಟಣೆ,ಶ್ರೀಕೃಷ್ಣ ಆಲನಹಳ್ಳಿ,ದ್ವೈಮಾಸಿಕ,ಕನ್ನಡ,Pub & Editor - Sameeksha Prakashana,
278,ಶ್ರೀ ಶಂಕರ ಕೃಪಾ ,1965,ಮೈಸೂರು,ಪಿ ಆರ್ ಹರಿಹರನ್,ಪಿ ಆರ್ ಹರಿಹರನ್,ಮಾಸಿಕ,ಕನ್ನಡ,,
279,ಸಿದ್ದಗಂಗಾ ,1965,ತುಮಕೂರು,ಎಚ್ ಪಿ ಗಂಗಾಧರ,ಪಿ.ಚೆನ್ನಪ್ಪ ಎರಿಸಿಮೆ/ ಎಚ್.ವಿ.ವೀರಭದ್ರಯ್ಯ,ಮಾಸಿಕ,ಕನ್ನಡ,,
280,The Hyderabad Karnataka,1966,ಬೀದರ್,M.A. Hameed,M.A. Hameed,ದೈನಿಕ,ಉರ್ದು,,
281,ಹವ್ಯಕ ,1966,ಬೆಂಗಳೂರು,ಶ್ರೀ ಅಖಿಲ ಹವ್ಯಕ ಮಹಾಸಭಾ,ಶ್ರೀಕಾಂತ್ ಹೆಗಡೆ,ಮಾಸಿಕ,ಕನ್ನಡ,"1966, Edi: A Bheema Bhat, N V Ganapa Bhat",
282,ವಿದ್ಯಾ ,1966,ಬೆಂಗಳೂರು,ಭಾರತಿಯ ಸಂಸ್ಕೃತಿ ವಿದ್ಯಾಪೀಠ,ಕೆ.ನಾಗೇಶ ಹತ್ವಾರ,ಮಾಸಿಕ,ದ್ವಿಭಾಷಿಕ,1965-71,
283,ಸತ್ಯಜ್ಯೋತಿ ,1966,ಚಿತ್ರದುರ್ಗ,ಕೆ ವಿ ಶ್ರೀನಿವಾಸ್ ರಾವ್,ಕೆ ವಿ ಶ್ರೀನಿವಾಸ್ ರಾವ್,ಪಾಕ್ಷಿಕ,ಕನ್ನಡ,1965-78,1961
284,ಸಂಕ್ರಮಣ ,1966,ಧಾರವಾಡ,ಸಂಕ್ಕಮನ ಪ್ರಕಾಶನ,ನೀಲಾ ಪಾಟೀಲ್,ಮಾಸಿಕ,ಕನ್ನಡ,"1964, Pub & edi Chandrashekar Patila",
285,ಅನಂತ ಚೈತನ್ಯ ,1966,ದಕ್ಷಿಣಕನ್ನಡ,ಶ್ರೀ ದೇವಸ್ಥಾ ಬ್ರಾಹ್ಮಣ ಪರಿಷತ್,ವಿ.ಅಶ್ವಥಾಮ ಭಟ್,ಮಾಸಿಕ,ಕನ್ನಡ,,
286,ವಿಜ್ಞಾನ ಲೋಕ ,1966,ಮಂಗಳೂರು,ವಿಜ್ಞಾನ ಪ್ರಕಟಣೆಗಳು,ಪಿ.ದೇವ ರಾವ್,ಮಾಸಿಕ,ಕನ್ನಡ,"1967 - 75, Editor- Krishna Bhatta & J. Vasudeva, Periodicity - Monthly / Quarterly",
287,ಜನಪದ ,1966,ಮೈಸೂರು,"ನಿರ್ದೇಶಕರು, ಮಾಹಿತಿ ಮತ್ತು ಪ್ರವಾಸೋದ್ಯಮ, ಸರ್ಕಾರ ಮೈಸೂರಿನ","ನಿರ್ದೇಶಕರು, ಮಾಹಿತಿ ಮತ್ತು ಪ್ರವಾಸೋದ್ಯಮ, ಸರ್ಕಾರ ಮೈಸೂರಿನ",ಸಾಪ್ತಾಹಿಕ,ಕನ್ನಡ,,Editor - Surendra Koulagi
288,ಲಿಯೋ ಸುದ್ದಿ,1966,ಶಿವಮೊಗ್ಗ,ಲಯನ್ಸ್ ಕ್ಲಬ್ ಆಫ್ ಶಿವಮೊಗ್ಗ,ಎನ್ ಶೇಷಗಿರಿ ರಾವ್,ಮಾಸಿಕ,,,
289,ನಿರ್ಭಯ ,1966,ವಿಜಯಪುರ,ಬಿ.ಕೆ. ನಾಗೂರ,ಬಿ.ಕೆ. ನಾಗೂರ,ಸಾಪ್ತಾಹಿಕ,ಕನ್ನಡ,1964-75,
290,ವಿಶ್ವಕಲ್ಯಾಣ ,1966,ಯಾದಗಿರಿ,ಬಿ ಮಹದೇವಪ್ಪ,ಬಿ ಮಹದೇವಪ್ಪ,ಸಾಪ್ತಾಹಿಕ,ಕನ್ನಡ,,
291,ಕನ್ನಡ ತುಂಬಾ ಬೇಗ,1967,ಬೆಂಗಳೂರು,,ಕರವಸ್ತ್ರದಲ್ಲಿ ಬಸಪ್ಪ,,ಕನ್ನಡ,1964-78,
292,ರಾಜ್ಯ ಧರ್ಮ ,1967,ಚಿಕ್ಕಬಳ್ಳಾಪುರ,,ಮಹಿ ಮಹೇಶ್,ದೈನಿಕ,ಕನ್ನಡ,,
293,ಕೃಷಿಲೋಕ ,1967,ಮಂಗಳೂರು,,,ಮಾಸಿಕ,ಕನ್ನಡ,,
294,ವಾರ್ತಾವಾಣಿ ,1967,ಮಂಗಳೂರು,ಎಂ ವಾಸುಕುಮಾರ್ ರಾಜ್,ಎಂ ವಾಸುಕುಮಾರ್ ರಾಜ್,,ಕನ್ನಡ,,
295,ಪೌರವಾಣಿ ,1967,ಮಂಡ್ಯ,ಕೆ ಬಿ ಕುಮಾರ್,ಎಚ್ ಎಸ್ ದೊರೆ ಸ್ವಾಮಿ /ಕೆ ಬಿ ಕುಮಾರ್,ಸಾಪ್ತಾಹಿಕ,ಕನ್ನಡ,"1965-76, Publisher and founder editor K S Gundanna",
296,ರಾಜ್ಯ ಧರ್ಮ ,1967,ಮೈಸೂರು,ಮಹಿ ಮಹೇಶ್,ಸಿ.ಎಂ.ಕಿರಣ್ ಕುಮಾರ್,ದೈನಿಕ,ಕನ್ನಡ,"Pub - G Krishanappa, Lakshmi Printers",
297,ವಿದ್ಯೋದಯ ,1967,ಮೈಸೂರು,ಆರ್. ರಾಮಕೃಷ್ಣ,ಎಂ ಆರ್ ರಾಮಸ್ವಾಮಿ,ಸಾಪ್ತಾಹಿಕ,ಕನ್ನಡ/ ಇಂಗ್ಲೀಷ್,,
298,ಸಮಾಜ ವಿಕಾಸ ,1967,ರಾಯಚೂರು,,ಎಸ್.ಪಿ. ದೇಶಪಾಂಡೆ / ಗೀತಾ ಭೀಮರಾವ್ ದೇಶಪಾಂಡೆ,ದೈನಿಕ,ಕನ್ನಡ,,
299,ಪಂಚಕದಾಯೈ,1967,ಮಣಿಪಾಲ,ಅಶೋಕ್ ಪೈ ಕೊಂಕಣಿ ಭಾಸೋದ್ಧರ ಟ್ರಸ್ಟ್‌ಗಾಗಿ,ಬಿ ಶಾಂತಾರಾಮ ಬಾಳಿಗಾ/ ಬಿ ವಿ ಬಾಳಿಗಾ,ಮಾಸಿಕ,ಕೊಂಕಣಿ,,
300,ದೇವಾಡಿಗರ ಕೊಡಿ,1968,ಬೆಂಗಳೂರು,ಕೆ ಜಿ ಶ್ರೀನಿವಾಸ್ ರಾವ್,ಕೆ ಜಿ ಶ್ರೀನಿವಾಸ್ ರಾವ್,,ಕನ್ನಡ,,
301,ಕನ್ನಡ ಪ್ರಭಾ,1968,ಬೆಂಗಳೂರು,,ಖಾದ್ರಿ ಶಾಮಣ್ಣ,ದೈನಿಕ,ಕನ್ನಡ,,
302,ಮಯೂರ ,1968,ಬೆಂಗಳೂರು,ಅನಂತ ರಾಮು,,ಮಾಸಿಕ,ಕನ್ನಡ,,"1947, Edi:Krish namurthy"
303,ಪರಶು ರಾಜ್ಯ,1968,ಬೆಂಗಳೂರು,"ಬಿ ಹ್ ಗಿರಿಜಾಪಥಂಯ್, ಶ್ರೀನಿವಾಸ್ ಮೂರ್ತಿ",ಜಿ.ಎಲ್. ರಾಮಕೃಷ್ಣದೇವ,ಸಾಪ್ತಾಹಿಕ,ಕನ್ನಡ,1966-68,
304,ಪರಶು ರಾಜ್ಯ,1968,ಬೆಂಗಳೂರು,ಪಿಲಿಫ್,ಪಿಲಿಫ್,ಮಾಸಿಕ,ಕನ್ನಡ,"1957-76, Pub- IEHC, Edi: Robert Lewis & Guruprasad G",
305,ರೂಪ ಶಿಲ್ಪಿ ,1968,ಬೆಂಗಳೂರು,,ಎಲ್. ಬಾಬು ಕೃಷ್ಣ ಪ್ರಸಾದ್,ಸಾಪ್ತಾಹಿಕ,ಕನ್ನಡ,1969-77,
306,ಸುದ್ದಿ,1968,ಬೆಂಗಳೂರು,ಕೆ ಎಸ್ ರಂಗನಾಥ್,ಕೆ ಎಸ್ ರಂಗನಾಥ್,ಸಾಪ್ತಾಹಿಕ,ಕನ್ನಡ,,
307,ತಾರಾ  ,1968,ಬೆಂಗಳೂರು,,ಬಿ ಎಸ್ ಸಾವಿತ್ರಿ ದೇವಿ,ಮಾಸಿಕ,ಕನ್ನಡ,,
308,ನಗರ ನಗಾರಿ,1968,ದಾವಣಗೆರೆ,,ಕೃಷ್ಣಾಜರಾವ್ ಶಿಂಧೆ,ಸಾಪ್ತಾಹಿಕ,ಕನ್ನಡ,,
309,ಪರಂಜ್ಯೋತಿ ,1968,ಹುಬ್ಬಳ್ಳಿ/ಧಾರವಾಡ,ವಿಶ್ವಂತ್ ಬಿ ಹಿರೇಮಠ,ಎಸ್ ಕಟಗಿಹಳ್ಳಿ ಮಠ,ಮಾಸಿಕ,ಕನ್ನಡ,,
310,ಹಿಲಾಲ್,1968,ಮಂಗಳೂರು,ಟಿ ಎಂ ಸಫಿ,ಟಿ ಎಂ ಸಫಿ,ಪಾಕ್ಷಿಕ,ಕನ್ನಡ,"1967-68, Publisher - Hilal Karyalaya",
311,ಪ್ರಭೋದವಾಣಿ ,1968,ಮಂಗಳೂರು,ಸಿ.ಡಿ.ಜಾತಣ್ಣ/ ಕರ್ನಾಟಕ ತಾಂತ್ರಿಕ ಮಹಾವಿದ್ಯಾಲಯ,ಎಸ್.ಎ.ಮಾರಾ,ಮಾಸಿಕ,ಕನ್ನಡ,"Publisher - Prabhodhavani Karyalaya, Periodicity - Quarterly",
312,ಇಂಗ್ಲೆಂಡ್,1968,ಕಲಬುರ್ಗಿ,ಶಾಂತೋಷ ಕುಮಾರ್ ಜೇವರ್ಗಿ,ಶಾಂತೋಷ ಕುಮಾರ್ ಜೇವರ್ಗಿ,ದೈನಿಕ,ಕನ್ನಡ,,
313,ಭಕ್ತಿ ಮಾಲಾ ,1968,ನಂಜನಗೂಡು,ಕೃಷ್ಣಪ್ಪ ಫಾರ್ ಗಣಪತಿ ಸಚ್ಚಿದಾನಂದ ಆಶ್ರಮ,ಕೃಷ್ಣಪ್ಪ ಫಾರ್ ಗಣಪತಿ ಸಚ್ಚಿದಾನಂದ ಆಶ್ರಮ,ಮಾಸಿಕ,ಕನ್ನಡ,,
314,ಮಾನವ ,1968,ಮೈಸೂರು,ವೈ ಮಹೇಶ್/ ಮಾನವ್ ಪ್ರಿಂಟರ್ಸ್,ನಾಗಭೂಷಣ / ಕೆ ದೇವೇಗೌಡ,ಮಾಸಿಕ,ಕನ್ನಡ,"1967 -76, Pub - Malleshappa, Editor -MB Nanjundaswa my/ Nagabhushan/ K Devegowda",Editor - MD Nanjunda swamy
315,ಸುದ್ದಿ,1968,ಶಿವಮೊಗ್ಗ,ನಾಗಭೂಷಣ / ಕೆ ದೇವೇಗೌಡ,ಕೆ ಎಸ್ ರಂಗನಾಥ್,ಸಾಪ್ತಾಹಿಕ,ಕನ್ನಡ,"1988, Editor & pub - K.S. Ranganatha",
316,ವಾಣಿ,1968,ಉಡುಪಿ,ರಾಷ್ಟ್ರೀಯ ಮುದ್ರಕಗಳು,,ಮಾಸಿಕ,ಕನ್ನಡ,"1967, Pub - Vani Prakashana Krodosharma, Editor - K Haridasa Upadhyaya",
317,ಸಂಘಟಕ ,1969,ಬಾಗಲಕೋಟೆ,ಹೆಚ್ ಬಿ ಕತ್ತಿ,ಹೆಚ್ ಬಿ ಕತ್ತಿ,ಸಾಪ್ತಾಹಿಕ,ಕನ್ನಡ,,
318,ಭಕ್ತ ಬಂಧು  ,1969,ಬೆಂಗಳೂರು,ಬೆಂಗಳೂರು ಕರ್ನಾಟಕ ಭಕ್ತ ಮಂಡಳಿ,ಚಿದಂಬರಯ್ಯ,ಮಾಸಿಕ,ಕನ್ನಡ,,
319,ಕಾಂಗ್ರೆಸ್ ಮಿತ್ರ,1969,ಬೆಂಗಳೂರು,ಸಿ ಎಸ್ ರಾಮಚಂದ್ರ ರಾವ್,ಸಿ ಎಸ್ ರಾಮಚಂದ್ರ ರಾವ್,ಸಾಪ್ತಾಹಿಕ,ಇಂಗ್ಲೀಷ್,,
320,ಪೌರ ಸಮಿತಿ ,1969,ಬೆಂಗಳೂರು,ಕೆ ಮ್ ನಾಗಣ್ಣ,ಕೆ ಮ್ ನಾಗಣ್ಣ,ಸಾಪ್ತಾಹಿಕ,ಕನ್ನಡ,1947,1969
321,ರೂಪ ಲೇಖಾ,1969,ಬೆಂಗಳೂರು,ಎಂ ರಾಮನ್,ಎಂ ರಾಮನ್,ಸಾಪ್ತಾಹಿಕ,ಕನ್ನಡ,1967-77,1969
322,ಕರ್ನಾಟಕ ಭಾರತಿ ,1969,ಧಾರವಾಡ,ಎಸ್.ಎಸ್.ಒಡೆಯರ್,ಆರ್ ಸಿ ಹಿರೇಮತ್,ತ್ರೈಮಾಸಿಕ,,Pub: Karnataka University,
323,ಕುರುಕ್ಷೇತ್ರ ,1969,ಧಾರವಾಡ,ಬಾಬು ರೆಡ್ಡಿ ತುಂಗಳ,ಬಾಬು ರೆಡ್ಡಿ ತುಂಗಳ,ಸಾಪ್ತಾಹಿಕ,ಕನ್ನಡ,,
324,ಸ್ಪೂರ್ತಿ ,1969,ಗದಗ/ಹುಬ್ಬಳ್ಳಿ/ಧಾರವಾಡ,ಕೆ.ಎಲ್. ಅಣ್ಣಿಗೇರಿ,ಕೆ.ಎಲ್. ಅಣ್ಣಿಗೇರಿ,ಮಾಸಿಕ,ಕನ್ನಡ,,
325,ಸ್ಪೂರ್ತಿ ,1969,ಗದಗ,,ಕೆ ಎಲ್ ಅಣ್ಣೆಗೆರೆ,ಮಾಸಿಕ,ಕನ್ನಡ,1968,
326,ರಾಯಚೂರು ವಾಣಿ ,1969,ರಾಯಚೂರು,ಅರವಿಂದ ಕುಲಕರ್ಣಿ,ದಿವಂಗತ ಕುಲಕರ್ಣಿ / ಗುರುರಾಜ ಕುಲಕರ್ಣಿ,ದೈನಿಕ,ಕನ್ನಡ,,
327,ಅಗ್ನಿ,1969,ಉಡುಪಿ,ಕೆ ಎಂ ಜಿ ಹುಸೇನ್,ಕೆ ಎಂ ಜಿ ಹುಸೇನ್,ಪಾಕ್ಷಿಕ,ಕನ್ನಡ,,
328,ವಿಕ್ರಾಂತ ಭಾರತ ,1969,ವಿಜಯಪುರ,ಎಂ ಸಿ ಗೊಂಡಿ,ಎಂ ಸಿ ಗೊಂಡಿ,ಸಾಪ್ತಾಹಿಕ,ಕನ್ನಡ,"1968-75, pub- Vikata Bharata karyalaya",
329,ದಮನ್,1970,ಬೀದರ್,,ಸಿದ್ದರಾಮಯ್ಯ ಸ್ವಾಮಿ,ದೈನಿಕ,ಹಿಂದಿ,,
330,ಕುರುಕ್ಷೇತ್ರ ,1970,ಜಮಖಂಡಿ,ಬಾಬುರೆಡ್ಡಿ,ಬಾಬುರೆಡ್ಡಿ ತುಂಗಳ,ಸಾಪ್ತಾಹಿಕ,ಕನ್ನಡ,,
331,ವಿಕ್ರಾಂತ ಭಾರತ ,1970,ಬಾಗಲಕೋಟೆ,ಹೊಲಿಯಿರಿ,ಎಂ ಸಿ ಗೊಂಡಿ,ಪಾಕ್ಷಿಕ,ಕನ್ನಡ,,
332,ವಾರ್ತ  ವಿಚಾರ ,1970,ಬೆಳಗಾವಿ,ಸುವರ್ಣ ಮ್ ಘಿವರಿ,ಸುವರ್ಣ ಮ್ ಘಿವರಿ,ಸಾಪ್ತಾಹಿಕ,ಕನ್ನಡ,1970-71,
333,ಚಿತ್ರ ಧ್ವನಿ ,1970,ಬೆಂಗಳೂರು,ಅನಂತ ಸ್ವಾಮಿ,ಸಾವಿತ್ರಿ,ಸಾಪ್ತಾಹಿಕ,ಕನ್ನಡ/ ಇಂಗ್ಲೀಷ್,,
334,ಜನಮತ ,1970,ಬೆಂಗಳೂರು,ಗಾಂಧಿ ಮೆಮೋರಿಯಲ್ ನ್ಯೂಸ್ ಪೇಪರ್ ಸೊಸೈಟಿಗಾಗಿ ಎಸ್ ಎಂ ಸಾಗರ್,ಜಿ ವಿ ಗ್ರೇ ದೇಹ,ಸಾಪ್ತಾಹಿಕ,ಕನ್ನಡ,Edi: T K Janardhana,1956
335,ಕರ್ನಾಟಕ ಗ್ರಂಥಾಲಯ ,1970,ಬೆಂಗಳೂರು,ಗ್ರಂಥಾಲಯ ಮತ್ತು ಮಾಹಿತಿ ವಿಜ್ಞಾನ ಪ್ರಕಟಣೆ,ಪಿ ಸದಾಶಿವಮೂರ್ತಿ,ತ್ರೈಮಾಸಿಕ,ಕನ್ನಡ,,
336,ರಾಮ ವಾಣಿ ,1970,ಬೆಂಗಳೂರು,,ಎಂ ರಾಮಸ್ವಾಮಿ,ಪಾಕ್ಷಿಕ,ಕನ್ನಡ,,
337,ರಾಷ್ಟ್ರದ ಉದಯ,1970,ಬೆಂಗಳೂರು,,ಎನ್.ಎಚ್. ಚಂದ್ರಶೇಖರ,,ಕನ್ನಡ,,
338,ಸಹಕಾರ,1970,ಬೆಂಗಳೂರು,,,ಸಾಪ್ತಾಹಿಕ,ಕನ್ನಡ,"1969-77, Karnataka Rajya Sahakara Sangha, Edi: H K Kumaraswamy","1968,
 Edi: P Rudrappa"
339,ಜನಮಿತ್ರ ,1970,ಚಿಕ್ಕಮಗಳೂರು,ಎಚ್.ಬಿ.ಮದನಗೌಡ,ಎಚ್.ಬಿ.ಮದನ್ ಗೌಡ / ಗಿರಿಜಾ ಶಂಕರ್,ದೈನಿಕ,ಕನ್ನಡ,,
340,ನವ ಜ್ಯೋತಿ ,1970,ಬಾಳೆಹೊನ್ನೂರು/ಚಿಕ್ಕಮಗಳೂರು,ಹೆನ್ರಿ ಮದತಾ,ಹೆನ್ರಿ ಮದತಾ,ಮಾಸಿಕ,ಕನ್ನಡ,"1969 - 74, Pub & Editor - Pascal Mariyappa",
341,ದೇಶ ಪ್ರೇಮಿ ,1970,ಹಿತ್ಲ/ದಕ್ಷಿಣಕನ್ನಡ,ಮುಳಿಯ ಶಂಕರ ಭಟ್,ಮುಳಿಯ ಶಂಕರ ಭಟ್,ಸಾಪ್ತಾಹಿಕ,ಕನ್ನಡ,"1954- 58, 1965- 75",1969
342,ಜನ ದೀಪ ,1970,ಮಂಗಳೂರು,ಜನದೀಪ ಪ್ರಕಾಶನ,ಡಿ ಎಸ್ ಕಾಮತ್,ಸಾಪ್ತಾಹಿಕ,ಕನ್ನಡ,,
343,ಶಿಕ್ಷಕವಾಣಿ ,1970,ಮಂಗಳೂರು,ದಕ್ಷಿಣ ಕನ್ನಡ ಪ್ರಾಥಮಿಕ ಶಾಲಾ ಶಿಕ್ಷಣ ಸಂಘ,ಜೆ ಎಂ ಮಹಮ್ಮದ್ / ಸಿ ಪ್ರಭಾಕರ ಶೆಟ್ಟಿ,ಮಾಸಿಕ,ಕನ್ನಡ,"1968 - 87, Editor - K. Bojaraja Shetty, Publication - Dakshina ಕನ್ನಡ Pratishtana - Zilla Shikshakara Sangha",
344,ನೇಗಿಲ ಯೋಗಿ ,1970,ಗದಗ,ವಿ.ಕೆ. ಕೌಟಲಾ,ವಿ.ಕೆ. ಕೌಟಲಾ,ಸಾಪ್ತಾಹಿಕ,ಕನ್ನಡ,1951 - 68,
345,ಶಿಡ್ಲು ಪತ್ರಿಕೆ ,1970,ಹಾವೇರಿ,ಬಿ ಮಠದ,ಆರ್ ಸಿ ಮಹಾನುಬಾವಿಮಠ,ದೈನಿಕ,ಕನ್ನಡ,,
346,The Salaamati,1970,ಕಲಬುರ್ಗಿ,,,ದೈನಿಕ,ಉರ್ದು,,
347,ರಾಷ್ಟ್ರ ಸಹೋದರ,1970,ಮಡಿಕೇರಿ/ವಿರಾಜಪೇಟೆ,ಕೆ ಜಿ ಅರುಣ್ ಕುಮಾರ್,ಕೆ. ಜಿ. ಅರುಣ್ ಕುಮಾರ್/ ಕೃಷ್ಣಗಿರಿ ಗೋವಿಂದ ರಾವ್,ದೈನಿಕ,ಕನ್ನಡ,,1965
348,ವನಸುಮ,1970,ಮಂಡ್ಯ,ಆರ್ ಎಲ್ ವಾಸುದೇವರಾವ್,ಆರ್ ಎಲ್ ವಾಸುದೇವರಾವ್,,ಕನ್ನಡ/ ಇಂಗ್ಲೀಷ್,"1970, A
 Rodrix- publisher, founder editor- B Ramanna",
349,ಅಲ್ಪಸಂಖ್ಯಾತರ ಧ್ವನಿ,1970,ಮಂಡ್ಯ,,ಆರ್ ಎಲ್ ವಾಸುದೇವರಾವ್,ಸಾಪ್ತಾಹಿಕ,ಕನ್ನಡ,,
350,ಸುಧರ್ಮ,1970,ಮೈಸೂರು,ಕೆ ವಿ ಸಂಪತ್ ಕುಮಾರ್,ವರದರಾಜಾಚಾರ್ಯ/ಸಂಪತ್ ಕುಮಾರ್ ಕೆ ವಿ,ದೈನಿಕ,ಸಂಸ್ಕೃತ,,
351,ಕಂಠೀರವ ,1970,ಶಿವಮೊಗ್ಗ,ಎನ್. ಎಂ ಶಿವಕುಮಾರ್,ಎನ್. ಎಂ ಶಿವಕುಮಾರ್,ದೈನಿಕ,ಕನ್ನಡ,,1973
352,ವನಕೃಪ,1970,ಸಾಗರ,ಎ ಡಿ ಸುಬ್ರಹ್ಮಣ್ಯಂ,ಸುಶೀಲಾ ಸುಬ್ರಹ್ಮಣ್ಯಂ,ದೈನಿಕ,ಕನ್ನಡ,,
353,ಕೃಷಿಕರ ಸಂಘಟನೆ ,1970,ಉಡುಪಿ,ರಘುರಾಮ ಶೆಟ್ಟಿ,ರಘುರಾಮ ಶೆಟ್ಟಿ,,ಕನ್ನಡ,,
354,ಚಿತ್ರ ಭೂಮಿ ,1971,ಬೆಂಗಳೂರು,ಟಿ ಕೆ ಜನಾರ್ದನ್,ಟಿ ಕೆ ಜನಾರ್ದನ್,ಪಾಕ್ಷಿಕ,ಕನ್ನಡ,,
355,ದರ್ಶನ ,1971,ಬೆಂಗಳೂರು,ಜೀರಗೆ ಕಟ್ಟೆ ಬಸವಪ್ಪ,ಜೀರಗೆ ಕಟ್ಟೆ ಬಸವಪ್ಪ,ಮಾಸಿಕ,ಕನ್ನಡ,"1963, Pub & Edi: K G Rajamma",1963
356,ಹೊಸಯುಗ ,1971,ಬೆಂಗಳೂರು,ಎಸ್ ಗೋಪಣ್ಣ,ಎಸ್ ಗೋಪಣ್ಣ,ಸಾಪ್ತಾಹಿಕ,ಕನ್ನಡ,,1969
357,ಕನ್ನಡ ಯುವಜನ ವಾಣಿ ,1971,ಬೆಂಗಳೂರು,ಮೈಸೂರು ರಾಜ್ಯ ಶಂಕರ ಭೂ ಅಭಿವೃದ್ಧಿ ಬ್ಯಾಂಕ್,ವಸಂತೇಗೌಡ ಎಂ,,ಕನ್ನಡ,1969-75,1968
358,ಪೌರಮತ,1971,ಬೆಂಗಳೂರು,ಮಂಗಳ ದೈಯ್ಯ,ಮಂಗಳ ದೈಯ್ಯ,,ಕನ್ನಡ,1971-78,1976
359,ಪ್ರಕೃತಿ ಜೀವನ ,1971,ಬೆಂಗಳೂರು,ಎಚ್ ಶ್ರೀನಿವಾಸಯ್ಯ,ಎಚ್ ಶ್ರೀನಿವಾಸಯ್ಯ,ಮಾಸಿಕ,ಕನ್ನಡ,"1970-76, Pub- Prakruti Jeevana kendra, Edi: B V Anandaraj","edi: B V Ananda Rao, Quarterly"
360,ರಾಜ್ಯ ಪ್ರಗತಿ ,1971,ಬೆಂಗಳೂರು,,ಎನ್.ಶ್ರೀಕಾಂತ್,ಸಾಪ್ತಾಹಿಕ,ಕನ್ನಡ,"1970-77, Pub: R Bassappa",
361,ರಾಷ್ಟ್ರೋತನಾ ವಾರ್ತಾ ,1971,ಬೆಂಗಳೂರು,ರಾಷ್ಟ್ರೋತನ ಪರಿಷತ್ತು,ಪಿ ಆರ್ ಆನಂದ ರಾವ್,ಪಾಕ್ಷಿಕ,ಕನ್ನಡ,,
362,ಸಿರಿಗನ್ನಡಮ್ಗೆಲ್ - ಬಾಳ್ಗೆ,1971,ಬೆಂಗಳೂರು,ಗುರುರಾಜ್,ಕೆ ಎಂ ಸೋಮಣ್ಣ,ಪಾಕ್ಷಿಕ,ಕನ್ನಡ,1972-76,
363,ಸುಶೀಲ ,1971,ಧಾರವಾಡ,ಸುಶೀಲ ಪ್ರಕಾಶನ,ಎಂ ಎಂ ಕಂಕೇರಿ,ಮಾಸಿಕ,ಕನ್ನಡ,,
364,ಜಗದರ್ಶಿ ,1971,ಮಂಗಳೂರು,ರೋಹಿದಾಸ್ ವಿ. ಪೈ,ರೋಹಿದಾಸ್ ವಿ. ಪೈ,ಸಾಪ್ತಾಹಿಕ,ಕನ್ನಡ,"1970 - 78, Editor- Ravidra Sulya, Periodicity - Weekly/Daily",
365,ಜರ್ನಲ್ ಆಫ್ ಕೆನರಾ ಚೇಂಬರ್ ಆಫ್ ಕಾಮರ್ಸ್ & ಇಂಡಸ್ಟ್ರಿ,1971,ಮಂಗಳೂರು,ಕೆನರಾ ವಾಣಿಜ್ಯ & ಕೈಗಾರಿಕಾ ಸಂಸ್ಥೆ,,,ಕನ್ನಡ,,
366,ಕಾಲದರ್ಶನ ,1971,ಮಂಗಳೂರು,ಭಾರದ್ವಾಜ್ ಪಬ್ಲಿಕೇಷನ್ಸ್,ವಿ .ಬಿ.ಹೊಸಮನೆ,ಮಾಸಿಕ,ಕನ್ನಡ,,
367,ಕೃಷಿಕರ ಸಂಘಟನೆ ,1971,ಕಾರ್ಕಳ,ರಘುರಾಮ ಶೆಟ್ಟಿ,ರಘುರಾಮ ಶೆಟ್ಟಿ,,ಕನ್ನಡ,,1969
368,ಮತ್ಸ್ಯಲೋಕ ,1971,ಸೂರತ್‌ಕಲ್/ದಕ್ಷಿಣಕನ್ನಡ,ಡಿ ಟಿ ಕೋಟ್ಯಾನ್,ಶ್ರೀನಿವಾಸ ಕೋಟ್ಯಾನ್,ಮಾಸಿಕ,ಕನ್ನಡ,,
369,ರಶ್ಮಿ ,1971,ದಕ್ಷಿಣಕನ್ನಡ,ರಶ್ಮಿ ಕಾರ್ಯಾಲಯಕ್ಕೂ ಗಣಪಯ್ಯ,ಗಣಪಯ್ಯ ಅಲ್ಸೆ,ಮಾಸಿಕ,ಕನ್ನಡ,,
370,ಚೇತನ ,1971,ಮಡಿಕೇರಿ,ಬಿ ಎಸ್ ಗೋಪಾಲಕೃಷ್ಣ,ಬಿ ಎಸ್ ಗೋಪಾಲಕೃಷ್ಣ,ಸಾಪ್ತಾಹಿಕ,ಕನ್ನಡ,,
371,ರಾಷ್ಟ್ರ ಮಾತ ,1971,ಮಡಿಕೇರಿ/ವಿರಾಜಪೇಟೆ,,ಜಯಲಕ್ಷ್ಮಿ ಗೋವಿಂದ್ ರಾವ್,ಸಾಪ್ತಾಹಿಕ,ಕನ್ನಡ,,"1965, Editor - vijayalaks hmi"
372,ಚಿತ್ರ ಗುಪ್ತ ,1971,ಮೈಸೂರು,ಆರ್. ಸತ್ಯನಾರಾಯಣ,ಆರ್. ಸತ್ಯನಾರಾಯಣ,,ಕನ್ನಡ,Pub - Jupiter Printers,"1928, Pub & Editor - Veeranna Gowda"
373,ಮಾನಸ ಗಂಗೋತ್ರಿ ,1971,ಮೈಸೂರು,ಮೈಸೂರು ವಿಶ್ವವಿದ್ಯಾನಿಲಯ ಪತ್ರಿಕೋದ್ಯಮ ವಿಭಾಗ,ನಾಡಿಗ್ ಕೃಷ್ಣ ಮೂರ್ತಿ,,ದ್ವಿಭಾಷಿಕ,"Pub - Snathakothara Patrikodyama Vibhaga, Editor - Nadig Krishna Murthy/ N Usharani / Niranjan Vanalli",
374,ಮಾನವಿಕ ಕರ್ನಾಟಕ ,1971,ಮೈಸೂರು,"ಪ್ರಸಾರರಂಗ, ಮೈಸೂರು ವಿಶ್ವವಿದ್ಯಾನಿಲಯ",,ತ್ರೈಮಾಸಿಕ,ಕನ್ನಡ,Editor - Ha Ma Nayak,
375,ವೃತ ,1971,,ನುಡಿ ಪ್ರಕಾಶನಕ್ಕಾಗಿ ಎಸ್ ಜಿ ಶಂಕರ್,ವಿ ಎನ್ ಲಕ್ಷ್ಮೀನಾರಾಯಣ,ಮಾಸಿಕ,ಕನ್ನಡ,"1941, Pub - Mouli Prakashana",
376,ಕಲಾದರ್ಶನ ,1971,ಸಾಗರ,ವಿ ಬಿ ಹೊಸಮನೆ,ವಿ ಬಿ ಹೊಸಮನೆ,ಮಾಸಿಕ,ಕನ್ನಡ,,
377,ಜಗದರ್ಶಿ,1971,ಉಡುಪಿ,,,ಸಾಪ್ತಾಹಿಕ,ಕನ್ನಡ,,
378,ನುಡಿ ಜೇನು  ,1971,ಅಂಕೋಲ,ಬಿ.ಹೊನ್ನಪ್ಪ ಬಾವಿಕೇರಿ,ಬಿ.ಹೊನ್ನಪ್ಪ ಬಾವಿಕೇರಿ,ಸಾಪ್ತಾಹಿಕ,ಕನ್ನಡ,1970 -71,1969
379,ಸಹಚಾರ ,1971,ಶಿರಸಿ,ಸೀತಾರಾಮ ಹೆಗಡೆ,ಸೀತಾರಾಮ ಹೆಗಡೆ,ಮಾಸಿಕ,ಕನ್ನಡ,,
380,ಧೀರವಾಣಿ ,1971,ವಿಜಯಪುರ,ದಶರಥ ಸಿ. ಲಾಲಸಂಗಿ,ದಶರಥ ಸಿ. ಲಾಲಸಂಗಿ,,ಕನ್ನಡ,1969-77,
381,ಕನ್ನಡಮ್ಮ ,1972,ಬೆಳಗಾಂ,ರಾಜೀವ್ ಎಂ ಟೋಪಣ್ಣವರ್,ಉಮಾದೇವಿಯಲ್ಲಿ ಟೋಪಣ್ಣವರ್,ದೈನಿಕ,ಕನ್ನಡ,,
382,ಕನ್ನಡ ವಿಶ್ವ ನಗರ,1972,ಮುಧೋಳ,ಚನ್ನಮ್ಮ ಹಳೆಕೆರೆ,ಚನ್ನಮ್ಮ ಹಳೆಕೆರೆ,ಪಾಕ್ಷಿಕ,ಸಂಸ್ಕೃತ,,
383,ಗಡಿನಾಡು ,1972,ಬೆಳಗಾವಿ,,ಆರ್ ಕೆ ನಾಯಕ,ಮಾಸಿಕ,ಕನ್ನಡ,,
384,ಶ್ರೀ ರಣಜುಂಜರ,1972,ಬೆಳಗಾವಿ,ಮನೋಹರ್ ಕಲ್ಕುಂದ್ರಿಕರ್,ಜಯಶಂಕರ ಕಲ್ಕುಂದ್ರಿಕರ್,ದೈನಿಕ,ಮರಾಠಿ,,1978
385,ಭೂವಿಕಾಸ ,1972,ಬೆಂಗಳೂರು,ಮೈಸೂರು ರಾಜ್ಯ ಸಹಕಾರ ಕೃಷಿ ಮತ್ತು ಗ್ರಾಮೀಣಾಭಿವೃದ್ಧಿ ಬ್ಯಾಂಕ್ ಲಿಮಿಟೆಡ್,ಜಯಕುಮಾರ ಅನಗೋಳ/ ಜಯಲಕ್ಷ್ಮಿ ಅಂಗಳ,ತ್ರೈಮಾಸಿಕ,ಕನ್ನಡ,,
386,ಕಾಮಕೋಟಿ ಪ್ರಭ ,1972,ಬೆಂಗಳೂರು,ಆರ್ ಸರಸ್ವತಿ ಕಾಸಿಕ್,,ಮಾಸಿಕ,ಕನ್ನಡ,"1972-77, Pub: Sri nilayam",1972
387,ಕುಟುಂಬ ,1972,ಬೆಂಗಳೂರು,NRHM ನಿರ್ದೇಶಕ,,ಮಾಸಿಕ,ಕನ್ನಡ,"1971-78, Edi: Subramaiah & GR Chennabasapp a",1978
388,ವಿಕಾಸದಿಂದ,1972,ಬೆಂಗಳೂರು,ಸಿ.ಪುಟ್ಟಸ್ವಾಮಿ,ಸಿ.ಪುಟ್ಟಸ್ವಾಮಿ,ಸಾಪ್ತಾಹಿಕ,ಕನ್ನಡ,,
389,ವಿದ್ಯಾರ್ಥಿ,1972,ಬೆಂಗಳೂರು,ಎ ಎನ್ ಗುಂಡೂರಾವ್,ಆರ್. ನಾಗರಾಜ ರಾವ್,ಸಾಪ್ತಾಹಿಕ,ಕನ್ನಡ,,1971
390,ಯಾತ್ರಿಕ,1972,ಬೆಂಗಳೂರು,ಎಚ್ ವಿ ವರದರಾಜನ್,ಎಚ್ ವಿ ವರದರಾಜನ್,ಪಾಕ್ಷಿಕ,ಕನ್ನಡ,"1972, Pub- Hebbur Rangaswamy, Asian Entertainment",1971
391,ಪ್ರಯತ್ನ ,1972,ಚಿಕ್ಕಮಗಳೂರು,ಅನಂತಮೂರ್ತಿ,ಅನಂತಮೂರ್ತಿ,ಸಾಪ್ತಾಹಿಕ,ಕನ್ನಡ,,
392,ಜನತಾವಾಣಿ ,1972,ದಾವಣಗೆರೆ,ಎಚ್.ಎನ್.ಷಡಕ್ಷರಪ್ಪ,ಎಚ್.ಎನ್.ಷಡಕ್ಷರಪ್ಪ,ದೈನಿಕ,ಕನ್ನಡ,,
393,ಕರ್ನಾಟಕ ಎಕ್ಸ್‌ಪ್ರೆಸ್,1972,ದಾವಣಗೆರೆ,ಕೆ.ಚಂದ್ರಣ್ಣ,ಕೆ.ಚಂದ್ರಣ್ಣ,ಸಾಪ್ತಾಹಿಕ,ಕನ್ನಡ,,
394,ನಟರಾಜ್ ,1972,ಹುಬ್ಬಳ್ಳಿ/ಧಾರವಾಡ,ಲೋಕನಾಥ ಬಂಕಪುರ,ಲೋಕನಾಥ ಬಂಕಪುರ,ಪಾಕ್ಷಿಕ / ಮಾಸಿಕ,ಕನ್ನಡ,1971-79,
395,ಪ್ರಜಾಜ್ಯೋತಿ ,1972,ಹುಬ್ಬಳ್ಳಿ/ಧಾರವಾಡ,ಜಿ ಎಸ್ ಉಮದಿ,ಜಿ ಎಸ್ ಉಮದಿ,ಸಾಪ್ತಾಹಿಕ,ಕನ್ನಡ,1977-78,
396,ಕನ್ನಡಮ್ಮ ,1972,ಗದಗ,ರಾಜಕುಮಾರ್ ಟಾಪ್ನವರ್,ರಾಜಕುಮಾರ್ ಟಾಪ್ನವರ್,ದೈನಿಕ,ಕನ್ನಡ,,
397,ಕನ್ನಡಮ್ಮ ,1972,ಹಾವೇರಿ,ರಾಜೀವ್ ಎಂ ತಪ್ಪನವರ್,ಉಮಾದೇವಿಯಲ್ಲಿ ಟೋಪಣ್ಣವರ್,ದೈನಿಕ,ಕನ್ನಡ,,
398,ಆಂದೋಲನ ,1972,ಮೈಸೂರು,ರಾಜಶೇಖರ್ ಕೋಟಿ,ರಾಜಶೇಖರ್ ಕೋಟಿ,ಸಾಪ್ತಾಹಿಕ/ ದೈನಿಕ,ಕನ್ನಡ,,
399,ದುಡಿಮೆ,1972,ರಾಯಚೂರು,ಜಿ ಅಮರೇಗೌಡ,ಜಿ ಅಮರೇಗೌಡ,ಸಾಪ್ತಾಹಿಕ,ಕನ್ನಡ,1972,
400,ಮನೋಭೂಮಿ ,1972,ಸಾಗರ,ಎಚ್ ರಾಮಚಂದ್ರ ಶೆಟ್ಟಿ,ಎಚ್ ರಾಮಚಂದ್ರ ಶೆಟ್ಟಿ,ದೈನಿಕ,ಕನ್ನಡ,,
401,ಸನಾತನ ಸಾರಥಿ,1972,ಶಿವಮೊಗ್ಗ,ಎಂ ಶಿವರಾಮ್,ಎಂ ಶಿವರಾಮ್,ಮಾಸಿಕ,ಕನ್ನಡ,1971,
402,ಸಿಡಿಲಮರಿ ,1972,‌ಭದ್ರಾವತಿ,ಎ. ವಿ. ಕೃಷ್ಣಪ್ಪ,ಎ. ವಿ. ಕೃಷ್ಣಪ್ಪ,ದೈನಿಕ,ಕನ್ನಡ,,1973
403,ಶ್ರೀಸಾಮಾನ್ಯ ,1972,ಸಿದ್ಧಾಪುರ,ಆರ್.ಎಸ್. ಭಟ್ಟ,ಆರ್ ಎಸ್ ಭಟ್ಟ ಶಿರಲಾಗಿ,ಸಾಪ್ತಾಹಿಕ,ಕನ್ನಡ,,1975
404,ಕ್ರೀಡಾಂಗನಾ,1973,ಬೆಳಗಾವಿ,ಶಿವಶಂಕರ ಅರಳಮಟ್ಟಿ,ಶಿವಶಂಕರ ಅರಳಮಟ್ಟಿ,ಮಾಸಿಕ,ಕನ್ನಡ,,
405,ಸಿಂಹ ಗರ್ಜನೆ ,1973,ಬೆಳಗಾವಿ,ಬಿ ಮುಕುಂದರಾಜ,ಬಿ ಮುಕುಂದರಾಜ,ಸಾಪ್ತಾಹಿಕ,ಕನ್ನಡ,,1979
406,ಭಾರದ್ವಜ ,1973,ಬೆಂಗಳೂರು,ಡಿ ವಿ ಕೃಷ್ಣ ಮೂರ್ತಿ,ಡಿ ವಿ ಕೃಷ್ಣ ಮೂರ್ತಿ,,ಕನ್ನಡ,,
407,ಸಿಟಿ ವಾಯ್ಸ್,1973,ಬೆಂಗಳೂರು,ಎಂ.ಷಣ್ಮುಗಂ,ಎಂ.ಷಣ್ಮುಗಂ,ಸಾಪ್ತಾಹಿಕ,ಕನ್ನಡ,,1973
408,ದೀಪ್ತಿ,1973,ಬೆಂಗಳೂರು,ಎಂ. ಎಸ್. ಲಕ್ಷ್ಮೀನರಸಾಯಃ,ಎಂ. ಎಸ್. ಲಕ್ಷ್ಮೀನರಸಾಯಃ,ಪಾಕ್ಷಿಕ,ಕನ್ನಡ,"1972-80, Pub: Aravinda Mandala",
409,ಎಚ್ಛರಿಕೆ,1973,ಬೆಂಗಳೂರು,ಎಂ ಕೆ ನರಸಿಂಹ ಮೂರ್ತಿ,ಎಂ ಕೆ ನರಸಿಂಹ ಮೂರ್ತಿ,ಸಾಪ್ತಾಹಿಕ,ಕನ್ನಡ,,
410,ಗಾಂಧಿ ವಾಣಿ,1973,ಬೆಂಗಳೂರು,ಜನಾರ್ದನ್,ಜನಾರ್ದನ್,ಸಾಪ್ತಾಹಿಕ,ಕನ್ನಡ,1972,
411,ಗುಲಾಬಿ,1973,ಬೆಂಗಳೂರು,ಎಚ್ ಎಸ್. ವೃಷಭರಾಜ್,ಎಚ್ ಎಸ್. ವೃಷಭರಾಜ್,,ಕನ್ನಡ,1972,1972
412,ಕೃಷಿ ವಿಜ್ಞಾನ ,1973,ಬೆಂಗಳೂರು,,,,ಕನ್ನಡ,Pub: Krishi vidyalaya,
413,ಲಾವಣ್ಯ ,1973,ಬೆಂಗಳೂರು,,,ಸಾಪ್ತಾಹಿಕ,ಕನ್ನಡ,"1972-75, Pub: MN Ramanarasaiah , Edi: Srikrishna",
414,ಮಾಡಿ ವಾಣಿ,1973,ಬೆಂಗಳೂರು,,ಎಂ ಮುನಿಸ್ವಾಮಯ್ಯ,ಮಾಸಿಕ,ಕನ್ನಡ,,
415,ನಿಜಗುಣ ,1973,ಬೆಂಗಳೂರು,ಕೆ ಪಿ ಮಲ್ಲೇಶನ,ಕೆ ಪಿ ಮಲ್ಲೇಶನ,ದೈನಿಕ,ಕನ್ನಡ,"1970-79,",
416,ಓಂ ಪ್ರಕಾಶ ,1973,ಬೆಂಗಳೂರು,ಅಂಬಿಕಾ ಪ್ರಿಂಟಿಂಗ್ ಪ್ರೆಸ್,ಜೆ ಉಮಾಶಂಕರ್,ಮಾಸಿಕ,ಕನ್ನಡ,197-78,
417,ಪಿಂಚಣಿದಾರ,1973,ಬೆಂಗಳೂರು,ಕರ್ನಾಟಕ ರಾಜ್ಯ ಪಿಂಚಣಿ ಸಂಘ,ಅರ ಜಿ ಹಡಗಲಿ/ನಂಜಪ್ಪ,ಮಾಸಿಕ,ಕನ್ನಡ,,
418,ಪೌರ ಸಂದೇಶ ,1973,ಬೆಂಗಳೂರು,ಎಸ್ ಕೃಷ್ಣ/ ಎಂ ಮುನಿಯಪ್ಪ,ಸಿ ಕೃಷ್ಣ,ಮಾಸಿಕ,ಕನ್ನಡ,"1968, Pub & Edi-M Muniyappa,",1969
419,ಪ್ರತಿಬಿಂಬ ,1973,ಬೆಂಗಳೂರು,,ಬಿ ಎಂ ಶಂಕರ್,ಮಾಸಿಕ,ಕನ್ನಡ,"1953, Edi-N S Shetty",
420,ರೈತ ರಾಜ್ಯ ,1973,ಬೆಂಗಳೂರು,,ಜಿ ಆರ್ ರಾಮಕೃಷ್ಣ,ತ್ರೈಮಾಸಿಕ,ಕನ್ನಡ,,
421,ರಂಗ ಮಂಟಪ,1973,ಬೆಂಗಳೂರು,ಬಿ ಕೃಷ್ಣ,ಬಿ ಕೃಷ್ಣ,ತ್ರೈಮಾಸಿಕ,ಕನ್ನಡ,1972-73,
422,ರೈತ ರಾಜ್ಯ,1973,ಬೆಂಗಳೂರು,ಜಿ ಆರ್ ರಾಮಕೃಷ್ಣ,ಜಿ ಆರ್ ರಾಮಕೃಷ್ಣ,ತ್ರೈಮಾಸಿಕ,ಕನ್ನಡ,,
423,ಸಿಡಿಲು,1973,ಬೆಂಗಳೂರು,ವಿ.ಸತ್ಯನಾರಾಯಣ ರಾವ್,ವಿ.ಸತ್ಯನಾರಾಯಣ ರಾವ್,ಸಾಪ್ತಾಹಿಕ,ಕನ್ನಡ,,
424,ಟೈಮ್ಸ್ ಆಫ್ ಕರ್ನಾಟಕ,1973,ಬೆಂಗಳೂರು,ಕೆ.ಎಸ್.ಭಾಸ್ಕರ್,ಕೆ.ಎಸ್.ಭಾಸ್ಕರ್,ಸಾಪ್ತಾಹಿಕ,ಕನ್ನಡ,,
425,ವೇದಾಂತ ವಾಣಿ,1973,ಬೆಂಗಳೂರು,ಯು.ಕೆ. ಕಿಣಿ,,ಮಾಸಿಕ,ಕನ್ನಡ/ ಇಂಗ್ಲೀಷ್,Pub: Chinmayi Sangha,
426,ವಿಜ್ಞಾನ ಪ್ರಭಾ,1973,ಬೆಂಗಳೂರು,"ನಿರ್ದೇಶಕರು ರಾಜ್ಯ ವಿಜ್ಞಾನ ಶಿಕ್ಷಣ ಸಂಸ್ಥೆ, ಮೈಸೂರು",ಕೆ ಎನ್ ಶ್ರೀಪಾದ ರಾವ್,ಮಾಸಿಕ,ಕನ್ನಡ,,
427,ವಿಶಾಲ ವಾಣಿ,1973,ಬೆಂಗಳೂರು,,ಡಾ.ಎ.ಎಸ್. ಎ ಕೆ ಸಯ್ಯದ್,ಸಾಪ್ತಾಹಿಕ,ಕನ್ನಡ,,1973
428,ಗೆಲಿಯಾ,1973,ಚಿಕ್ಕಮಗಳೂರು,ಸಿದ್ದಪ್ಪ ಶೆಟ್ಟಿ,ಸಿದ್ದಪ್ಪ ಶೆಟ್ಟಿ,ದೈನಿಕ,ಕನ್ನಡ,,Pub & Ediotr - Chandras hekara Narayana pura
429,ದಾವಣಗೆರೆ ನಗರವಾಣಿ,1973,ದಾವಣಗೆರೆ,,ಸಿ ಕೇಶವಮೂರ್ತಿ,ದೈನಿಕ,ಕನ್ನಡ,,
430,ವಿವೇಕ್,1973,ಹುಬ್ಬಳ್ಳಿ,,ಚಳ್ಳಮರದ ಬಾಬುರಾವ್,ಸಾಪ್ತಾಹಿಕ,ಕನ್ನಡ,,
431,ದೀಪ್ತಿ,1973,ಮಂಗಳೂರು,,,ಪಾಕ್ಷಿಕ,ಕನ್ನಡ,,
432,ದಿವ್ಯಾ ವಾಣಿ,1973,ಮಂಗಳೂರು,ಎಂ ರವಿ ಕುಮಾರ್,ಎಂ ರವಿ ಕುಮಾರ್,ದೈನಿಕ,ಕನ್ನಡ,"Editior/Publish er - Raghavenra Nagodi, Periodicity - Fortnightly/Da ily",1961
433,ಗೃಹ ಪತ್ರಿಕೆ,1973,ಮಂಗಳೂರು,ಶ್ರೀ ವೆಂಕಟೇಶ ಶಿವಭಕ್ತಿ ಯೋಗ,,,ಕನ್ನಡ,,
434,ತುಶಾರ,1973,ಮಣಿಪಾಲ/ದಕ್ಷಿಣಕನ್ನಡ,ಮಣಿಪಾಲ್ ಪ್ರಿಂಟರ್ಸ್ ಮತ್ತು ಪಬ್ಲಿಷರ್ಸ್ ಪ್ರೈ.ಲಿ.ಗಾಗಿ ಸತೀಶ್ ಯು ಪೈ.,ಸತೀಶ್ ಯು ಪೈ,ಮಾಸಿಕ,ಕನ್ನಡ,,
435,ನಡೆಸ್,1973,ಹುಬ್ಬಳ್ಳಿ,"ಲಿಮಿಟೆಡ್  ಎಸ್ ಬಿ ಧಾರವಾಡಕರ್""",ಜೈಪ್ರಕಾಶ್ ಆರ್ ಜೋಶಿ,ದೈನಿಕ,ಕನ್ನಡ,,
436,ಅಭಿರುಚಿ,1973,ಕಲಬುರ್ಗಿ,ಅರವಿಂದ ಆರ್ಯ,ಅರವಿಂದ ಆರ್ಯ / ತುಳಸಿದೇವಿ ಆರ್ಯ,ಮಾಸಿಕ,ಕನ್ನಡ,1972,
437,ಹಿತ್ವಾನಿ,1973,ಮಡಿಕೇರಿ,,ಪಿ ನಾರಾಯಣ ಶೆಟ್ಟಿ,ದೈನಿಕ,ಕನ್ನಡ,"1960 - 79, Pub - Subbaiah, Editor - Krishnagiri Govindaraya/ Parthasarathy","1961, Editor - Subbaiah"
438,ನವ ಶಕ್ತಿ,1973,ಮಡಿಕೇರಿ,ಟಿ ಎ ಮಧುರ ಶೆಟ್ಟಿ,ಟಿ ಎ ಮಧುರ ಶೆಟ್ಟಿ,ದೈನಿಕ,ಕನ್ನಡ,1972 -79,1970
439,ರವಿ,1973,ಮಡಿಕೇರಿ,ಎಂ ಪಿ ಕೃಷ್ಣರಾಜು,ಕೆ. ಕೆ. ಪುಟ್ಟರಾಜು/ ಎಂ ಪಿ ಕೃಷ್ಣರಾಜು,ದೈನಿಕ,ಕನ್ನಡ,1964 -75,1961
440,ಚವಟಿ,1973,ಶಿವಮೊಗ್ಗ,ಎಸ್ ಆರ್ ಮಹಾಂತೇಶ್,ಎಸ್ ಆರ್ ಮಹಾಂತೇಶ್,ದೈನಿಕ,ಕನ್ನಡ,,1967
441,ಕರ್ಮಚಾರಿ,1973,ಸಾಗರ,ಟಿ ಡಿ ಕೆ ಪಂಡಿತ್,ಟಿ ಡಿ ಕೆ ಪಂಡಿತ್,ದೈನಿಕ,ಕನ್ನಡ,,
442,ನಮ್ಮ ಮನೋಭೂಮಿ,1973,ಸಾಗರ,ಎಹ್ ಆರ್ ಪ್ರಶಾಂತ್ ಬಾಬು,ರಾಮಚಂದ್ರ ಶೆಟ್ಟಿ / ಇಹ್ ಮತ್ತು ಪ್ರಶಾಂತ್: ಬಾಬು,ದೈನಿಕ ಸಂಜೆ,ಕನ್ನಡ,,
443,ನುಡಿ ಗಿಡ್ಡ,1973,ಶಿವಮೊಗ್ಗ,ಹೆಚ್ ಎನ್ ಮಂಜುನಾಥ್,ಹೆಚ್ ಎನ್ ಮಂಜುನಾಥ್,ದೈನಿಕ ಸಂಜೆ,ಕನ್ನಡ,,
444,ತುಂಗ,1973,ಶಿವಮೊಗ್ಗ,ಎಸ್ ಬಿ ಕೇಶವಪ್ಪ,ಎಸ್ ಬಿ ಕೇಶವಪ್ಪ,ಸಾಪ್ತಾಹಿಕ,ಕನ್ನಡ,,
445,ತುಶಾರ,1973,ಉಡುಪಿ,ಮಣಿಪಾಲ್ ಪ್ರಿಂಟರ್ಸ್ ಮತ್ತು ಪಬ್ಲಿಷರ್ಸ್‌ಗಾಗಿ ಟಿ ಸತೀಶ್ ಯು ಪೈ,ಟಿ ಸತೀಶ್ ಯು ಪೈ,,ಕನ್ನಡ,,
446,ಶಿಕ್ಷಣದ ಮುನ್ನಡೆ,1973,ದಾಂಡೇಲಿ,,ವಿ .ರಾಮನ್,ಮಾಸಿಕ,ಕನ್ನಡ,,
447,ಕರ್ನಾಟಕ ಸಂದೇಶ,1973,ವಿಜಯಪುರ,,ಬಿ.ಕೆ.ಗುಡದಿನ್ನಿ/ ಜಿ ಕಲ್ಯಾಣ್ ರಾವ್,,ಕನ್ನಡ,1972-80,
448,ಪರಿವರ್ತಕ,1973,ವಿಜಯಪುರ,ಚಂದ್ರಶೇಖರ ಹೊಸಮನಿ,ಚಂದ್ರಶೇಖರ ಹೊಸಮನಿ,ಸಾಪ್ತಾಹಿಕ,ಕನ್ನಡ,1947,
449,ವಿಶ್ವ ದರ್ಶನ್,1974,ಹುನಗುಂದ,ಜಯದೇವಿ ಜೀವನ್ನ ಮಾಸಲ್ಲಿ,ಜಯದೇವಿ ಜೀವನ್ನ ಮಾಸಲ್ಲಿ,ಸಾಪ್ತಾಹಿಕ,ಕನ್ನಡ,,
450,ದೇವಲಾ,1974,ದೊಡ್ಡಬಳ್ಳಾಪುರ,ಡಿ ಸಿ ವೆಂಕಟೇಶ್,ಡಿ ಸಿ ವೆಂಕಟೇಶ್/ ಡಿ ವಿ ಚಿಕ್ಕಮೂಡ್ಲಪ್ಪ,ಪಾಕ್ಷಿಕ,ಕನ್ನಡ,,
451,ಕನ್ನಡ,1974,ಬೆಳಗಾವಿ,,ಎಂ ಎಸ್ ಟೋಪಣ್ಣವರ,ದೈನಿಕ,ಕನ್ನಡ,,
452,ನಾಡೋಜ,1974,ಬೆಳಗಾವಿ,ರಾಘವೇಂದ್ರ ಜೋಶಿ,ಅರವಿಂದ ರಾವ್ ಜೋಶಿ/ರಾಘವೇಂದ್ರ ಜೋಶಿ,ದೈನಿಕ / ಮಾಸಿಕ,ಕನ್ನಡ,1972-80,1973
453,ಬೆಂಗಳೂರು ಪತ್ರಿಕೆ,1974,ಬೆಂಗಳೂರು,,ಎ ವಿ ಸುಬ್ರಹ್ಮಣ್ಯಂ,ಸಾಪ್ತಾಹಿಕ,ಕನ್ನಡ/ ಇಂಗ್ಲೀಷ್,,
454,ಹಿತಚಿಂತಕ,1974,ಬೆಂಗಳೂರು,ಬಿ ಸಿ ಚನ್ನಪ್ಪ,ಬಿ ಸಿ ಚನ್ನಪ್ಪ,ಸಾಪ್ತಾಹಿಕ,ಕನ್ನಡ,,
455,ಕನಕ,1974,ಬೆಂಗಳೂರು,ಶಶಿಕಲಾ ಎನ್.ತೋಂಟಾಪುರ,ಶಶಿಕಲಾ ಎನ್.ತೋಂಟಾಪುರ,ಸಾಪ್ತಾಹಿಕ,ಕನ್ನಡ,,1971
456,ಕರ್ನಾಟಕ ರಸ್ತೆ ಸಾರಿಗೆ,1974,ಬೆಂಗಳೂರು,ಶಾಂತಲಾ ಪಬ್ಲಿಕೇಷನ್ಸ್,,,ಕನ್ನಡ,,1976
457,ಕರ್ನಾಟಕ ರಾಜ್ಯ ಪಿಂಚಣಿದಾರ,1974,ಬೆಂಗಳೂರು,,ಶ್ರೀ ರೇವಣಸಿದ್ದಯ್ಯ,ಮಾಸಿಕ,ಕನ್ನಡ,,
458,ಕೆಂಬಾವುಟ,1974,ಬೆಂಗಳೂರು,,,,ಕನ್ನಡ,,
459,ಲೋಕವಾಣಿ,1974,ಬೆಂಗಳೂರು,ಕರ್ನಾಟಕ ಉದ್ಯೋಗ ಲಿ.,ರಾಮಚಂದ್ರ ಜೋಶಿ,,ಕನ್ನಡ,,
460,ಮೈಸೂರು ಹುಲಿ,1974,ಬೆಂಗಳೂರು,,,ಸಾಪ್ತಾಹಿಕ,ಕನ್ನಡ,,
461,ಯುವ ಕರ್ನಾಟಕ,1974,ಬೆಂಗಳೂರು,ಜೋಗಿಂದರ್ ಸಿಂಗ್,ಎನ್ ನಾಗರಾಜು,ತ್ರೈಮಾಸಿಕ,ಕನ್ನಡ,"1971, Pub : Karnataka Sahakara Yuvajana seva nirdeshanalaya",1972
462,ಅರೋಗ್ಯ ಮತ್ತು ಆಹಾರ,1974,ಹುಬ್ಬಳ್ಳಿ,ನಿಸರ್ಗ ಚಿಕಿತ್ಸಾ ಸಮಿತಿ,ವಾಮನ್ ರಾವ್ ಹೊಡಿಕೆ/ ಗಂಗಾಧರ್,ಮಾಸಿಕ,ಕನ್ನಡ,,
463,ಕಲ್ಪತರು,1974,ಹುಬ್ಬಳ್ಳಿ/ಧಾರವಾಡ,ಆಧುನಿಕ ಹೋಮಿಯೋ ಮಾರ್ಗಗಳು,ಕೆ ಜಿ ಮಣೂರು,ಮಾಸಿಕ,ಕನ್ನಡ,,
464,ಕನಕ,1974,ಧಾರವಾಡ,,ಶ್ರೀಮತಿ ಶಶಿಕಲಾ ಎನ್ ತೋಟಾಪುರ,ಸಾಪ್ತಾಹಿಕ,ಕನ್ನಡ,,
465,ತುಳು ವಾಣಿ,1974,ದಕ್ಷಿಣಕನ್ನಡ,,ರಮೇಶ್ ಕಾರ್ನಾಡ್,ಮಾಸಿಕ,ತುಳು,,
466,ತ್ರಿವಿಕ್ರಮ,1974,,ಕೆ ಸಿ ರಾಮ ಮೂರ್ತಿ,ಕೆ ಸಿ ರಾಮ ಮೂರ್ತಿ,ಸಾಪ್ತಾಹಿಕ,ಕನ್ನಡ,,1970
467,ದೇಶ ಹಿತ,1974,ಮಂಡ್ಯ,,ಕೌಡ್ಲೆ ಚನ್ನಪ್ಪ,ಸಾಪ್ತಾಹಿಕ,ಕನ್ನಡ,,
468,ವೀಕ್ಷಕ,1974,ಮಂಡ್ಯ,,,ದೈನಿಕ,ಕನ್ನಡ,,Publisher -Ramesh Hulkere
469,ಶಂಕು,1974,ಶಿವಮೊಗ್ಗ,ಎನ್ ಕೆ ಮಾರುತಿ,ಎನ್ ಕೆ ಮಾರುತಿ,ದೈನಿಕ,ಕನ್ನಡ,,1972
470,ಶಿವಮೊಗ್ಗ ಟೈಮ್ಸ್,1974,ಶಿವಮೊಗ್ಗ,ಗಿರೀಶ್ ಉಮಾರಾಯ,ಮುಂಜುನಾಥ ಐತಾಳ್ / ಎಸ್ ಚಂದ್ರಕಾಂತ,ದೈನಿಕ,ಕನ್ನಡ,,
471,ಸಮನ್ವಯ,1974,ಶಿರಸಿ,ಪಿ.ಎಸ್. ಭಟ್ಟ,ಪಿ.ಎಸ್. ಭಟ್ಟ,ಸಾಪ್ತಾಹಿಕ,ಕನ್ನಡ,,
472,ನಾಡೋಜ,1974,ವಿಜಯಪುರ,,ಡಿ. ಅರವಿಂದ ಜೋಶಿ / ರಾಘವೇಂದ್ರ ಜೋಶಿ,ದೈನಿಕ,ಕನ್ನಡ,,
473,ಬೆಂಗಳೂರು ಸಮಚಾರ,1975,ಬೆಂಗಳೂರು,,,,ಕನ್ನಡ,,"1973, Edi: N D Ramamur thy"
474,ಬೆಟ್ಟದಹುಳಿ,1975,ಬೆಂಗಳೂರು,ಪ್ರಕಾಶ್ ಶೆಟ್ಟಿ,ಎಚ್ ಕೆ ಎಲ್ ಬೆಟ್ಟದ ಉರ್ಸ್,ಸಾಪ್ತಾಹಿಕ,ಕನ್ನಡ,,
475,ಚಾಮುಂಡೇಶ್ವರಿ,1975,ಬೆಂಗಳೂರು,,ಎನ್.ಎನ್. ಬೇಟರಾಯಪ್ಪ,ಸಾಪ್ತಾಹಿಕ,ಕನ್ನಡ,,
476,ಸಿನೆರಮಾ,1975,ಬೆಂಗಳೂರು,ಇ. ಎನ್. ಮೀರಾ,ಇ. ಎನ್. ಮೀರಾ,ಸಾಪ್ತಾಹಿಕ,ಕನ್ನಡ,,
477,ದಮನ್ ದುಂದುಭಿ,1975,ಬೆಂಗಳೂರು,,ಎ ಕೃಷ್ಣಪ್ಪ,ಸಾಪ್ತಾಹಿಕ,ಕನ್ನಡ,,
478,ಬಡತನವನ್ನು ತೊಡೆದುಹಾಕಲು,1975,ಬೆಂಗಳೂರು,,ಎಂ ಪಿ ಜಯರಾಜ್,ಸಾಪ್ತಾಹಿಕ,ಕನ್ನಡ,,
479,ಕರ್ನಾಟಕ ಸಮೃದ್ಧಿ ಸಂಯೋಜನಾ ಪರಿಷಡ್ ತ್ರೈಮಾಸಿಕ,1975,ಬೆಂಗಳೂರು,ಸೂರ್ಯನಾರಾಯಣ ಚಡಾಗ,ಸೂರ್ಯನಾರಾಯಣ ಚಡಾಗ,ತ್ರೈಮಾಸಿಕ,ಕನ್ನಡ,,
480,ಕೃಷಿ ಪೇಟೆ,1975,ಬೆಂಗಳೂರು,ಕರ್ನಾಟಕ ರಾಜ್ಯ ಕೃಷಿ ಮರಾಠ ಮಂಡಳಿ,,,ಕನ್ನಡ,,
481,ಹತ್ತಾವೋ ದೋಣಿ,1975,ಬೆಂಗಳೂರು,ಹ್ಯಾರಿ ಡಿಸೋಜಾ,ಹ್ಯಾರಿ ಡಿಸೋಜಾ,ಪಾಕ್ಷಿಕ,ಕನ್ನಡ,,
482,ಸ್ತ್ರೀ ಧ್ವನಿ,1975,ಬೆಂಗಳೂರು,ವಿ ಸತ್ಯನಾರಾಯಣ ರಾವ್,ವಿ ಸತ್ಯನಾರಾಯಣ ರಾವ್,ಮಾಸಿಕ,ಕನ್ನಡ,,
483,ಮಾಯಾ ವಿಶ್ವ,1975,ಬೆಂಗಳೂರು,ಪ್ರಭಾವತಿ,ಪ್ರಭಾವತಿ,ಮಾಸಿಕ,ಕನ್ನಡ,,1974
484,ಮಾಯಾ ವಾಣಿ,1975,ಬೆಂಗಳೂರು,ವಿ. ಭಾಸ್ಕರ ಆವಲಹಳ್ಳಿ,ವಿ. ಭಾಸ್ಕರ ಆವಲಹಳ್ಳಿ,,ಕನ್ನಡ,,
485,ನ್ಯಾಯ ಸುಧಾ,1975,ಬೆಂಗಳೂರು,ಕೆ.ಪಿ.ರಾವ್,ಕೆ.ಪಿ.ರಾವ್,ಮಾಸಿಕ,ಕನ್ನಡ,,
486,ಪರಿಸ್ಥಿತಿ,1975,ಬೆಂಗಳೂರು,ಎಂ ಎಸ್ ಕುಮಾರಸ್ವಾಮಿ,ಎಂ ಎಸ್ ಕುಮಾರಸ್ವಾಮಿ,ಮಾಸಿಕ,ಕನ್ನಡ,,
487,ರಕ್ತ ವರ್ಗಾವಣೆ,1975,ಬೆಂಗಳೂರು,ಶ್ರೀ. ಗೋಪಾಲ್,ಶ್ರೀ. ಗೋಪಾಲ್,ಮಾಸಿಕ,ಕನ್ನಡ,,
488,ಶಿಕ್ಷಣ ಸುಧಾರಕ,1975,ಬೆಂಗಳೂರು,,ಎಂ ಮಲ್ಲಿಕಾರ್ಜುನಯ್ಯ,ಪಾಕ್ಷಿಕ,ಕನ್ನಡ,,
489,ಶ್ರಮಜೀವಿ,1975,ಬೆಂಗಳೂರು,ಸಾಂಬನಾತಮ್ ಎನ್,ಸಾಂಬನಾತಮ್ ಎನ್,ಸಾಪ್ತಾಹಿಕ,ಕನ್ನಡ,,
490,ಶ್ರೀ ಗುರುಸಾರ್ವಭೌಮ,1975,ಬೆಂಗಳೂರು,ಸಿ.ರಾಘವೇಂದ್ರಾಚಾರ್ಯ,ಸಿ.ರಾಘವೇಂದ್ರಾಚಾರ್ಯ,ಮಾಸಿಕ,ಕನ್ನಡ,,
491,ವಾಹನ ಪ್ರಪಂಚ,1975,ಬೆಂಗಳೂರು,ಕೆ.ನಾರಾಯಣ ರಾವ್,ಕೆ.ನಾರಾಯಣ ರಾವ್,ಸಾಪ್ತಾಹಿಕ,ಕನ್ನಡ,,
492,ವೇದ ಪ್ರಕಾಶ,1975,ಬೆಂಗಳೂರು,ಕೈಕು ಶೇಷಾದ್ರಿ,ಕೈಕು ಶೇಷಾದ್ರಿ,ಮಾಸಿಕ,ಕನ್ನಡ,,
493,ವಿಜಯ ಚಿತ್ರ,1975,ಬೆಂಗಳೂರು,ಡಾಲ್ಟನ್ ಪಬ್ಲಿಕೇಶನ್,ವಿಶ್ವಮ್,,ಕನ್ನಡ,,
494,ಕೋಲಾರ ಪತ್ರಿಕೆ,1975,ಚಿಕ್ಕಬಳ್ಳಾಪುರ,ಕೆ. ಪ್ರಹ್ಲಾದ್ ರಾವ್,ಕೆ. ಪ್ರಹ್ಲಾದ್ ರಾವ್,ದೈನಿಕ,ಕನ್ನಡ,,
495,ಹುರ್ರೇ,1975,ಚಿಕ್ಕಮಗಳೂರು,ವಿ ಆರ್ ಶೆಣೈ,ವಿ ಆರ್ ಶೆಣೈ,ಸಾಪ್ತಾಹಿಕ,ಕನ್ನಡ,,
496,ಅರ್ಥವಿಕಾಸ,1975,ಧಾರವಾಡ/ಹುಬ್ಬಳ್ಳಿ,,ಕೆ ಪಿ ಜೋಶಿ,ಮಾಸಿಕ/ಸಾಪ್ತಾಹಿಕ,ಕನ್ನಡ,1979-80,
497,ನ್ಯಾಯ ವಾದಿ,1975,ಧಾರವಾಡ,,ವೀರೇಶ್ವರ ಲಕ್ಷ್ಮೀಶ್ವರ ಮಾತಾ / ಸೋಮಕುಮಾರ ಲಕ್ಷ್ಮೀಶ್ವರ,ಮಾಸಿಕ,ಕನ್ನಡ,,
498,ಯುಗರಶ್ಮಿ,1975,ಮಂಗಳೂರು,ಮಹಮ್ಮದ್ ಯುಸೆಫ್,ಮಹಮ್ಮದ್ ಯುಸೆಫ್,ತ್ರೈಮಾಸಿಕ,ಕನ್ನಡ,,
499,ನುಡಿ ಭಾರತಿ,1975,ಮಂಡ್ಯ,ಎ.ಎಲ್ ಬಸವೇಗೌಡ,ಎ.ಎಲ್ ಬಸವೇಗೌಡ,ದೈನಿಕ,ಕನ್ನಡ,,1977
500,ಆರೋಗ್ಯನಿಧಿ,1975,ಮೈಸೂರು,ಆರೋಗ್ಯಕರ. ರಾಮಲಿಂಗಯ್ಯ ಉಪ್ಪಿನಕೆರೆಯನಿಧಿ,ಆರೋಗ್ಯಕರ. ರಾಮಲಿಂಗಯ್ಯ ಉಪ್ಪಿನಕೆರೆಯನಿಧಿ,ಮಾಸಿಕ,ಕನ್ನಡ,,
501,ಬಯಲು ಸೀಮೆ,1975,ಚನ್ನಪಟ್ಟಣ,ಎಸ್ ಟಿ ರಾಮೇಗೌಡ,ಎಸ್ ಟಿ ರಾಮೇಗೌಡ,ದೈನಿಕ,ಕನ್ನಡ,,
502,ಭದ್ರಾವತಿ ನಗರ ವಾಣಿ,1975,‌ಭದ್ರಾವತಿ,ಬಿ.ವಿ.ನಾಗರಾಜ,ಬಿ.ವಿ.ನಾಗರಾಜ,ಮಾಸಿಕ,ಕನ್ನಡ,,
503,ಚಾಚ ಶುಭಾಷಿತ,1975,ಶಿವಮೊಗ್ಗ,ಎಸ್ ನಾಗರಾಜ,ಎಸ್ ನಾಗರಾಜ,ಸಾಪ್ತಾಹಿಕ,ಕನ್ನಡ,,
504,ಚಲಗಾರ,1975,ತೀರ್ಥಹಳ್ಳಿ,ಎ ಎಸ್ ಗಣಪತಿ,ಎ ಎಸ್ ಗಣಪತಿ,ದೈನಿಕ,ಕನ್ನಡ,,
505,ಹವಾನಾ,1975,‌ಭದ್ರಾವತಿ,ಕೆ ಎಚ್ ದೇಸಾಯಿ,ಕೆ ಎಂ ಶ್ರೀನಿವಾಸ ಮೂರ್ತಿ,ಸಾಪ್ತಾಹಿಕ,ಕನ್ನಡ,,
506,ವದಂತಿ,1975,‌ಭದ್ರಾವತಿ,ಕೃಷ್ಣೋಜಿರಾವ್ ಅಂಬೋರ್ ಎಸ್ ಪಿ,ಡಿ ಪಾಂಡು ರಂಗನ್,ದೈನಿಕ,ಕನ್ನಡ,,
507,ಕೃಷಿ ಪೇಟೆ,1975,ಉಡುಪಿ,ಕರ್ನಾಟಕ ರಾಜ್ಯಗಳ ಕೃಷಿ ಮರಾಠ ಮಂಡಳಿ,ಪಿ ಎಸ್ ವಸ್ತ್ರದ್/ ಬಚ್ಚೇಗೌಡ,ಮಾಸಿಕ,ಕನ್ನಡ,,
508,ಕಕ್ಕಯ್ಯ ಪ್ರಸಾದ,1976,ಬೆಳಗಾವಿ,,ಆರ್ ಎಸ್ ನಾರಾಯಣಕರ,ಮಾಸಿಕ,ಕನ್ನಡ/ ಹಿಂದಿ,,
509,ಧ್ರುವ,1976,ಬೆಂಗಳೂರು,ಮುದ್ದು ರಾಮಯ್ಯ ಎಲ್,ಎಂ. ನಾಗರಾಜ,ಮಾಸಿಕ,ಕನ್ನಡ,,
510,ಧ್ರುವ,1976,ಬೆಂಗಳೂರು,ಮುದ್ದು ರಾಮಯ್ಯ ಎಲ್,ಎಂ. ನಾಗರಾಜ,ಮಾಸಿಕ,ಕನ್ನಡ,,
511,ಜನಪ್ರಿಯ ವಿಜ್ಞಾನ,1976,ಬೆಂಗಳೂರು,"ನಿರ್ದೇಶಕರು, ಮಾಹಿತಿ ಮತ್ತು ಪ್ರಚಾರ,",ಡಾ. ಹೆಚ್ ನರಸಿಂಹಯ್ಯ,ಮಾಸಿಕ,ಕನ್ನಡ,,
512,ಕೃಷಿ ವಾರ್ತೆ,1976,ಬೆಂಗಳೂರು,"ಬೆಂಗಳೂರು ಇಂಡಿಯನ್ ಇನ್ಸ್ಟಿಟ್ಯೂಟ್ ಆಫ್
 ಸಾಮಾಜಿಕ ಆರ್ಥಿಕ ಅಧ್ಯಯನಗಳು",ಡಾ ಎನ್ ಪಿ ಪಾಟೀಲ್/ಎಸ್ ಎಸ್ ಕಟಗಿ ಹಳ್ಳಿ ಮಾತಾ,ಮಾಸಿಕ,ಕನ್ನಡ,,
513,ಒಂಟಿ ದಾನಿ,1976,ಬೆಂಗಳೂರು,ಆರ್ ಶ್ರೀನಿವಾಸ್,ಆರ್ ಶ್ರೀನಿವಾಸ್,ಪಾಕ್ಷಿಕ,ಕನ್ನಡ,,1974
514,ಪಾಲಿತಾಂಶ,1976,ಬೆಂಗಳೂರು,ಆರ್ ಗೋಪಾಲ್,ಆರ್ ಗೋಪಾಲ್,ದೈನಿಕ,ಕನ್ನಡ,,
515,ಸಾಧನಾ,1976,ಬೆಂಗಳೂರು,ಶಾಂತಾ ರಾಮಣ್ಣ,ಬಿ ಎನ್ ಲಕ್ಷ್ಮೀ ನರಸಿಂಹ ಮೂರ್ತಿ,ತ್ರೈಮಾಸಿಕ,ಕನ್ನಡ,,
516,ಸಮುದಾಯ ಕಟ್ಟಡ,1976,ಬೆಂಗಳೂರು,ಎಸ್ ಅನುಸೂಯಾ ಬಾಯಿ,ಎಸ್ ಅನುಸೂಯಾ ಬಾಯಿ,ಮಾಸಿಕ,ಕನ್ನಡ,,
517,ಸಂಗೀತ ಕಲಾ,1976,ಬೆಂಗಳೂರು,ಗೀತಾ ರಾಜ ರಾವ್,ಗೀತಾ ರಾಜ ರಾವ್,ಪಾಕ್ಷಿಕ,ಕನ್ನಡ,,
518,ಶೂದ್ರ,1976,ಬೆಂಗಳೂರು,,ವಿಜಯೇಂದ್ರ,ಮಾಸಿಕ,ಕನ್ನಡ,,1975
519,ಥರ್ಮತಿ,1976,ಬೆಂಗಳೂರು,ಬಿ.ಎ.ಶೈಲಜಾ,ಎಚ್ ಶ್ರೀಪಾದರಾವ್,ಮಾಸಿಕ,ಕನ್ನಡ,,
520,ಯುವ ದೃಷ್ಟಿ,1976,ಬೆಂಗಳೂರು,ಎಸ್ ಎಂ ಗಣೇಶ್ ರಾಜು,ಎಸ್ ಎಂ ಗಣೇಶ್ ರಾಜು,ಸಾಪ್ತಾಹಿಕ,ಕನ್ನಡ/ ಇಂಗ್ಲೀಷ್,,1974
521,ತರಳ ಬಾಲು,1976,ಚಿತ್ರದುರ್ಗ,ತರಳಬಾಳು ಪ್ರಕಾಶನ,ಲೋಕೇಶ ಒಡೆಯರ್/ ರಾಜಶೇಖರ ಹನುಮಲಿ,ತ್ರೈಮಾಸಿಕ,ಕನ್ನಡ,,
522,ಸಿಂಹ ವಾಣಿ,1976,ದಾವಣಗೆರೆ,ಲಯನ್ಸ್ ಕ್ಲಬ್ ಆಫ್ ದಾವಣಗೆರೆ,ಎಸ್ ಎ ಶೇಖ್,,ಕನ್ನಡ,,
523,ಪ್ರವರ್ತಕ,1976,ಹುಬ್ಬಳ್ಳಿ/ಧಾರವಾಡ,ಗೋಪಿನಾಥ್ ಸಾಂದ್ರ,ಗೋಪಿನಾಥ್ ಸಾಂದ್ರ,ಸಾಪ್ತಾಹಿಕ,ಹಿಂದಿ,,
524,ಸಂಧಾನ,1976,ಧಾರವಾಡ,,ಪಿ.ಗಂಗಾದರಯ್ಯ,ಪಾಕ್ಷಿಕ,ಕನ್ನಡ,,
525,SSLC ಹಾಡ,1976,ಧಾರವಾಡ,ಕಲ್ಯಾಣ ಪಬ್ಲಿಕೇಷನ್ಸ್  ಧಾರವಾಡ,ವಿ.ಕೆ. ಹೋಳಿಕಟ್ಟಿ,ಮಾಸಿಕ,ಕನ್ನಡ,,
526,ಕರವಾಲ್,1976,ಕಾಸರಗೋಡು/ದಕ್ಷಿಣಕನ್ನಡ,,,ದೈನಿಕ,ಕನ್ನಡ/ ಮಲಯಾಳಂ,,
527,ನವೋದಯ,1976,ಗದಗ,ರಾಜೀವ ಲೋಚನ ಎಚ್ ಕಿದಿಯೂರು,ರಾಜೀವ ಲೋಚನ ಎಚ್ ಕಿದಿಯೂರು,ದೈನಿಕ,ಕನ್ನಡ,,
528,ಉದಯರವಿ,1976,ಮಂಡ್ಯ,,ಎಂ ಲಿಂಗಯ್ಯ,ಸಾಪ್ತಾಹಿಕ,ಕನ್ನಡ,,
529,ಚಿತ್ರ ತಿರುಗುತ್ತದೆ,1976,ಮೈಸೂರು,ಎನ್.ನಾಗಲಿಂಗಸ್ವಾಮಿ,ಎನ್.ನಾಗಲಿಂಗಸ್ವಾಮಿ,ಸಾಪ್ತಾಹಿಕ,ಕನ್ನಡ,,
530,ಒಡನಾಡಿ,1976,ಮೈಸೂರು,ವಿಕಾಸ ಪ್ರಕಾಶನ,ಜಿ ಎಚ್ ರಾಮರಾವ್,ಮಾಸಿಕ/Bi- ಮಾಸಿಕ,ಕನ್ನಡ,,Editor - B Damodar a Rao
531,ಪಂಚಮ,1976,ಮೈಸೂರು,ಹೆಚ್.ಗೋವಿಂದಯ್ಯ,ಇಂದೂಧರ ಹೊನ್ನಾಪುರ,,ಕನ್ನಡ,,1977
532,ಮರ್ಧಿನಿ,1976,‌ಭದ್ರಾವತಿ,ಆರ್ ಕೆ ಮೂರ್ತಿ,ಆರ್ ಕೆ ಮೂರ್ತಿ,ದೈನಿಕ,ಕನ್ನಡ,,
533,ಸರ್ವಜ್ಞ,1976,ಶಿಕಾರಿಪುರ,,ಜಿ ಪಿ ಮಹಂಭಾವಿ ಮಟ್ಟದ್ /ಸ್ ಪಿ ಮಠದ್,ದೈನಿಕ,ಕನ್ನಡ,,
534,ಪಂಚಮ,1976,ಉಡುಪಿ,,,ಸಾಪ್ತಾಹಿಕ,ಕನ್ನಡ,,
535,ವೇದ ಪ್ರಕಾಶ್,1976,ಉಡುಪಿ,ವೇದ ಸಾಹಿತ್ಯ ಪ್ರಕಾಶನ ಸಮಿತಿಗೆ ಪಿ ಸಂಜೀವ ಕಾಮತ್,ಪಿ ಸಂಜೀವ ಕಾಮತ್,ಮಾಸಿಕ,ಕನ್ನಡ,,
536,ಜಗತ್ತು,1976,,,,ಸಾಪ್ತಾಹಿಕ,ಕನ್ನಡ,,
537,Bidar Ki Awaz,1977,ಬೀದರ್,Quazi Arshed Ali,Quazi Arshed Ali,ದೈನಿಕ,ಹಿಂದಿ,,
538,ನಾಗರಿಕ,1977,ಬಾಗಲಕೋಟೆ,ಅಜಿತಾ ಬಿ.ಹೊಂಬಾಳಿ,ಅಜಿತಾ ಬಿ.ಹೊಂಬಾಳಿ,ದೈನಿಕ,ಕನ್ನಡ,,
539,ಅಜಿತಾ ಬಿ.ಹೊಂಬಾಳಿ,1977,ಜಮಖಂಡಿ,ಪ್ರಭು ಭಾಸ್ಕರ್ ಕೋಪರ್ಡೆ,ಪ್ರಭು ಭಾಸ್ಕರ್ ಕೋಪರ್ಡೆ,ಸಾಪ್ತಾಹಿಕ,ಕನ್ನಡ,,
540,ಗೋಮುಖ ಆತಂಕಗೊಂಡ,1977,ಬೆಳಗಾವಿ,ಹಲದೇವರ ಮತ,ಹಲದೇವರ ಮತ,ಪಾಕ್ಷಿಕ,ಕನ್ನಡ,,
541,ಕಾವ್ಯಶ್ರೀ,1977,ಬೆಳಗಾವಿ,ರಾಜೇಂದ್ರ ಪಾಟೀಲ್,ರಾಜೇಂದ್ರ ಪಾಟೀಲ್,ತ್ರೈಮಾಸಿಕ,ಕನ್ನಡ,,
542,ಪ್ರಗತಿ ಮಾತು ಜಿನವಿಜಯ,1977,ಬೆಳಗಾವಿ,ಚಂದ್ರಕಾಂತ ಸಾವಂತಪ್ಪ,ಚಂದ್ರಕಾಂತ ಸಾವಂತಪ್ಪ,ಪಾಕ್ಷಿಕ,ಕನ್ನಡ,,
543,ಶಿಕ್ಷಣ ಸಮಾಚಾರ,1977,ಬೆಳಗಾವಿ,ಜಿ ಆರ್ ಕಬ್ಬೂರ,ಸಿ ಬಿ ಕರಗಿ,ಮಾಸಿಕ,ಕನ್ನಡ,,TN Sonnekop pa
544,ಆಕರ್ಷಕ,1977,ಬೆಂಗಳೂರು,ಬಿ.ಆರ್.ರಾಮೇಗೌಡ ಮತ್ತು ಎಲ್.ನಂಜೇಗೌಡ,ಬಿ.ಆರ್.ರಾಮೇಗೌಡ ಮತ್ತು ಎಲ್.ನಂಜೇಗೌಡ,ಪಾಕ್ಷಿಕ,ಕನ್ನಡ,,
545,ಅನುಕಂಪ,1977,ಬೆಂಗಳೂರು,ಎನ್. ಎಮ್. ರಾವ್,ಎನ್. ಎಮ್. ರಾವ್,,ಕನ್ನಡ,,
546,ಲೇಡೀಸ್ ವಾಯ್ಸ್,1977,ಬೆಂಗಳೂರು,ಶಾರದಮ್ಮ,ಶಾರದಮ್ಮ,ಪಾಕ್ಷಿಕ,ಕನ್ನಡ,,1977
547,ಕರ್ನಾಟಕದಲ್ಲಿ ಪ್ರೀತಿ,1977,ಬೆಂಗಳೂರು,ಎಲ್ ಲಕ್ಷ್ಮೀಪತಿ,ಎಲ್ ಲಕ್ಷ್ಮೀಪತಿ,ಮಾಸಿಕ,ಕನ್ನಡ,,
548,ಪಂಚಮ,1977,ಬೆಂಗಳೂರು,ಗೋವಿಂದಯ್ಯ,,ಪಾಕ್ಷಿಕ,ಕನ್ನಡ,,
549,ರಾಜ್ಯ ಶಕ್ತಿ,1977,ಬೆಂಗಳೂರು,ಬಿ ಎಸ್ ವಾಸನ್,ಬಿ ಎಸ್ ವಾಸನ್,ಪಾಕ್ಷಿಕ,ಕನ್ನಡ,,
550,ಶುಭಾಶಯಗಳು,1977,ಬೆಂಗಳೂರು,,ಕರ್ ವೆಂಕಟರಮಣ,ಮಾಸಿಕ,ಕನ್ನಡ,,
551,ವೈದ್ಯ ಹೃದಯ,1977,ಬೆಂಗಳೂರು,ಡಿ.ವಿ. ಕೃಷ್ಣ ಮೂರ್ತಿ,ಡಿ.ವಿ. ಕೃಷ್ಣ ಮೂರ್ತಿ,ಮಾಸಿಕ,ಕನ್ನಡ,,
552,ಆರ್ ಎನ್ ಸ್ವಾಮಿ,1977,ಬೆಂಗಳೂರು,ಆರ್ ಎನ್ ಸ್ವಾಮಿ,ಆರ್ ಎನ್ ಸ್ವಾಮಿ,ಮಾಸಿಕ,ಕನ್ನಡ,Pub & Edi: B N Narasimha murthy,
553,ವಿಶಾಲ ಕರ್ನಾಟಕ,1977,ಬೆಂಗಳೂರು,,ಎಂ ಆರ್ ಜಯರಾಮ್,,ಕನ್ನಡ,,"1973/194 1, edi : H K Patil"
554,ಯಾಜ್ಞವಲ್ಕ್ಯ,1977,ಬೆಂಗಳೂರು,ಜಿ.ಆರ್. ಮಾಧವ ರಾವ್,ಜಿ.ಆರ್. ಮಾಧವ ರಾವ್,ಮಾಸಿಕ,ಕನ್ನಡ,,
555,ಹೊಸ ದಿಗಂತ,1977,ಚಿಕ್ಕಮಗಳೂರು,ಜಿವಿ ಚೂಡನಾಥ ಅಯ್ಯರ್,ಜಿವಿ ಚೂಡನಾಥ ಅಯ್ಯರ್,ದೈನಿಕ,ಕನ್ನಡ,,
556,ಶಿರೋರತ್ನ,1977,ಚಿಕ್ಕಮಗಳೂರು,ಎಸ್ ಎಸ್ ಪ್ರಭುಲಿಂಗ ಶಾಸ್ತ್ರಿ,ಎಸ್ ಎಸ್ ಪ್ರಭುಲಿಂಗ ಶಾಸ್ತ್ರಿ,ದೈನಿಕ,ಕನ್ನಡ,,
557,ಜಗತ್ ಕಲ್ಯಾಣ,1977,ದಾವಣಗೆರೆ,ಎಆರ್ ಮಂಜುನಾಥ್,ಡಾ.ಎಂ.ರಂಗನಾಥ ರೈ/ ಪಿ.ಆರ್. ಮಂಜುನಾಥ್,ಪಾಕ್ಷಿಕ,ಕನ್ನಡ,,
558,ಕ್ಷೇಮ,1977,ಧಾರವಾಡ,ವಿದ್ಯಾ ಕಣವೀಕರ,ವಿದ್ಯಾ ಕಣವೀಕರ,ಮಾಸಿಕ,ಕನ್ನಡ,,
559,ಜನರಾಜ್,1977,ಮಂಗಳೂರು,ಕೆ ರಾಘವನ್ ನಂಬಿಯಾರ್,ಕೆ ರಾಘವನ್ ನಂಬಿಯಾರ್,ದೈನಿಕ,ಕನ್ನಡ,"1966 - 79, Publisher - M.S. Bhat",
560,ಶಾಂತಿ ಕಿರಣ,1977,ಗದಗ/ಬಾಲ್ಕಿ,ಬಾಲ್ಕಿ ಹೆರೆಮಾತಾ ಸಂಸ್ತಾನ,ಜಿ ಬಿ ವಿಸಾಜಿ/ ಪರಮಪೂಜಯ ಪಟ್ಟೆದ್ದವರು,ದ್ವೈಮಾಸಿಕ,ಕನ್ನಡ,,
561,ಜನಮಿತ್ರ,1977,ಹಾಸನ,ಕೆ ಎನ್ ಮೂರ್ತಿ,ಅಥವಾ ಮೂರ್ತಿ/ಎಸ್. ಗಿರಿಜಾ ಶಂಕರ್/ ಕೆಪಿಎಸ್ ಪ್ರಮೋದ್,ದೈನಿಕ,ಕನ್ನಡ,"1961, Publisher - B.R. Sheshagiri Rao",
562,ಸಾರ್ವಜನಿಕ ಮಾಧ್ಯಮ,1977,ಹಾಸನ,ಎಸಿ ಮುನಿವೆಂಕಟಗೌಡ,ಆರ್ ಪಿ ವೆಂಕಟೇಶ ಮೂರ್ತಿ,ದೈನಿಕ,ಕನ್ನಡ,,Founder Editor/Ed itor - K.P. Vasudeva n
563,ಕನ್ನಡ ಸ್ನೇಹಿತ,1977,ಕಲಬುರ್ಗಿ,,ಜೈ ಪ್ರಕಾಶ್ ಕುಲಕರ್ಣಿ,ದೈನಿಕ,ಕನ್ನಡ,,
564,ಸಿಂಹ ಸಂದೇಶ,1977,ಮಡಿಕೇರಿ/ಸೋಮವಾರಪೇಟೆ,ಲಯನ್ಸ್ ಕ್ಲಬ್ ಆಫ್ ಸೋಮವಾರಪೇಟೆ,ಸದಾನಂದ ನಾಯಕ್,,ಇಂಗ್ಲೀಷ್,,
565,ಆರತಿ,1977,ಮೈಸೂರು,ಶ್ರೀನಿವಾಸಮೂರ್ತಿ,ತಿಪಟೂರು ವೆಂಕಟೇಶ್ / ಎನ್ ಶ್ರೀನಿವಾಸಮೂರ್ತಿ,ದೈನಿಕ,ಕನ್ನಡ,,
566,ಕಂಠೀರವ,1977,ಮೈಸೂರು,,ಎನ್ ನಾಗಲಿಂಗಸ್ವಾಮಿ,,,,
567,ನಾಗರ ದರ್ಶಿನಿ,1977,ಮೈಸೂರು,ಪಿ ವಿ ಪ್ರಭಾಕರ ರಾವ್,ಎಂ. ನ್. ಗೋಪಾಲ ಕೃಷ್ಣ,ಸಾಪ್ತಾಹಿಕ,ಕನ್ನಡ,,1976
568,Poura Dhwani,1977,ಮೈಸೂರು,ರೇಣುಕಾ ಲಿಂಗಯ್ಯ,ರೇಣುಕಾ ಲಿಂಗಯ್ಯ,ಸಾಪ್ತಾಹಿಕ,ಕನ್ನಡ,,
569,ಪುಲಿಕೇಶಿ,1977,ಮೈಸೂರು,ನಾಗಭೂಷಣ ತಿವಾರಿ,ನಾಗಭೂಷಣ ತಿವಾರಿ,ಪಾಕ್ಷಿಕ,ಕನ್ನಡ,,
570,ಪುಸ್ತಕ ಪ್ರಪಂಚ,1977,ಮೈಸೂರು,ಆರ್.ಎಲ್.ಅನಂತರಾಮಯ್ಯ,ಆರ್.ಎಲ್.ಅನಂತರಾಮಯ್ಯ,Yearly,ಕನ್ನಡ,,
571,ಕಾರ್ಪ್ ಸಂತಾನಾ,1977,ಮೈಸೂರು,ಪಿ.ಎಂ. ಗಿರಿರಾಜ್,ಪಿ.ಎಂ. ಗಿರಿರಾಜ್,ತ್ರೈಮಾಸಿಕ,ಕನ್ನಡ,,
572,ವಿದ್ಯಾರಣ್ಯ,1977,ಮೈಸೂರು,ಕೆ.ಸಂಪತ್,ಕೆ.ಸಂಪತ್,ದೈನಿಕ,ಕನ್ನಡ,,
573,ಬೃಹಸ್ಪತಿ ವಾಣಿ,1977,ತೀರ್ಥಹಳ್ಳಿ,ಪಿ. ದೇವಣ್ಣ ರಾವ್,ಪಿ. ದೇವಣ್ಣ ರಾವ್,ದೈನಿಕ,ಕನ್ನಡ,,
574,ಏಕಲವ್ಯ,1977,ಶಿವಮೊಗ್ಗ,ಎನ್.ರಾಮಪ್ಪ,ಎನ್.ರಾಮಪ್ಪ,ದೈನಿಕ,ಕನ್ನಡ,,
575,ಉಪಪ್ರಜ್ಞೆಯಿಂದ,1977,ಶಿವಮೊಗ್ಗ,ಊದಿದ ಪತ್ರಿಕಾ,ಯು. ಎಸ್.  ಶಿವಲಿಂಗ ಮೂರ್ತಿ,ದೈನಿಕ,ಕನ್ನಡ,,
576,ಶಿಟ್ ಶಬ್ದ,1977,ಸೊರಬ,ರಾಮಚಂದ್ರ,ರಾಮಚಂದ್ರ,ಸಾಪ್ತಾಹಿಕ,ಕನ್ನಡ,,
577,ವನರಜ,1977,ಶಿವಮೊಗ್ಗ,,ಎಚ್ ನರಸಿಂಹಪ್ಪ,ದೈನಿಕ,ಕನ್ನಡ,,
578,ವಿಕೇಂದ್ರ,1977,‌ಭದ್ರಾವತಿ,ನಾಗೇಂದ್ರ ರಾವ್,ನಾಗೇಂದ್ರ ರಾವ್,ಪಾಕ್ಷಿಕ,ಕನ್ನಡ,,
579,ಯುವ ಆಲೋಚನೆಗಳು,1977,ತುಮಕೂರು,ಸ್ನೇಹಾ ಪ್ರಕಾಶನಕ್ಕಾಗಿ ಸ್ನೇಹಾ ಕೊಹ್ಲಿ,ಶಂಕರ ಪಾಟೀಲ,ಮಾಸಿಕ,ಕನ್ನಡ,,
580,ಮೀಸಲು ನಿಧಿ,1977,ಉಡುಪಿ,ದಿವ್ಯ ದರ್ಶನ ಪ್ರಕಾಶನ,ಬಿ ಎಂ ಐಯೋಳಂಗೋಡ್,ಮಾಸಿಕ,ಕನ್ನಡ,,
581,ಕಡಲ ಧ್ವನಿ,1977,ಸಿದ್ಧಾಪುರ,ಕಡಲ ಧ್ವನಿ,ಶಿವಾನಂದ ಹೊಂಗುಂಡಿ / ಟಿ ಎಸ್ ಹೆಗಡೆ,ಸಾಪ್ತಾಹಿಕ,ಕನ್ನಡ,,1975
582,ರಾಜ ಮಾರ್ಗ,1977,ವಿಜಯಪುರ,ಜಿ ಎಸ್ ಮಮದಪುರ,ಜಿ ಎಸ್ ಮಮದಪುರ,ದೈನಿಕ,ಕನ್ನಡ,,
583,ಖ್ಯಾತಿ,1978,ಬೀದರ್,ಎಂ ಜಿ ದೇಶಪಾಂಡೆ,ಎಂ ಜಿ ದೇಶಪಾಂಡೆ,ಸಾಪ್ತಾಹಿಕ,ಕನ್ನಡ,,
584,ಜನ್ಮತಾ ರಂಗ,1978,ಜಮಖಂಡಿ,,ಬಸವರಾಜ ಬಹಿರ ಶೆಟ್ಟಿ/ರವೀಂದ್ರ ಹಳಿಂಗಳಿ,ದೈನಿಕ,ಕನ್ನಡ,,
585,ಜೋಹರ್-ಎ-ಗುಫ್ತಾರ್,1978,ಬೆಳಗಾವಿ,ಸಲೀಂ ಅಹಮದ್ ಧಾರವಾಡ,ಸಲೀಂ ಅಹಮದ್ ಧಾರವಾಡ,ದೈನಿಕ,ಕನ್ನಡ,,
586,ದಳಪತಿ,1978,ಬೆಳಗಾವಿ,,ಬಸವರಾಜ ಅವರ ಜಮಕಂಡಿ,ಸಾಪ್ತಾಹಿಕ,ಕನ್ನಡ,,
587,ವಾರ್ತಾ ವಿಹಾರ,1978,ಬೆಳಗಾವಿ,,ವಸಂತ ಕರಕುಪ್ಪಿಕರ,ಸಾಪ್ತಾಹಿಕ,ಕನ್ನಡ,,
588,ಅಕ್ಷರ ಸರಸ್ವತಿ,1978,ಬೆಂಗಳೂರು,ಕಿಗ್ಗ ಲೋಕೇಶ್,ಕಿಗ್ಗ ಲೋಕೇಶ್,ದೈನಿಕ/ ಮಾಸಿಕ,ಕನ್ನಡ,,"1978,
 Pub : Raghava Rao"
589,ಆತ್ಮ ಧರ್ಮ,1978,ಬೆಂಗಳೂರು,ದಿಗಂಬರ ಜೈನ ಸ್ವಾದ್ಯಾಯ ಮಂದಿರ,ಹುಕುಂಚಂದ್ ಬರಿಲ್ಲ,ಮಾಸಿಕ,ಕನ್ನಡ,,
590,ಆವೃತ್ತಿ,1978,ಬೆಂಗಳೂರು,ಮರಿಗೌಡ,ಮರಿಗೌಡ,ಮಾಸಿಕ,ಕನ್ನಡ,,
591,ಚಲ,1978,ಬೆಂಗಳೂರು,,ಆರ್. ವೆಂಕಟೇಶ್,ಪಾಕ್ಷಿಕ,ಕನ್ನಡ,,
592,ಚೌಕದ ದೀಪಾ,1978,ಬೆಂಗಳೂರು,ಬಿ ಮದನಗಿರಿ,ಬಿ ಮದನಗಿರಿ,ಮಾಸಿಕ,ಕನ್ನಡ,1965,1965
593,ದೇಶದ ದುಡಿಮೆ,1978,ಬೆಂಗಳೂರು,ಎಂ ಶಂಕರ್,ಎಂ ಶಂಕರ್,ಮಾಸಿಕ,ಕನ್ನಡ,,
594,ಗಾಂಧಿ ರಾಷ್ಟ್ರ,1978,ಬೆಂಗಳೂರು,ಕೆ ಎಸ್ ಸಾರಂಗ ಪಾಣಿ,ಕೆ ಎಸ್ ಸಾರಂಗ ಪಾಣಿ,ಮಾಸಿಕ,ಕನ್ನಡ,,
595,ಗ್ರಾಮ ಸುದ್ದಿ,1978,ಬೆಂಗಳೂರು,ಟಿ ಎನ್ ಕುಮಾರಸ್ವಾಮಿ,ಟಿ ಎನ್ ಕುಮಾರಸ್ವಾಮಿ,ಸಾಪ್ತಾಹಿಕ,ಕನ್ನಡ,,Pub : G T Kumaras wamy
596,ಹಾವಿನ ಹೆಜ್ಜೆ,1978,ಬೆಂಗಳೂರು,ಟಿ ನಟರಾಜ್,ಟಿ ನಟರಾಜ್,ಮಾಸಿಕ,ಕನ್ನಡ,,
597,ಕರ್ನಾಟಕದ ಸೂಚ್ಯಂಕ,1978,ಬೆಂಗಳೂರು,ವಿ ರಾಜಶೇಖರಯ್ಯ,ವಿ ರಾಜಶೇಖರಯ್ಯ,ಪಾಕ್ಷಿಕ,ಕನ್ನಡ,,
598,ಜನ ನಾಯಕ,1978,ಬೆಂಗಳೂರು,ಎಂ ಎಸ ಶೇಷಗಿರಿರಾವ್,ಎಂ ಎಸ ಶೇಷಗಿರಿರಾವ್,ಮಾಸಿಕ,ಕನ್ನಡ,,
599,ಕಾರವಾನಿ,1978,ಬೆಂಗಳೂರು,ಬಿ.ಶ್ರೀಪತಿರಾವ್,ಬಿ.ಶ್ರೀಪತಿರಾವ್,ಪಾಕ್ಷಿಕ,ಕನ್ನಡ,,
600,ಕಾರ್ಯಕರ್ತ,1978,ಬೆಂಗಳೂರು,ಎಸ್ ಆರ್ ಮನೋಹರ್,ಎಸ್ ಆರ್ ಮನೋಹರ್,ಪಾಕ್ಷಿಕ,ಕನ್ನಡ,,
601,ಕ್ರಾಂತಿಯ ಪ್ರಪಂಚ,1978,ಬೆಂಗಳೂರು,ಎನ್.ಕೆ.ಎನ್. ಗುಪ್ತಾ,ಎನ್.ಕೆ.ಎನ್. ಗುಪ್ತಾ,,ಕನ್ನಡ,,
602,ಕ್ಷೀರ ಸಾಗರ,1978,ಬೆಂಗಳೂರು,ಆರ್ ರಾಜಪ್ಪ ಶೆಟ್ಟಿ,ಆರ್ ರಾಜಪ್ಪ ಶೆಟ್ಟಿ,ಪಾಕ್ಷಿಕ,ಕನ್ನಡ,,
603,ಪದ್ಮಶಾಲಿ,1978,ಬೆಂಗಳೂರು,ಗುಣಶೀಲ,ಟಿ ನಾಗರಾಜ,ಮಾಸಿಕ,ಕನ್ನಡ,,
604,ಪವಿತ್ರ,1978,ಬೆಂಗಳೂರು,,,,ಕನ್ನಡ,,
605,ರಾಜಕೀಯ ಹೋರಾಟಗಾರ,1978,ಬೆಂಗಳೂರು,ಮುನಿಯಪ್ಪ,ಮುನಿಯಪ್ಪ,ಮಾಸಿಕ,ಕನ್ನಡ,,
606,ರಾಗ ಸಂಗಮ ಪುರವಣಿ,1978,ಬೆಂಗಳೂರು,ಸಂಗಮ ಪ್ರಕಾಶನ,ಕಮಲಾ ಸುಂದರ್ ರಾಜನ್,ಸಾಪ್ತಾಹಿಕ,ಕನ್ನಡ,,
607,ಸನ್ಮಾನ,1978,ಬೆಂಗಳೂರು,,,,ಕನ್ನಡ,,
608,ಸ್ವತಂತ್ರ ಪ್ರೇಮಿ,1978,ಬೆಂಗಳೂರು,,ಅಲೆವೂರು ಮೋಹನ್ ರಾವ್,ಪಾಕ್ಷಿಕ,ಕನ್ನಡ,,
609,ವಿಜ್ಞಾನ,1978,ಬೆಂಗಳೂರು,ಎಂ ಎ ಸೇತುರಾಮ್,ಲಕ್ಷ್ಮಣ ರಾವ್,ಮಾಸಿಕ,ಕನ್ನಡ,"1918-20, Pub: Karnataka vijnana Pracharini samithi, Edi: B V Narayanappa and M Venkatesha Iyengar",
610,ಯುವ ಭಾವಚಿತ್ರ,1978,ಬೆಂಗಳೂರು,,ಎಂ ಎನ್ ದೇವಕರ,ಸಾಪ್ತಾಹಿಕ,ಕನ್ನಡ,,
611,ಕೋಲಾರ ವಾಣಿ,1978,ಚಿಕ್ಕಬಳ್ಳಾಪುರ,ಬಿ ಎನ್ ಮುರಳಿಪ್ರಸಾದ್,ಬಿ ಎನ್ ಮುರಳಿಪ್ರಸಾದ್,ದೈನಿಕ,ಕನ್ನಡ,,
612,ಶಿರೋರತ್ನ,1978,ಬಾಳೆಹೊನ್ನೂರು/ಚಿತ್ರದುರ್ಗ,ಎಸ್.ಜಿ.ಕೃಷ್ಣ ಮೂರ್ತಿ,ಎಸ್.ಜಿ.ಕೃಷ್ಣ ಮೂರ್ತಿ,ಸಾಪ್ತಾಹಿಕ,ಕನ್ನಡ,,
613,ದಾವಣಗೆರೆ ಫೈವ್ ಸ್ಟಾರ್ಸ್,1978,ದಾವಣಗೆರೆ,,ಅತಿಖಾ ಮೊಹಮ್ಮದ್ ಚಿಸ್ಟ್,ಸಾಪ್ತಾಹಿಕ,ಕನ್ನಡ,,
614,ಲೋಕ ಪ್ರಭಾ,1978,ಹರಿಹರ,,ಡಿ.ಜಿ.ನಾಗರಾಜ,ದೈನಿಕ,ಕನ್ನಡ,,
615,ಶ್ರೀ ಸಿದ್ದಾರೂಡ ಕ್ಷಿಪ್ರ,1978,ಹುಬ್ಬಳ್ಳಿ/ಧಾರವಾಡ,ವಿ.ಎ. ಕಲ್ಬುರ್ಗಿ,ವಿ.ಎ. ಕಲ್ಬುರ್ಗಿ,ಮಾಸಿಕ,ಕನ್ನಡ,,
616,ಧರ್ಮವಾಣಿ,1978,ಮಂಗಳೂರು,,,ಸಾಪ್ತಾಹಿಕ,ಕನ್ನಡ,,
617,ಕನ್ನಡ,1978,ಮಂಗಳೂರು,,,ಪಾಕ್ಷಿಕ,ಕನ್ನಡ,,
618,ಪಂಚ್,1978,ದಕ್ಷಿಣಕನ್ನಡ,ಮೋಹನ್ ಬಿ ಹಳೆಯಂಗಡಿ,ಮೋಹನ್ ಬಿ ಹಳೆಯಂಗಡಿ,ಸಾಪ್ತಾಹಿಕ,ಕನ್ನಡ,,
619,ಸಚಿವ,1978,ದಕ್ಷಿಣಕನ್ನಡ,,ಎನ್ ಕೆ ಶ್ರೀಧರ್,ಸಾಪ್ತಾಹಿಕ,ಕನ್ನಡ,,
620,ಸನ್ಮಾರ್ಗ,1978,ಮಂಗಳೂರು,ಎಂ. ಸಾದೋಲಾ,ಪಿ ನೂರ್ ಮೊಹಮ್ಮದ್,ಸಾಪ್ತಾಹಿಕ,ಕನ್ನಡ,,
621,ವ್ಯರ್ಥ ಮಂಜರಿ,1978,ಕಲಬುರ್ಗಿ,ಗೋವಿಂದ ರಾವ್ ಕಾಮಿತಕರ್,ಗೋವಿಂದ ರಾವ್ ಕಾಮಿತಕರ್,ದೈನಿಕ,ಹಿಂದಿ,,
622,ಕೋಲರವಾಣಿ,1978,ಕೋಲಾರ/ಬಂಗಾರಪೇಟೆ,ಮುರಳಿಪ್ರಸಾದ್,ಬಿ.ವಿ.ನರಸಿಂಹ ಮೂರ್ತಿ / ಮುರಳಿಪ್ರಸಾದ್,ದೈನಿಕ,ಕನ್ನಡ,,
623,ಬಲಿದಾನ,1978,ಮೈಸೂರು,ಎಸ್. ಎಲ್ ನಾಗರಾಜ,ಎಸ್. ಎಲ್ ನಾಗರಾಜ,,ಕನ್ನಡ,,
624,ಗಾಣಿಗರ ಪತ್ರಿಕೆ,1978,ಟಿ.ನರಸೀಪುರ,,,ಮಾಸಿಕ,ಕನ್ನಡ,,
625,ಸಮನ್ವಯ,1978,ಮೈಸೂರು,ಎಸ್.ವಿಜಯಲಕ್ಷ್ಮಿ,ವಿ.ಎಚ್.ಗೌಡ,ಮಾಸಿಕ,ಕನ್ನಡ,,
626,ವೈದ್ಯ ವಾರ್ತಾ,1978,ಮೈಸೂರು,ಅಂಬಾ ಎಂ ಜಿ ಆರ್ ಅರ್ಸ್,ಅಂಬಾ ಎಂ ಜಿ ಆರ್ ಅರ್ಸ್,ಮಾಸಿಕ,ಕನ್ನಡ,,1976
627,ಕೋಲರವಾಣಿ,1978,ಬೆಂಗಳೂರು/ರಾಮನಗರ,,,ದೈನಿಕ,ಕನ್ನಡ,,
628,ಭದ್ರವಾಹಿನಿ,1978,‌ಭದ್ರಾವತಿ,ಎನ್.ಗಣೇಶ್ ರಾವ್ ಸಿಂಧಿಯಾ,ಎನ್.ಗಣೇಶ್ ರಾವ್ ಸಿಂಧಿಯಾ,ದೈನಿಕ,ಕನ್ನಡ,,1976
629,ಚಲ್ದಂಕ ಮಲ್ಲ,1978,ಶಿವಮೊಗ್ಗ,ಜಿ ಪದ್ಮನಾಭ,ಜಿ ಪದ್ಮನಾಭ,ದೈನಿಕ,ಕನ್ನಡ,,
630,ದೊಂಡಿ,1978,ಸಾಗರ,ಎಸ್ ಎಸ್ ಕುಮುಟ,ಎಸ್ ಎಸ್ ಕುಮುಟ,ಸಾಪ್ತಾಹಿಕ,ಕನ್ನಡ,,
631,ದ್ರುವದೃಷ್ಟಿ,1978,ಸಾಗರ,ಎಸ್ ಪಿ ಕೃಷ್ಣೋಜಿ ರಾವ್,ಎಸ್ ಪಿ ಕೃಷ್ಣೋಜಿ ರಾವ್,ದೈನಿಕ,ಕನ್ನಡ,,
632,ಕಾಳಿದಾಸ,1978,ಶಿವಮೊಗ್ಗ,ಭಂತಿಗಡಿ ಚೆನ್ನವೀರಪ್ಪ,ಭಂತಿಗಡಿ ಚೆನ್ನವೀರಪ್ಪ,ದೈನಿಕ,ಕನ್ನಡ,,
633,ನವಿಕ,1978,ಶಿವಮೊಗ್ಗ,ಎಸ್ ಎಚ್ ರಂಗಸ್ವಾಮಿ,ಎಸ್ ಚಂದ್ರಕಾಂತ್,ದೈನಿಕ,ಕನ್ನಡ,,
634,ಪರಗ,1978,ಹೊಸನಗರ,ಜಿ ವಿ ವೇಣುಗೋಪಾಲ್,ಜಿ ವಿ ವೇಣುಗೋಪಾಲ್,ಸಾಪ್ತಾಹಿಕ,ಕನ್ನಡ,,
635,ಸಾಗರ ವರ್ಥ,1978,ಸಾಗರ,ಎ ಡಿ ರಾಮಚಂದ್ರ ಭಟ್,ಎ ಡಿ ರಾಮಚಂದ್ರ ಭಟ್,ದೈನಿಕ,ಕನ್ನಡ,,
636,ಕೋಲರವಾಣಿ,1978,ಬೆಂಗಳೂರು,ಮುರಳಿ ಪ್ರಸಾದ್,ಮುರಳಿ ಪ್ರಸಾದ್ ಬಿ ಎನ್,ದೈನಿಕ,ಕನ್ನಡ,,
637,ತಿಪಟೂರು ಟೈಮ್ಸ್,1978,ತಿಪಟೂರು/ತುಮಕೂರು,ಬಿ.ಎನ್.ರಾಮಕೃಷ್ಣ ಗುಪ್ತಾ:,ಬಿ.ಎನ್.ರಾಮಕೃಷ್ಣ ಗುಪ್ತಾ:,ಸಾಪ್ತಾಹಿಕ,ಕನ್ನಡ,,
638,ಹುರುಪು,1978,ತುಮಕೂರು,ಎಂ.ಸಿ.ರುದ್ರಯ್ಯ,ಎಂ.ಸಿ.ರುದ್ರಯ್ಯ,ಸಾಪ್ತಾಹಿಕ,ಕನ್ನಡ,,
639,ಶರತ್,1978,ಉಡುಪಿ,,ಎಂ ಸೋಮನಾಥ,ಸಾಪ್ತಾಹಿಕ,ಕನ್ನಡ,,
640,ಶರಣ ಧರ್ಮ,1978,ಹಳಿಯಾಳ,ಬಿ.ಎಚ್. ದೇಸಾಯಿ ಸ್ವಾಮಿ,ಬಿ.ಎಚ್. ದೇಸಾಯಿ ಸ್ವಾಮಿ,ಸಾಪ್ತಾಹಿಕ,ಕನ್ನಡ,,1976
641,ಜನ್ಮತಾ ರಂಗ,1978,ಜಮಖಂಡಿ/ವಿಜಯಪುರ,ಬಸವರಾಜ ಬಹಿರಶೆಟ್ಟಿ,ಬಸವರಾಜ ಬಹಿರಶೆಟ್ಟಿ,ಸಾಪ್ತಾಹಿಕ,ಕನ್ನಡ,,
642,ಹುಚ್ಚ,1979,ಬೀಳಗಿ,,ಶಂಕರ ಎಚ್ ಚಲವಾದಿ,ದೈನಿಕ,ಕನ್ನಡ,,
643,ಸತ್ಯಾಶ್ರಯ,1979,ಬಾಗಲಕೋಟೆ,ಶರಣಬಸವರಾಜ ಜಿಗಜಿನ್ನಿ,ಚಂದ್ರಶೇಖರ ಜಿಗಜಿನ್ನಿ/ಶರಣಬಸವರಾಜ ಜಿಗಜಿನ್ನಿ,ಸಾಪ್ತಾಹಿಕ,ಕನ್ನಡ,,
644,ಪ್ರಜಾ ಪೂರ್ಣಿಮಾ,1979,ಬೆಂಗಳೂರು,ಎನ್ ಬಾಲಸುಂದರ್,ಎನ್ ಬಾಲಸುಂದರ್,ದೈನಿಕ,ಕನ್ನಡ,,
645,ಬಲಿಷ್ಠ ಭಾರತ,1979,ಹೊಸಕೋಟೆ,,ಬಿ ಜಯಕುಮಾರ್ / ದೊಡ್ಡಹುಲ್ಲರು ರುಕ್ಕೋಜಿ,ಪಾಕ್ಷಿಕ,ಕನ್ನಡ,,
646,ಸಾರ್ವಜನಿಕ ಕಲ್ಯಾಣ,1979,ಬೆಳಗಾವಿ,ಪಂಚಾಕ್ಷರಿ ಹೊಸ್ಮಠ,ಪಂಚಾಕ್ಷರಿ ಹೊಸ್ಮಠ,ಸಾಪ್ತಾಹಿಕ,ಕನ್ನಡ,,
647,ಜೋಹರ್ ಇ ಗುಫ್ತಾರ್,1979,ಬೆಳಗಾವಿ,ಸಲೀಂ ಅಹ್ಮದ್ ಧಾರವಾಡಕರ,ಫಾರೂಕ್ ಹನ್ನಾನ್ / ಸಲೀಂ ಅಹಮದ್ ಧಾರವಾಡಕರ್,ದೈನಿಕ,ಕನ್ನಡ,,
648,ಪ್ರಚಲಿತವಾಗಿದೆ,1979,ಬೆಳಗಾವಿ,ವೀರಯ್ಯ ಹೊಸಮಠ,ವೀರಯ್ಯ ಹೊಸಮತ/ ಭೀಮಸೇನ ತೋರಗಲ್ಲ,ದೈನಿಕ,ಕನ್ನಡ,,1976
649,ಹೊರಾಟ,1979,ಹೊಸಪೇಟೆ,ಎಸ್. ಸುಂದರ,ಎಸ್ ಎಂ ಮನೋಹರ / ಎಸ್ ಎಂ ಪ್ರಕಾಶ್,ಸಾಪ್ತಾಹಿಕ,ಕನ್ನಡ,,
650,ಆಕರ್ಷಕ,1979,ಬೆಂಗಳೂರು,ಎಚ್ ಕೆ ಮುನಿಯಪ್ಪ,ಎಂ ಸರಸ್ವತಿ ಗೌಡ,ಸಾಪ್ತಾಹಿಕ,ಕನ್ನಡ,,
651,ಎಲ್ಲಾ ಕರ್ನಾಟಕ ಶಿಕ್ಷಕರ ಸುದ್ದಿ,1979,ಬೆಂಗಳೂರು,ಕರ್ನಾಟಕ ರಾಜ್ಯ ಮಾಧ್ಯಮಿಕ ಶಿಕ್ಷಣ ಸಂಘ,ಪ್ರೊ. ಕೆ. ನರಹರಿ / ಎಚ್.ಆರ್.,ಮಾಸಿಕ,ಕನ್ನಡ,,
652,ಅಲೋಕ,1979,ಬೆಂಗಳೂರು,ಪಿ.ಪಿ ಬಳಗದ ಗೆಳೆಯರಿಂದ,,,ಕನ್ನಡ,,
653,ಅಂಕಣ,1979,ಬೆಂಗಳೂರು,,,ದ್ವೈಮಾಸಿಕ,ಕನ್ನಡ,,
654,ಅಪೂರ್ವ ಸುಂದರಿ,1979,ಬೆಂಗಳೂರು,ಬಿ ಎಂ ಎ ಆಚಾರ್,ಬಿ ಎಂ ಎ ಆಚಾರ್,ಮಾಸಿಕ,ಕನ್ನಡ,,
655,ಆಟೋ ಸ್ನೇಹಿತ,1979,ಬೆಂಗಳೂರು,ಎಸ್ ವಿ. ಮುದ್ದಪ್ಪ,ಎಸ್ ವಿ. ಮುದ್ದಪ್ಪ,ಪಾಕ್ಷಿಕ,ಕನ್ನಡ,,
656,ಆಯುರ್ ವಿಜ್ಞಾನ,1979,ಬೆಂಗಳೂರು,,ವೈ ಪಾರ್ಥ ನಾರಾಯಣ ಪಂಡಿತ್,ಮಾಸಿಕ,ಕನ್ನಡ,,
657,ಬಲ ವಿಜ್ಞಾನ,1979,ಬೆಂಗಳೂರು,ಎಂ ಎ ಸೇತುರಾಮ್,ಜೆ.ಆರ್. ಲಕ್ಷ್ಮಣ್ ರಾವ್,ಮಾಸಿಕ,ಕನ್ನಡ,,
658,ಹೊರಗೆ ಬಾಲಿ,1979,ಬೆಂಗಳೂರು,,,ಮಾಸಿಕ,ಕನ್ನಡ,,"1981, V Narayana swamy"
659,ಚಿತ್ರ ದೀಪ,1979,ಬೆಂಗಳೂರು,,ಎಚ್ ಬಸವರಾಜ್,ಸಾಪ್ತಾಹಿಕ,ಕನ್ನಡ,,
660,ಹೃದಯ ಪಲ್ಲಟ,1979,ಬೆಂಗಳೂರು,ಪಿ ಎಸ್ ಫ್ರಾನ್ಸಿಸ್,ಭೀಮಾಶಂಕರ್ / ಎಸ್. ಬ್ಯಾಟ್,ಪಾಕ್ಷಿಕ,ಕನ್ನಡ,,"1978,"
661,ಐಕ್ಯ ರಂಗ,1979,ಬೆಂಗಳೂರು,ಪಿ ರಾಮಚಂದ್ರ ರಾವ್,ಪಿ ರಾಮಚಂದ್ರ ರಾವ್,ಸಾಪ್ತಾಹಿಕ,ಕನ್ನಡ,,
662,ಕರ್ನಾಟಕ ಪ್ರಭ,1979,ಬೆಂಗಳೂರು,ಆರ್. ಶ್ರೀನಿವಾಸ ಮೂರ್ತಿ,ಆರ್. ಶ್ರೀನಿವಾಸ ಮೂರ್ತಿ,ಮಾಸಿಕ,ಕನ್ನಡ,,
663,ಮನೋಹರ ಸಂದೇಶ,1979,ಬೆಂಗಳೂರು,ಸುಬ್ಬನರಸಂ,ಸುಬ್ಬನರಸಂ,ಮಾಸಿಕ,ಕನ್ನಡ,,
664,ಪಂಚಾಯತ್ ವಾಣಿ,1979,ಬೆಂಗಳೂರು,ಡಿ ಜಯದೇವರಾಜ್ ಅರಸ್,ಡಿ ಜಯದೇವರಾಜ್ ಅರಸ್,,ಕನ್ನಡ,,1978
665,ವೃತ್ತಿ,1979,ಬೆಂಗಳೂರು,ವೆಂಕಟೇಶ್,ವೆಂಕಟೇಶ್,ಪಾಕ್ಷಿಕ,ಕನ್ನಡ,,
666,ರೈತ ಸೇವಕ,1979,ಬೆಂಗಳೂರು,ನಂಜಪ್ಪ,ನಂಜಪ್ಪ,ಮಾಸಿಕ,ಕನ್ನಡ,,
667,ಸಂಕ್ಷಿಪ್ತ ಸಮಾಚಾರ,1979,ಬೆಂಗಳೂರು,,ಎಸ್ ಗೌರಿಶಂಕರ್,,ಕನ್ನಡ,,
668,ಬಲಿಷ್ಠ ಭಾರತ,1979,ಬೆಂಗಳೂರು,ಬಿ ಜಯಕುಮಾರ್,ಬಿ ಜಯಕುಮಾರ್,ಪಾಕ್ಷಿಕ,ಕನ್ನಡ,,
669,ವಿದ್ಯಾರ್ಥಿ ಪ್ರಪಂಚ,1979,ಬೆಂಗಳೂರು,,,,ಕನ್ನಡ,,
670,ವಿಜ್ಞಾನ ಪರಿಚಯ,1979,ಬೆಂಗಳೂರು,ಭಾರತೀಯ ವಿಜ್ಞಾನ ಸಂಸ್ಥೆ,ನಾರಾಯಣ ಮಹಿಷಿ/ ಸುಬ್ರಮಣಿಯನ್/ ಕೆ ಕೆ ಗುಪ್ತಾ,ತ್ರೈಮಾಸಿಕ,ಕನ್ನಡ/ಇಂಗ್ಲೀಷ್/ಹಿಂದಿ,,
671,ವಿಶ್ವ ಪರ್ಯಟನ,1979,ಬೆಂಗಳೂರು,ಆನಂದ್ ಕಾರ್ಪೋರೇಶನ್,ಎನ್ ಜಿ ಕೊಟ್ರೇಶ್,ಮಾಸಿಕ,ಕನ್ನಡ/ ಇಂಗ್ಲೀಷ್,,
672,ಯುವ ಚಿಂತನ,1979,ಬೆಂಗಳೂರು,ಸೇಂಟ್ ಜೋಸೆಫ್ ಕಾಲೇಜು ಬೆಂಗಳೂರು,ಪ್ರಶಾಂತ್ ವಲೇರಿಯನ್,ತ್ರೈಮಾಸಿಕ,ಕನ್ನಡ,,
673,ಶೃಂಕೋನ,1979,ಶೃಂಗೇರಿ/ಚಿಕ್ಕಮಗಳೂರು,ಎನ್.ಎಸ್.ಚಂದ್ರಶೇಖರ್,ಎನ್.ಎಸ್.ಚಂದ್ರಶೇಖರ್,ಸಾಪ್ತಾಹಿಕ,ಕನ್ನಡ,,
674,ಹಳ್ಳಿ ಇಂದ ಡೆಲ್ಲಿ,1979,ಹುಬ್ಬಳ್ಳಿ/ಧಾರವಾಡ,ಚಂದ್ರಸ್ವಾಮಿ ಭದ್ರಗೌಡ,ಚಂದ್ರಸ್ವಾಮಿ ಭದ್ರಗೌಡ,ಸಾಪ್ತಾಹಿಕ,ಕನ್ನಡ,,
675,ಖಾದಿ ಜಗತ್ತು,1979,ಧಾರವಾಡ,ಕರ್ನಾಟಕ ಖಾದಿ ಗ್ರಾಮಧ್ಯಾ ಸಂಘ,,ಮಾಸಿಕ,ಕನ್ನಡ,,
676,ಕೃಷಿ ಸಂಪದ,1979,ಧಾರವಾಡ,ಸಹಾಯಕ ಕೃಷಿ ಕಛೇರಿ,,ಮಾಸಿಕ,ಕೊಂಕಣಿ,,
677,ಮಹಾವೀರ ವಾಣಿ,1979,ಹುಬ್ಬಳ್ಳಿ/ಧಾರವಾಡ,ಧಾರವಾಡ ಮಲ್ಲಿನಾಥ ಪಾಟೀಲ,ಮಲ್ಲಿನಾಥ ಪಾಟೀಲ,ಸಾಪ್ತಾಹಿಕ,ಕನ್ನಡ,,
678,ಪ್ರಗತಿ ಮತ್ತು ಜಿನ ವಿಜಯ,1979,ಹುಬ್ಬಳ್ಳಿ/ಧಾರವಾಡ,,B.A. Patil,ಮಾಸಿಕ,ಕನ್ನಡ,,
679,ಅಪಂಗ,1979,ದಕ್ಷಿಣಕನ್ನಡ,ಅಪಂಗ ಕಾರ್ಯಾಲಯ,ಕೆ ಯೋಗಾನಂದ ಶೆಟ್ಟಿ,ಮಾಸಿಕ,ಕನ್ನಡ,,
680,ನಿರ್ಮಲಾ ಸಂಧ್ಯಾವಾಣಿ,1979,ಮಂಗಳೂರು,ಮನಮೋಹನ ಕಾಮತ್ / ಜೋಳವಾಡಿ ಉಪೇಂದ್ರ ಕಾಮತ್,ಮನಮೋಹನ ಕಾಮತ್,ದೈನಿಕ,ಕನ್ನಡ,,
681,ಪುಲ್ಲಿಂಗ,1979,ಮಂಗಳೂರು,,,ಸಾಪ್ತಾಹಿಕ,ಕನ್ನಡ,,
682,ಆದಾಯ ಸ್ಟ್ರೀಮ್,1979,ದಕ್ಷಿಣಕನ್ನಡ,ಕಳ್ಳಿ ಜಗನಾಥ ರಾಯ್,ಕಳ್ಳಿ ಜಗನಾಥ ರಾಯ್,ಮಾಸಿಕ,ತುಳು,,
683,ಲಿಂಗವಂತ,1979,ಗದಗ,ರಾಡ್ ಗಾಯಗಳು,ಶಾರದಾ ಮ್. ಅವತ,ಮಾಸಿಕ,ಕನ್ನಡ,,
684,ಮಾರ್ಗಪರಭ,1979,ಹಾಸನ,ಟಿ.ಎಸ್. ನಾವು ನಿಮ್ಮ ಲಾಭವನ್ನು ಪಡೆದುಕೊಳ್ಳುತ್ತೇವೆ,ಟಿ.ಎಸ್. ನಾವು ನಿಮ್ಮ ಲಾಭವನ್ನು ಪಡೆದುಕೊಳ್ಳುತ್ತೇವೆ,ದೈನಿಕ,ಕನ್ನಡ,,1985
685,ಸಾರ್ವಜನಿಕ ಪ್ರಗತಿ,1979,ಹಾವೇರಿ,ನಾಗಣ್ಣ,ನಾಗಣ್ಣ,ದೈನಿಕ,ಕನ್ನಡ,,
686,ಹೊನ್ನುಡಿ,1979,ಕೋಲಾರ,,ಎಂ ಜಿ ಪ್ರಭಾಕರ್,ದೈನಿಕ,ಕನ್ನಡ,,
687,ಕೋಲಾರ್ ಪತ್ರಿಕೆ,1979,ಕೋಲಾರ,ಪ್ರಹ್ಲಾದ್ ರಾವ್,ಪ್ರಹ್ಲಾದ್ ರಾವ್,ದೈನಿಕ,ಕನ್ನಡ,,
688,ಪ್ರಜಾಪರಪಂಚ,1979,ಕೊಪ್ಪಳ,ವಿ.ಎಚ್. ಇರಕಲ್,ವಿ.ಎಚ್. ಇರಕಲ್,ದೈನಿಕ,ಕನ್ನಡ,,
689,ಚಿಂತನಶೀಲ,1979,ಶಿವಮೊಗ್ಗ,ಎಸ್ ರಾಜಗೋಪಾಲ್,ಎಸ್ ರಾಜಗೋಪಾಲ್,ಸಾಪ್ತಾಹಿಕ,ಕನ್ನಡ,,
690,ದೇವ ದೂತ,1979,ಶಿಕಾರಿಪುರ,ಅಂಗಡಿ ಹಿರಿಯಣ್ಣ,ಅಂಗಡಿ ಹಿರಿಯಣ್ಣ,ದೈನಿಕ,ಕನ್ನಡ,,
691,ಡೈಮಂಡ್ ವರದಿ,1979,‌ಭದ್ರಾವತಿ,ಕೆ ನಾರಾಯಣ,ಕೆ ನಾರಾಯಣ,ಸಾಪ್ತಾಹಿಕ,ಕನ್ನಡ,,1976
692,ಗಂಡು ಬೇರುಂಡ,1979,ಶಿವಮೊಗ್ಗ,ಕಮಲಾಕರ್,ಕಮಲಾಕರ್,ದೈನಿಕ,ಕನ್ನಡ,,
693,ಕ್ರಾಂತಿ ಭಗತ್,1979,ಶಿವಮೊಗ್ಗ,ಎಂ ಲಿಂಗಪ್ಪ,ಎಂ ಲಿಂಗಪ್ಪ,ದೈನಿಕ Evening,ಕನ್ನಡ,,
694,ನರಸಿಂಹ,1979,ಸೊರಬ,ಲಯನ್ಸ್ ಕ್ಲಬ್ ಸೊರಬ,ಎಸ್ ಡಿ ಜೋತಾಡಿ,,,,
695,ಪವನ್,1979,ಶಿವಮೊಗ್ಗ,ತ್ಯಾಗರಾಜ,ತ್ಯಾಗರಾಜ,ಸಾಪ್ತಾಹಿಕ,ಕನ್ನಡ,,
696,ಸಾರ್ವಜನಿಕ ಪ್ರಗತಿ,1979,ತುಮಕೂರು,ಎಸ್. ನಾಗಣ್ಣ,ಎಸ್. ನಾಗಣ್ಣ,ದೈನಿಕ,ಕನ್ನಡ,,
697,ಸನ್ಮಾರ್ಗ,1979,ಉಡುಪಿ,ಸಂಗಮಕ್ಕೆ ಸಾದುಲ್ಲಾ,ಕೆ ಕುಕ್ಲ,ಸಾಪ್ತಾಹಿಕ,ಕನ್ನಡ,,
698,ಸಹಕಾರಿ ಸಮಾಜ,1979,ಅಂಕೋಲ,"ಪಬ್ಲಿಕೇಷನ್ ಉತ್ತರ ಕನ್ನಡ
 ಜಿಲ್ಲಾ ಸಹಕಾರ",ಜಿ.ಟಿ. ಹೆಗ್ಡೆ,ಮಾಸಿಕ,ಕನ್ನಡ,,
699,ಟಂಕರಾ,1979,ವಿಜಯಪುರ,ಎನ್ ಕೆ ಕುಲಕರ್ಣಿ,ಎನ್ ಕೆ ಕುಲಕರ್ಣಿ,ಸಾಪ್ತಾಹಿಕ,ಕನ್ನಡ,,
700,ವ್ಯಾಪಾರ ವಾರ್ತೆ,1979,ವಿಜಯಪುರ,ಶ್ರೀನಿವಾಸ ಹುಣಸಜಿ,ಶ್ರೀನಿವಾಸ ಹುಣಸಜಿ,ಪಾಕ್ಷಿಕ,ಕನ್ನಡ,,
701,ಕುಶಾಲ್,1980,ಬಾಗಲಕೋಟೆ,ವಿಶ್ವನಾಥ ಹಿರೇಮಠ್,ವಿಶ್ವನಾಥ ಹಿರೇಮಠ್,ಮಾಸಿಕ,ಕನ್ನಡ,,
702,ಓಂ ಆಶೀರ್ವಾದ,1980,ಬೆಳಗಾವಿ,ಜಲತಕುಮಾರ ಬಿ ಪುನಾಜಗೌಡ,ಜಲತಕುಮಾರ ಬಿ ಪುನಾಜಗೌಡ,,ಕನ್ನಡ,,
703,ರವಿವರದ ಸಂತೋಲ,1980,ಬೆಳಗಾವಿ,ಬಸವರಾಜ ನಿಮ್ಮೆ,ಪುಂಡಲೀಕ ಪಾಟೀಲ,ಸಾಪ್ತಾಹಿಕ,ಕನ್ನಡ,,
704,ಕರ್ನಾಟಕ ಪ್ರೇಮಜ್ಯೋತಿ,1980,ಹೂವಿನಹಡಗಲಿ/ಬಳ್ಳಾರಿ,ಜ್ಯೋತಿ ಮೃತುಂಜಯ,ಜ್ಯೋತಿ ಮೃತುಂಜಯ,ಸಾಪ್ತಾಹಿಕ/ ಮಾಸಿಕ,ಕನ್ನಡ,,
705,ಸ್ವತಂತ್ರ ಹೋರಾಟ,1980,ಹೊಸಪೇಟೆ,ಎಸ್.ಎಂ. ಮನೋಹರ್,ಎಸ್.ಎಂ. ಮನೋಹರ್,ದೈನಿಕ,ಕನ್ನಡ,,
706,ಬ್ಯಾಂಕಿಂಗ್ ಪ್ರಪಂಚ,1980,ಬೆಂಗಳೂರು,ಮೈಸೂರು ಪ್ರಿಂಟಿಂಗ್ ಮತ್ತು ಪಬ್ಲಿಷಿಂಗ್ ಹೌಸ್,ಎಚ್.ಎಸ್.ಕೆ,ತ್ರೈಮಾಸಿಕ/ಅರ್ಧ ವಾರ್ಷಿಕ,,,"1978, Edi: Krishnas wamy Iyengar"
707,ಬುದ್ಧಿವಂತ ಮಗಳು,1980,ಬೆಂಗಳೂರು,,ಎಂ ಪಿ ಸುರೇಶ್ ಬಾಬು,ಮಾಸಿಕ,ಕನ್ನಡ,,
708,ಗಾಂಧೀಜಿ ಬಯಕೆ,1980,ಬೆಂಗಳೂರು,ಕೆ.ರಾಮಯ್ಯ ರೆಡ್ಡಿ,ಕೆ.ರಾಮಯ್ಯ ರೆಡ್ಡಿ,ಮಾಸಿಕ,ಕನ್ನಡ,,1978
709,ಹರಿಜ್ಞೋದ್ದಾರಕ,1980,ಬೆಂಗಳೂರು,ಸಿ.ಗೋಪಾಲ್,ಸಿ.ಗೋಪಾಲ್,ಪಾಕ್ಷಿಕ,ಕನ್ನಡ,,
710,ಜನ ಕಲ್ಯಾಣ,1980,ಬೆಂಗಳೂರು,ಡಾ.ಪಂಚಾಕ್ಷರಿ ಹೊಸ್ಮಠ,ಡಾ.ಪಂಚಾಕ್ಷರಿ ಹೊಸ್ಮಠ,ಪಾಕ್ಷಿಕ,ಕನ್ನಡ,,
711,ಜಾನಪದ ಜಗತ್ತು,1980,ಬೆಂಗಳೂರು,ಕರ್ನಾಟಕ ಜಾನಪದ ಟ್ರಸ್ಟ್,ಎಚ್ ಎಲ್ ನಾಗೇಗೌಡ,,ಕನ್ನಡ,,
712,ಜಸಂತ ಗೀತಾ,1980,ಬೆಂಗಳೂರು,,ನಾರಾಯಣಮ್ಮ,ಮಾಸಿಕ,ಕನ್ನಡ,,
713,ಜೆನ್ ಕರಾ,1980,ಬೆಂಗಳೂರು,ಎಂ ಯಲ್ಲಪ್ಪ,ಎಂ ಯಲ್ಲಪ್ಪ,ಮಾಸಿಕ,ಕನ್ನಡ,,
714,ಕನ್ನಡ ಪ್ರೌಟ್,1980,ಬೆಂಗಳೂರು,,ಆಚಾರ್ಯ ಜ್ಞಾನಂಜಂಡ ಅವಧೂತ,ಸಾಪ್ತಾಹಿಕ,ಕನ್ನಡ,,
715,ಓಡಿಹೋಗು,1980,ಬೆಂಗಳೂರು,ಎಂ ರಂಗಯ್ಯ,ಎಂ ರಂಗಯ್ಯ,,ಕನ್ನಡ,,
716,ಕರ್ನಾಟಕ ಪ್ರೇಮಜ್ಯೋತಿ,1980,ಬೆಂಗಳೂರು,ಜ್ಯೋತಿ ಮೃತುಂಜಯ,ಜ್ಯೋತಿ ಮೃತುಂಜಯ,ಸಾಪ್ತಾಹಿಕ/ ಮಾಸಿಕ,ಕನ್ನಡ,,
717,ಲಂಕೇಶ್ ಪತ್ರಿಕೆ,1980,ಬೆಂಗಳೂರು,ಪಿ ಲಂಕೇಶ್,ಪಿ ಲಂಕೇಶ್,,ಕನ್ನಡ,,
718,ನಿಬಾದ ಬಂದಾ,1980,ಬೆಂಗಳೂರು,,ವೆಂಕಟೇಶ್,ಮಾಸಿಕ,ಕನ್ನಡ,,
719,ಸಾರ್ವಜನಿಕ ಬೆಳಕು,1980,ಬೆಂಗಳೂರು,ಎಸ್ ಶ್ರೀಧರ್ ರಾವ್,ಎಸ್ ಶ್ರೀಧರ್ ರಾವ್,ಪಾಕ್ಷಿಕ,ಕನ್ನಡ,,
720,ಪ್ರಜಾ ಮಹಿಮೆ,1980,ಬೆಂಗಳೂರು,ವೆಂಕಟೇಶ್ ನಾಯಕ್,ವೆಂಕಟೇಶ್ ನಾಯಕ್,,ಕನ್ನಡ,,
721,ರಸಲತಾ ಸುದ್ದಿ,1980,ಬೆಂಗಳೂರು,ಕೆಟಿವಿ ನರಸಿಂಹಯ್ಯ,ಕೆಟಿವಿ ನರಸಿಂಹಯ್ಯ,ಮಾಸಿಕ,ಕನ್ನಡ,,
722,ಕರ್ನಾಟಕ ಅಂಚೆ,1980,ಬೆಂಗಳೂರು,ಎಸ್ ಎಸ್ ಮಂಜುನಾಥ್,ಎಸ್ ಎಸ್ ಮಂಜುನಾಥ್,ಮಾಸಿಕ,ಕನ್ನಡ,,
723,ಉದಯೋ ಮುಖ,1980,ಬೆಂಗಳೂರು,ಎಚ್.ಎನ್.ವೆಂಕಟೇಶ್,ಎಚ್.ಎನ್.ವೆಂಕಟೇಶ್,,ಕನ್ನಡ,,
724,ವರ್ಥ ಕೇಸರಿ,1980,ಬೆಂಗಳೂರು,ಆರ್. ತ್ಯಾಗರಾಜ್,ಆರ್. ತ್ಯಾಗರಾಜ್,,ಕನ್ನಡ,,
725,ವಿದ್ಯುತ್ ವಿಸ್ಮಯ,1980,ಬೆಂಗಳೂರು,ಪ್ರಿಯ ಮುದ್ರಾಣ ಪ್ರಕಾಶ,ಜಿ.ಡಿ. ನವರತ್ನ ಕುಮಾರ್,ಮಾಸಿಕ,ಕನ್ನಡ,,1978
726,ಯೋಗವಾಣಿ,1980,ಬೆಂಗಳೂರು,ಎಂ ಸುಗುಣ,ಪ್ರಭು ನಾಗರಾಜಯ್ಯ,ಮಾಸಿಕ,ಕನ್ನಡ,,
727,ದೀನವಾಣಿ,1980,ಹುಬ್ಬಳ್ಳಿ/ಧಾರವಾಡ,ದೀನವಾಣಿ ಕಾರ್ಯಾಲಯ,ಶಂಕರ ಪಾಟೀಲ,ಸಾಪ್ತಾಹಿಕ,ಕನ್ನಡ,,
728,ಭಾರತದ ನೆಹರು,1980,ಧಾರವಾಡ,ಡಾ.ಬಿ.ಜಿ. ರಾವ್,ಡಾ.ಬಿ.ಜಿ. ರಾವ್,ಸಾಪ್ತಾಹಿಕ,ಕನ್ನಡ,,
729,ಉದ್ಯೋಗ ಸುದ್ದಿ,1980,ಗದಗ,ವಿಕ್ರಮ ಪಬ್ಲಿಕೇಷನ್ಸ್,ಎಚ್ ಎಸ್ ಹರಿದಾಸ್,ಪಾಕ್ಷಿಕ,ಕನ್ನಡ,,
730,ಗೊಮ್ಮಟವಾಣಿ,1980,ಚನ್ನರಾಯಪಟ್ಟಣ/ಶ್ರವಣಬೆಳಗೊಳ/ಹಾಸನ,,ಎಸ್.ಎನ್. ಅಶೋಕ್ ಕುಮಾರ್,ದೈನಿಕ,ಕನ್ನಡ,,
731,ಬ್ರಹ್ಮಗಿರಿ,1980,ಮಡಿಕೇರಿ,ಉಳ್ಳಿಯಡ ಎಂ.ಪೂವಯ್ಯ,ಉಳ್ಳಿಯಡ ಎಂ.ಪೂವಯ್ಯ,ಸಾಪ್ತಾಹಿಕ,ಕೊಡವ,,
732,ಪರಕ್ರಮ,1980,ಮಡಿಕೇರಿ,,ಎ ಪಿ ಸುರೇಶ್,ದೈನಿಕ,ಕನ್ನಡ,,
733,ಬಂಗಾರ ದರ್ಶಿನಿ,1980,ಕೋಲಾರ,ಎನ್ ನಂಜುಂಡೇಶ್ವರ,ಕೆ ಎಲ್ ಚಂದ್ರ ಶೇಖರ,ಸಾಪ್ತಾಹಿಕ,ಕನ್ನಡ,,
734,ಸಂಜೆ ಮಲ್ಲಿಗೆ,1980,ಮಂಡ್ಯ,,ಆರ್ ಎ ಪದ್ಮರತ್ನ,ಸಾಪ್ತಾಹಿಕ,ಕನ್ನಡ,,1981
735,ಮೈಸೂರು ಮಿತ್ರ,1980,ಮೈಸೂರು,ಕೆ.ಪಿ.ಗಣಪತಿ,ಕೆ.ಪಿ.ಗಣಪತಿ,ದೈನಿಕ,ಕನ್ನಡ,,
736,ಹೊಸ ನೋಟ,1980,,ಶ್ರೀಮತಿ ಮನೋರಮಾ ತುಳಜಪ್ಪ,ಶ್ರೀಮತಿ ಮನೋರಮಾ ತುಳಜಪ್ಪ,ದೈನಿಕ,ಕನ್ನಡ,,
737,ಸಹ್ಯಾದ್ರಿ ವಿಕಾಸ,1980,ಶಿವಮೊಗ್ಗ,ಡಿ ಎಸ್ ತಿಪ್ಪೇಸ್ವಾಮಿ,ಎಂ ಎಸ್ ಸುಬ್ಬರಾಯ ರೆಡ್ಡಿ/ ಪಿ ಎಸ್ ವಿ ರಾವ್,ಮಾಸಿಕ,ಕನ್ನಡ,,
738,ಉಷಾ ಮಹಿ,1980,ಶಿವಮೊಗ್ಗ,ಶಾಂತಿ ಕಣ್ಣಪ್ಪ,ಶಾಂತಿ ಕಣ್ಣಪ್ಪ,ದೈನಿಕ,ಕನ್ನಡ,,
739,ವಿಚಾರಿ,1980,ಶಿವಮೊಗ್ಗ,ಆರ್ ಗೋಪಾಲ್ ನಾಯ್ಕ್,ಆರ್ ಗೋಪಾಲ್ ನಾಯ್ಕ್,ಸಾಪ್ತಾಹಿಕ,ಕನ್ನಡ,,
740,ಉದಯ ಭಾರತಿ,1980,ಉಡುಪಿ,ಟಿ ದೇವದಾಸ ಪೈ,ಟಿ ದೇವದಾಸ ಪೈ,ಪಾಕ್ಷಿಕ,ಕನ್ನಡ,"1927 - 52, Udupi/ Mangalore, Pub - Srinivasa Bhatta, Editor - Alevooru Sheshappayya",
741,ಆಚಾರ,1980,ಹೊನ್ನಾವರ,,ಗೌರೀಶ ಶಾಸ್ತ್ರಿ,ಸಾಪ್ತಾಹಿಕ,ಕನ್ನಡ,,
742,ಸಿಂಹದ್ವಾನಿ,1980,ಗೋಕರ್ಣ,ಲಯನ್ಸ್ ಕ್ಲಬ್ ಆಫ್ ಗೋಕರ್ಣ,,ತ್ರೈಮಾಸಿಕ,ಕನ್ನಡ,,
743,ಬಸವ ಕ್ರಾಂತಿ,1980,ಬಿಜಾಪುರ,ವೀ ಶಿ ಸ್ವಾಮಿ,ವೀ ಶಿ ಸ್ವಾಮಿ,ದೈನಿಕ,ಕನ್ನಡ,,
744,ಬಿಜಾಪುರ ಮಾತನಾಡಿ,1980,ವಿಜಯಪುರ,ಎಸ್ ಎಸ್ ಬಿದರಿ,ಎಸ್ ಎಸ್ ಬಿದರಿ,ಸಾಪ್ತಾಹಿಕ,ಕನ್ನಡ,,
745,ಕ್ರಾಂತಿ ಕಿರಣ,1980,ವಿಜಯಪುರ,ಬಸವರಾಜ ಪಾಟೀಲ,ಬಸವರಾಜ ಪಾಟೀಲ,ಸಾಪ್ತಾಹಿಕ,ಕನ್ನಡ,,
746,ನಾದನುಡಿ,1981,ಬಾಗಲಕೋಟೆ,ಸುಮಾ ಟಿ ಪಾಟೀಲ್ ಪರವಾಗಿ ಆರ್ ಕೆ ಮಂಗೂಳಿ,ಟಿ.ಸ್ ಪಾಟೀಲ / ರಾಮ ಮಂಗೋಲಿ,ದೈನಿಕ,ಕನ್ನಡ,,
747,ಗುಡುಗು ಸಿಡಿಲು,1981,ದೊಡ್ಡಬಳ್ಳಾಪುರ,ಜಿ ಎಂ ಕೃಷ್ಣಪ್ಪ,ಜಿ ಎಂ ಕೃಷ್ಣಪ್ಪ,ಪಾಕ್ಷಿಕ,ಕನ್ನಡ,,
748,ಸಮತೋಲನ,1981,ಬೆಳಗಾವಿ,ಮಡಿವಲ್ಲಪ್ಪ ಮಾಕಚಂಬಿ,ಭೀಮಸೇನ ತೋರಗಲ್ಲರ / ಮಡಿವಲ್ಲಪ್ಪ ಮಾಕಚಂಬಿ,ದೈನಿಕ,ಕನ್ನಡ,,1980
749,ಅನೀಶ್ ಇತಾ,1981,ಬೆಂಗಳೂರು,,ಬಿ ಪಿ ಕೋದಂಡ ರಾಮಯ್ಯ,ಮಾಸಿಕ,ಕನ್ನಡ,,
750,ಅಶ್ವಿನೀ,1981,ಬೆಂಗಳೂರು,ಡಿ ಗೋಪಾಲ್,ಡಿ ಗೋಪಾಲ್,ಸಾಪ್ತಾಹಿಕ,ಕನ್ನಡ,1971-76,
751,ಬೆಂಗಳೂರು ಬಾವಾ,1981,ಬೆಂಗಳೂರು,ಎಸ್.ಎನ್. ನರಸಪ್ಪ,ಎಸ್.ಎನ್. ನರಸಪ್ಪ,ಸಾಪ್ತಾಹಿಕ,ಕನ್ನಡ,,
752,ಭಾರತೀಯ ಅಚೇ ಬಂಧು,1981,ಬೆಂಗಳೂರು,ಟಿ ಗಂಗಣ್ಣ,ಟಿ ಗಂಗಣ್ಣ,ಮಾಸಿಕ,ಕನ್ನಡ,,
753,ಚಳುವ ನಾಡು,1981,ಬೆಂಗಳೂರು,ಸಿ ಎನ್ ಸ್ವಾಮಿ,ಸಿ ಎನ್ ಸ್ವಾಮಿ,ಮಾಸಿಕ,ಕನ್ನಡ,,
754,ಧರ್ಮ ದೇವತೆ,1981,ಬೆಂಗಳೂರು,ದೇವರಾಜು,ದೇವರಾಜು,ಮಾಸಿಕ,ಕನ್ನಡ,,
755,ಕೆಂದಾವರೆ,1981,ಬೆಂಗಳೂರು,ಟಿ ಸೌಭಾಗ್ಯಮ್ಮ,ಟಿ ಸೌಭಾಗ್ಯಮ್ಮ,ಮಾಸಿಕ,ಕನ್ನಡ,,
756,ಲವ ಕುಶ,1981,ಬೆಂಗಳೂರು,ಪಾರ್ವತಿ ಕೋದಂಡರಾಮ್,ಪಾರ್ವತಿ ಕೋದಂಡರಾಮ್,ಮಾಸಿಕ,ಕನ್ನಡ,,
757,ಲೋಕ ರಕ್ಷಕ,1981,ಬೆಂಗಳೂರು,ಪಿ ವೆಲ್,ಪಿ ವೆಲ್,,ಕನ್ನಡ,,
758,ಪಟ್ಟಾಭಿಷೇಕ,1981,ಬೆಂಗಳೂರು,ಕೆ ಎಂ ಸಬ್ಜೋನ್,ಕೆ ಎಂ ಸಬ್ಜೋನ್,ಮಾಸಿಕ,ಕನ್ನಡ,,
759,ಪ್ರಭಾಲ್ಯ,1981,ಬೆಂಗಳೂರು,,ಕೆ.ಸಾವಿತ್ರಮ್ಮ,ಪಾಕ್ಷಿಕ,ಕನ್ನಡ,,
760,ಪ್ರಚಂಡ ಭೈರವಿ,1981,ಬೆಂಗಳೂರು,,ಎಚ್ ಎಸ್. ರಾಜಲಕ್ಷ್ಮಿ,ಮಾಸಿಕ,ಕನ್ನಡ,,
761,ಪ್ರಸಾರ ನೀತಿ,1981,ಬೆಂಗಳೂರು,ಬಿ.ಎಸ್. ರತ್ನವೇಲು ಗುಪ್ತಾ,ಬಿ.ಎಸ್. ರತ್ನವೇಲು ಗುಪ್ತಾ,ಮಾಸಿಕ,ಕನ್ನಡ,,
762,ರವಿ ಕಿರಣ,1981,ಬೆಂಗಳೂರು,ಶ್ರೀಮತಿ ಸುಂಕರಪಾಡಿ ಕುಮಾರ್,ಶ್ರೀಮತಿ ಸುಂಕರಪಾಡಿ ಕುಮಾರ್,,ಕನ್ನಡ,,
763,ಸಾಹಿತ್ಯ ರತ್ನ,1981,ಬೆಂಗಳೂರು,ಸಿ ನಾರಾಯಣರಾಜು,ಸಿ ನಾರಾಯಣರಾಜು,ಮಾಸಿಕ,ಕನ್ನಡ,,
764,ಸಂಕ್ಷಿಪ್ತ ಉದ್ಯೋಗ ಮಹಿತಿ,1981,ಬೆಂಗಳೂರು,,,,ಕನ್ನಡ,,
765,ಸಾರ್ಥಕಥೆ,1981,ಬೆಂಗಳೂರು,,ಡಾ| ಸಿ ರಾಮಸ್ವಾಮಿ,,ಕನ್ನಡ,,
766,ಸಿಡಿ,1981,ಬೆಂಗಳೂರು,ವಿ ಪದ್ಮನಾಭ,ವಿ ಪದ್ಮನಾಭ,ಸಾಪ್ತಾಹಿಕ,ಕನ್ನಡ,,
767,ಸ್ತನಬಂಧ,1981,ಬೆಂಗಳೂರು,,,ದ್ವೈಮಾಸಿಕ,ಕನ್ನಡ,,
768,ತರಬಲ,1981,ಬೆಂಗಳೂರು,ಎಂ ಆರ್ ರಾಮಯ್ಯ,ಎಂ ಆರ್ ರಾಮಯ್ಯ,ಮಾಸಿಕ,ಕನ್ನಡ,,
769,ವಿದ್ಯಾರ್ಥಿ ಪಥ,1981,ಬೆಂಗಳೂರು,ವಿದ್ಯಾರ್ಥಿ ಶಿಕ್ಷಣ ಸೇವಾ ಟ್ರಸ್ಟ್,ಶಿವರಾಮ ಪಡಿಕ್ಕಲ್,ಮಾಸಿಕ,ಕನ್ನಡ,,
770,ತುಂಗಾ ವಾರ್ತೆ,1981,ಚಿಕ್ಕಮಗಳೂರು,ಡಿ ಎಸ್ ವಿಶ್ವನಾಥ ಶೆಟ್ಟಿ,ಡಿ ಎಸ್ ವಿಶ್ವನಾಥ ಶೆಟ್ಟಿ,ಸಾಪ್ತಾಹಿಕ,ಕನ್ನಡ,,
771,ಬ್ರಹ್ಮಗಿರಿ,1981,ಚಿತ್ರದುರ್ಗ,ಎಸ್ ರಾಮಲಿಂಗಪ್ಪ,ಎಸ್ ರಾಮಲಿಂಗಪ್ಪ,ದೈನಿಕ,ಕನ್ನಡ,,1980
772,ಪ್ರಿಯಾ,1981,ಚಿತ್ರದುರ್ಗ,ಕೆ ಮುರುಗೇಶ್,ಕೆ ಮುರುಗೇಶ್,ದೈನಿಕ,ಕನ್ನಡ,,1979
773,ದನಿ ವಂಶ ವರ್ಥ,1981,ಹುಬ್ಬಳ್ಳಿ/ಧಾರವಾಡ,ಸುರೇಂದ್ರ ಅದರ,ಸುರೇಂದ್ರ ಅದರ,,ಕನ್ನಡ,,
774,ಅಮೃತ,1981,ಮಂಗಳೂರು,ಕೆ.ಶಂಕರ ಭಟ್,ಕೆ.ಶಂಕರ ಭಟ್,ಸಾಪ್ತಾಹಿಕ,ಕನ್ನಡ,,
775,ಮಧು ಪ್ರಪಂಚ,1981,ಪುತ್ತೂರು/ದಕ್ಷಿಣಕನ್ನಡ,ಸೌತ್ ಕೆನರಾ ಬೀ ಕೀಪರ್ಸ್ ಕೋ-ಆಪರೇಟಿವ್ ಸೊಸೈಟಿ,ಕೋಟೆ ಲಕ್ಷ್ಮೀನಾರಾಯಣ,ತ್ರೈಮಾಸಿಕ,ಕನ್ನಡ,,
776,ಸಂಸ್ಕೃತ ತರಂಗಿಣಿ,1981,ಮಂಗಳೂರು,ಗೋಪಾಲಕೃಷ್ಣ ನಂ. ಭಟ್,ಗೋಪಾಲಕೃಷ್ಣ ನಂ. ಭಟ್ / ಪರಮೇಶ್ವರ ಹೆಗಡೆ,ಮಾಸಿಕ,ಕನ್ನಡ/ ಸಂಸ್ಕೃತ,,
777,ಅಂಗವಿಕಲ ಸಹೋದರ,1981,ಮಂಗಳೂರು,ಕರ್ನಾಟಕ ರಾಜ್ಯ ಅಂಗವಿಕಲ ಕ್ಷೇಮಾಭಿವೃದ್ಧಿ ಸಂಘ,ಬಿ ಅದೇ ಮಲ್ಪೆ,,ಕನ್ನಡ,,
778,ಕೃಷಿ ಸಮಾಚಾರ,1981,ಹಾಸನ,"ಜಂಟಿ ಕೃಷಿ ನಿರ್ದೇಶಕರು, ಕರ್ನಾಟಕ ರಾಜ್ಯ ಕೃಷಿ ಇಲಾಖೆ",,ದ್ವೈಮಾಸಿಕ,ಕನ್ನಡ,,
779,ಭಾರತ ಜೀವನ ಜ್ಯೋತಿ,1981,ಕೋಲಾರ,ಜೆ ದಯಾಶೀಲ,ಜೆ ದಯಾಶೀಲ,ಸಾಪ್ತಾಹಿಕ,ಕನ್ನಡ,,
780,ಕಾರ್ಯದರ್ಶಿ,1981,ಮೈಸೂರು,,,ಪಾಕ್ಷಿಕ,ಕನ್ನಡ/ಇಂಗ್ಲೀಷ್/ಹಿಂದಿ,,
781,ಅದ್ಭುತ,1981,ಮೈಸೂರು,ಕೆ ಲಕ್ಷ್ಮಣ್,ಕೆ ಲಕ್ಷ್ಮಣ್,ಸಾಪ್ತಾಹಿಕ,ಕನ್ನಡ,,
782,ಮಿನೋ ನ್ಯೂಸ್,1981,ಮೈಸೂರು,,ಶಫಿ ಅಹಮದ್ ಷರೀಫ್,ದೈನಿಕ,ಇಂಗ್ಲೀಷ್,,
783,ನವ ನಿರ್ಮಾಣ,1981,ಮೈಸೂರು,ನೀಲಕನಹಳ್ಳಿ ತಮ್ಮಣ್ಣ ಗೌಡ,ನೀಲಕನಹಳ್ಳಿ ತಮ್ಮಣ್ಣ ಗೌಡ,ಸಾಪ್ತಾಹಿಕ,ಕನ್ನಡ,,
784,ವೈದ್ಯ ಮಿತ್ರ,1981,ಮೈಸೂರು,ಟಿ.ಎಸ್. ಭಾರದ್ವಾಜ್,ಟಿ.ಎಸ್. ಭಾರದ್ವಾಜ್,ಮಾಸಿಕ,ಕನ್ನಡ/ ಇಂಗ್ಲೀಷ್,,
785,ವೈದ್ಯ ತರಂಗಿಣಿ,1981,ಮೈಸೂರು,ಎಂ.ಜಿ,ಎಂ ಜಿ ಕೃಷ್ಣಮೂರ್ತಿ,ಮಾಸಿಕ,ಕನ್ನಡ,,1980
786,ವಿದ್ಯಾರ್ಥಿ ಪಥ,1981,,ಕೃಷ್ಣಮೂರ್ತಿ,,ಮಾಸಿಕ,ಕನ್ನಡ,,
787,ಥಾರ್,1981,ರಾಮನಗರ,ಚಿಕ್ಕಲ್ಲೂರು ಚೆನ್ನಪ್ಪ,ಶಿವರಾಮ್ ನಾಗವಾರ / ಚಿಕ್ಕಲ್ಲೂರು ಚೆನ್ನಪ್ಪ,ಸಾಪ್ತಾಹಿಕ,ಕನ್ನಡ,,
788,ಭುವನ ವಾರ್ತೆ,1981,‌ಭದ್ರಾವತಿ,ಕಾಶಿ ವಿಶ್ವನಾಥ್ ಬಿ:,ಪದ್ಮಿನಿ ಎಸ್ ಆರ್,ದೈನಿಕ,ಕನ್ನಡ,,
789,ಕೃಷಿ ವಾರ್ತೆ,1981,ಶಿವಮೊಗ್ಗ,ಕೃಷಿ ವಲಯ ಶಿವಮೊಗ್ಗ,,ಮಾಸಿಕ,ಕನ್ನಡ,,
790,ಲಯನ್ಸ್ ವಾಯ್ಸ್,1981,ತೀರ್ಥಹಳ್ಳಿ,ಲಯನ್ಸ್ ಕ್ಲಬ್ ಸ್ ತೀರ್ಥಹಳ್ಳಿ,ಕೆ ನಾರಾಯಣಚಾರ್,ಮಾಸಿಕ,ಕನ್ನಡ,,
791,ನ್ಯಾಯದ ತಕ್ಕಡಿ,1981,ಸಾಗರ,ಎಚ್ ಗಣಪತಿಯಪ್ಪ,ಎ ಡಿ ಗೋಪಾಲಕೃಷ್ಣ,ದೈನಿಕ,ಕನ್ನಡ,,1980
792,ಸಾಗರ ಸಂದೇಶ,1981,ಸಾಗರ,ಎಚ್ ವಿ ರಾಮಚಂದ್ರರಾವ್,ಮೃತುಂಜಯ ಚಿಲ್ಮೆಮಟ್,ದೈನಿಕ,ಕನ್ನಡ,,
793,ಸಾಗರ ಸುದ್ದಿ,1981,ಸಾಗರ,ಯು ಸುಬ್ಬರಾವ್,ಯು ಸುಬ್ಬರಾವ್,ದೈನಿಕ,ಕನ್ನಡ,,
794,ಶಿವಯೋಗಿ,1981,ಶಿವಮೊಗ್ಗ,ಹೊಸೂಡಿ ಪ್ರಿಂಟರ್ಸ್ ಮತ್ತು ಪಬ್ಲಿಷರ್ಸ್,ಯು ಎಸ ಶಿವಲಿಂಗ ಮೂರ್ತಿ,ಪಾಕ್ಷಿಕ,ಕನ್ನಡ,,
795,ತೆರಿಗೆ ಸ್ಥಿತಿ,1981,ಶಿವಮೊಗ್ಗ,ಎಸ್ ಕೆ ಗಜೇಂದ್ರ ಅವರೇ,ಕ್ಸೇವಿಯರ್ ಡೇವಿಡ್ / ಗಜೇಂದ್ರಸ್ವಾಮಿ,ದೈನಿಕ,ಕನ್ನಡ,,
796,ಏಕೇಶ್ ಪತ್ರಿಕೆ,1981,ತುಮಕೂರು,ಸಿ.ನ್.ಏಕೇಶ್ವರ್,ಸಿ.ಎನ್.ಏಕೇಶ್ವರ/ ರಾಮ ಏಕೇಶ್ವರ,,ಕನ್ನಡ,,
797,ಸತ್ಯ ವೇದಿಕೆ,1981,ಗುಬ್ಬಿ/ತುಮಕೂರು,ಮಂಜುನಾಥ್,ಮಂಜುನಾಥ್,ಸಾಪ್ತಾಹಿಕ,ಕನ್ನಡ,,
798,ಅಕ್ಷರ,1981,ಉಡುಪಿ,ಅಶ್ವಿನಿ ಪ್ರಕಾಶನಕ್ಕಾಗಿ ಯು.ಆರ್.ಸಬ್ಬತ್ಯ,ಯು ಸಭಾ ಪತಿ,ಸಾಪ್ತಾಹಿಕ,ಕನ್ನಡ,,
799,ಬಳಕೆದಾರರ ವೇದಿಕೆ,1981,ಉಡುಪಿ,ಬಳಕೆದಾರರ ವೇದಿಕೆ,,ಪಾಕ್ಷಿಕ,ಕನ್ನಡ,,
800,ಅಂಗವಿಕಲ ಸಹೋದರ,1981,ಉಡುಪಿ,ಕರ್ನಾಟಕ ಅಂಗವಿಕಲರ ಅಭಿವೃದ್ಧಿ ಸಂಸ್ಥೆ,ಬಿ ಅದೇ ಮಲ್ಪೆ,,ಕನ್ನಡ,,
801,ಸಾರ್ವಜನಿಕ,1982,ಬೀದರ್,ಗಂಧರ್ವ ಸೇನೆ,ಗಂಧರ್ವ ಸೇನೆ,ದೈನಿಕ,ಕನ್ನಡ,,
802,ಉತ್ತರ ಕರ್ನಾಟಕ,1982,ಬೀದರ್,ಶಿವ ಶರಣಪ್ಪ ವಾಲಿ,ಶಿವ ಶರಣಪ್ಪ ವಲಿ/ ಅರವಿಂದ ಎಸ್.ವಲಿ/ ರಜನೀತ್ ವಲಿ,ದೈನಿಕ,ಕನ್ನಡ,,
803,ಹಳ್ಳಿಯ ಸಂದೇಶ,1982,ಬೆಳಗಾವಿ,ಪಿ ವಿಜಯ್ ಕುಮಾರ್,ಪಿ ವಿಜಯ್ ಕುಮಾರ್ / ಉಮ್ಮೇಶ್ವರಿ ಅಶೋಕ ಹಲಕಿ,ದೈನಿಕ,ಕನ್ನಡ,,
804,ಕಲಿಯುಗ,1982,ಬೆಳಗಾವಿ,ಅಶೋಕ ಪಾಟೀಲ,ಅಶೋಕ ಪಾಟೀಲ,ಸಾಪ್ತಾಹಿಕ,ಕನ್ನಡ,,
805,ಯೋಗೇಶ,1982,ಬೆಳಗಾವಿ,ಎಸ್ ಜಗದಾಳ,ಎಸ್ ಜಗದಾಳ,ಸಾಪ್ತಾಹಿಕ,ಕನ್ನಡ,,
806,ಹೊಸಪೇಟೆ ಟೈಮ್ಸ್,1982,ಹೊಸಪೇಟೆ,ಎಸ್. ಎಂ ಪ್ರಕಾಶ್,ಎಸ್. ಎಂ ಪ್ರಕಾಶ್,ದೈನಿಕ,ಕನ್ನಡ,,
807,ತುಂಗಭದ್ರಾ,1982,ಬಳ್ಳಾರಿ,,ಸಿ.ಎಸ್ ಕುಲಕರ್ಣಿ/ಜಯಕೃಷ್ಣಮೂರ್ತಿ ವೈ,ದೈನಿಕ,ಕನ್ನಡ,,
808,ಅಂಬಿಕಾಪತಿ,1982,ಬೆಂಗಳೂರು,ಆರ್ ವಿ ನಾಗರಾಜ,ಆರ್ ವಿ ನಾಗರಾಜ,ಪಾಕ್ಷಿಕ,ಕನ್ನಡ,,
809,ಚಿತ್ರ ಸೌಧ,1982,ಬೆಂಗಳೂರು,,ಎ.ಯರ್ರಿಸ್ವಾಮಿ,ಮಾಸಿಕ,ಕನ್ನಡ,"1970-71,Edi: CG Hampanna",
810,ಚುನಾವಣೆ,1982,ಬೆಂಗಳೂರು,ಕೆ ಸಂಪತ್ ಕುಮಾರ್,ಟಿ.ಆರ್.ಪುರುಷಂ ರಾಜು,ಮಾಸಿಕ,ಕನ್ನಡ,,
811,ಕಾರ್ಪೋರೇಷನ್ ಕಿಂಗ್,1982,ಬೆಂಗಳೂರು,ಬಿ ವೆಂಕಟಾಚಲಾಯಿ,ಬಿ ವೆಂಕಟಾಚಲಾಯಿ,,ಕನ್ನಡ,,
812,ದೀಪ,1982,ಬೆಂಗಳೂರು,ಎಚ್.ಕೆ.ಬಸವರಾಜು,ಎಚ್.ಕೆ.ಬಸವರಾಜು,,ಕನ್ನಡ,,
813,ಹಂತ,1982,ಬೆಂಗಳೂರು,ಎ ವೆಂಕಟಲಕ್ಷ್ಮಯ್ಯ,ಎ ವೆಂಕಟಲಕ್ಷ್ಮಯ್ಯ,ಪಾಕ್ಷಿಕ,ಕನ್ನಡ,,
814,ಹಯಗ್ರೀವ,1982,ಬೆಂಗಳೂರು,,ಕೆ ಅನಂತಮೂರ್ತಿ,ಮಾಸಿಕ,ಕನ್ನಡ,,
815,ಹೆಲೋ ಸಿನಿಸ್ಟಾರ್,1982,ಬೆಂಗಳೂರು,ವರಲಕ್ಷ್ಮಿ,ವರಲಕ್ಷ್ಮಿ,ಸಾಪ್ತಾಹಿಕ,ಕನ್ನಡ,,
816,ಇಂಚರ,1982,ಬೆಂಗಳೂರು,,ಜಿ ಕೆ ಅನಂತ್ ರಾಮ್,,ಕನ್ನಡ,,
817,ಖಾವಿ ಖಾಕಿ ಖಾದಿ,1982,ಬೆಂಗಳೂರು,,ವಿ ವೆಂಕಟೇಶ್,,ಕನ್ನಡ,,
818,ಕಲ್ಲು ಸಕ್ಕರೆ,1982,ಬೆಂಗಳೂರು,ಎಂ ಎಸ್ ಲಖಣ್ಣ,ಎಂ ಎಸ್ ಲಖಣ್ಣ,ಮಾಸಿಕ,ಕನ್ನಡ,,1981
819,ಕನ್ನಡ ಜ್ಯೋತಿ,1982,ಬೆಂಗಳೂರು,,ಎಂ ಬೋರಯ್ಯ,ಮಾಸಿಕ,ಕನ್ನಡ,"1937-38, Pub: B satyanarayan sharma, Edi: B L Muniyappa","1968, B Satyanara yana Sharma"
820,ಕನ್ನಡ ಕಣ್ಮಣಿ,1982,ಬೆಂಗಳೂರು,ಗೋವಿಂದಹಳ್ಳಿ ದೇವೇಗೌಡ,ಗೋವಿಂದಹಳ್ಳಿ ದೇವೇಗೌಡ,ಮಾಸಿಕ,ಕನ್ನಡ,,
821,ಮದರ್ ವಾಣಿ,1982,ಬೆಂಗಳೂರು,ಎಸ್ ಐ ಅಂತೋನಿರಾಜ್,ಎಸ್ ಐ ಅಂತೋನಿರಾಜ್,,ಕನ್ನಡ,,
822,ನಂದ ಗೋಕುಲ,1982,ಬೆಂಗಳೂರು,,ಕೆ. ಶ್ರೀನಿವಾಸನ್,ಮಾಸಿಕ,ಕನ್ನಡ,,
823,ರನ್ನ ಪಂಪರ ಸಾಹಿತ್ಯ,1982,ಬೆಂಗಳೂರು,ರಾಜಲಕ್ಷ್ಮಿ,ರಾಜಲಕ್ಷ್ಮಿ,ಮಾಸಿಕ,ಕನ್ನಡ,,
824,ರಿಷಿ ಸಂಸ್ಕೃತಿವಾಣಿ,1982,ಬೆಂಗಳೂರು,ಎಂ ಆರ್ ರವಿಶಂಕರ್,ಶಹನಾಜ್ ತಾನೋಲ,ಮಾಸಿಕ,ಕನ್ನಡ,,
825,ಸುಂದರಬವಾನಿ,1982,ಬೆಂಗಳೂರು,ಆರ್.ಶಾಂತಮ್ಮ,ಆರ್.ಶಾಂತಮ್ಮ,ಮಾಸಿಕ,ಕನ್ನಡ,,
826,ತಿಮ್ಮೇಶ್ ಪತ್ರಿಕೆ,1982,ಬೆಂಗಳೂರು,ಬಿ.ಪಿ .ತಿಮ್ಮಪ್ಪ,ಬಿ.ಪಿ .ತಿಮ್ಮಪ್ಪ,ಮಾಸಿಕ,ಕನ್ನಡ,,
827,ಉದ್ಯೋಗ ಮಾಹಿತಿ,1982,ಬೆಂಗಳೂರು,,,ಪಾಕ್ಷಿಕ,ಕನ್ನಡ,,
828,ಮಿಂಚು,1982,ಚಿಕ್ಕಮಗಳೂರು,ಸಿರಿಮನೆ ನಾಗರಾಜು,ಸಿರಿಮನೆ ನಾಗರಾಜು,ಸಾಪ್ತಾಹಿಕ,ಕನ್ನಡ,,
829,ವೆಂಕಟೇಶ್ ಪತ್ರಿಕೆ,1982,ಚಿಕ್ಕಮಗಳೂರು,ಬಾಪೂಜಿ ಜನವಿಕಾಸ ಪ್ರತಿಷ್ಠಾನ,ಎ.ಆರ್ ವೆಂಕಟೇಶ್ ಮೇಷ್ಟ್ರು,ಸಾಪ್ತಾಹಿಕ,ಕನ್ನಡ,,
830,ನಾಯಕಮಣಿ,1982,ಚಿತ್ರದುರ್ಗ,ಟಿ ಎನ್ ಗಂಡುಗಲಿ,ಟಿ ಎನ್ ಗಂಡುಗಲಿ,ಪಾಕ್ಷಿಕ,ಕನ್ನಡ,,1981
831,ಸೌರಭ್,1982,ದಾವಣಗೆರೆ,,ಎಂ ಎಸ ಶಿವಣ್ಣ,ಸಾಪ್ತಾಹಿಕ,ಕನ್ನಡ,,
832,ಸಂಬಂಧಿಕರು,1982,ಧಾರವಾಡ,,ಅರವಿಂದ್ ಆರ್ಯ,ಪಾಕ್ಷಿಕ,ಕನ್ನಡ,,
833,ಅವಳಿ ನಗರ ಮಾರ್ಗದರ್ಶಿ,1982,ಧಾರವಾಡ,,,ಪಾಕ್ಷಿಕ,ಕನ್ನಡ,,
834,ಆಚಾರ,1982,ಮಂಗಳೂರು,ಎಸ್.ಎನ್.ತಾಂಡೇಲ/ಗಂಗಾಧರ ಶಾಸ್ತ್ರಿ ನಾಜಗಾರ,,ಸಾಪ್ತಾಹಿಕ,ಕನ್ನಡ,,
835,ಅಭ್ಯುಧಯ,1982,ಮಂಗಳೂರು,ಕರ್ನಾಟಕ ಬ್ಯಾಂಕ್ ಲಿಮಿಟೆಡ್,,ತ್ರೈಮಾಸಿಕ,ಕನ್ನಡ,,
836,ಕಿರಣ್‌ಗೆ ಕರೆ ಮಾಡಿ,1982,ದಕ್ಷಿಣಕನ್ನಡ,ಇಂಟೆಲೆಕ್ಟ್ ಪೆರಿಯರ್ ಮತ್ತು ಇತರರು.,ಇಂಟೆಲೆಕ್ಟ್ ಪೆರಿಯರ್ ಮತ್ತು ಇತರರು.,ಪಾಕ್ಷಿಕ,ಕೊಂಕಣಿ,,
837,ಮಲೆನಾಡ ಮಲ್ಲಿಗೆ,1982,ಮಂಗಳೂರು,ಬಿ ಹುಸೇನ್,ಬಿ ಹುಸೇನ್,ಸಾಪ್ತಾಹಿಕ,ಕನ್ನಡ,,
838,ಮಂಗಳೂರು ಮಾರುಕಟ್ಟೆ ವರದಿಗಳು,1982,ಮಂಗಳೂರು,,,ದೈನಿಕ,ಇಂಗ್ಲೀಷ್,,
839,ಮಜ್ದೂರ್ ವಾರ್ತಾ,1982,ಮಂಗಳೂರು,ಭಾರತೀಯ ಮಜ್ದೂರ್ ಹಾಡು,,ಮಾಸಿಕ,ಕನ್ನಡ,,
840,ಮೈಸೂರು ಪ್ರಜೆ,1982,ಮೈಸೂರು,ಕೆ ಎಸ್ ಶ್ರೀರಂಗರಾಜು,ಕೆ ಎಸ್ ಶ್ರೀರಂಗರಾಜು,ಸಾಪ್ತಾಹಿಕ,ಕನ್ನಡ,,
841,ಶ್ರೀ ರಾಘವೇಂದ್ರ,1982,ಮೈಸೂರು,ಸಿ ಆರ್ ಬಸವರಾಜ್,ಸಿ ಆರ್ ಬಸವರಾಜ್,ಸಾಪ್ತಾಹಿಕ,ಕನ್ನಡ,,
842,ವಿಪ್ರ ಪತ್ರ,1982,ಮೈಸೂರು,ಕೆ ಶಿವಯ್ಯ:,ಕೆ ಶಿವಯ್ಯ:,ಸಾಪ್ತಾಹಿಕ,ಕನ್ನಡ,,
843,ಜಯಪ್ರದಾ,1982,ಶಿವಮೊಗ್ಗ,ಡಿ ಮಂಜುನಾಥ್,ಎಂ.ಕೇಶವ ಮೂರ್ತಿ,ದೈನಿಕ,ಕನ್ನಡ,,1993
844,ರಾವ್ ಪತ್ರಿಕೆ,1982,ಸಾಗರ,ಜಿ ನಾರಾಯಣ ರಾವ್,ಜಿ ನಾರಾಯಣ ರಾವ್,ಸಾಪ್ತಾಹಿಕ,ಕನ್ನಡ,,
845,ತುಂಗಾ ವಾರ್ತೆ,1982,ತೀರ್ಥಹಳ್ಳಿ,ಡಿ ಎಸ್ ವಿಶ್ವನಾಥ ಶೆಟ್ಟಿ,ಡಿ ಎಸ್ ವಿಶ್ವನಾಥ ಶೆಟ್ಟಿ,ಸಾಪ್ತಾಹಿಕ,ಕನ್ನಡ,,
846,ಬಯಲು,1982,ಉಡುಪಿ,ಸುಧಾಕರ ಬಂಜೆ,ಸುಧಾಕರ ಬಂಜೆ,,ಕನ್ನಡ,,
847,ಗ್ರಾಮೀಣ ಬುಲೆಟಿನ್,1982,ಉಡುಪಿ,,,ಪಾಕ್ಷಿಕ,ಕನ್ನಡ/ ಇಂಗ್ಲೀಷ್,,
848,ಸುಲಗ್ನ,1982,ಕುಕ್ಕಿಕಟ್ಟೆ/ಉಡುಪಿ,ವಿವಾಹ ವಿಚಾರ ಸೇವಾ ವಿನಿಮಯ ಕೇಂದ್ರ,ಕೆ ಭೋಜ ರಾವ್,ಮಾಸಿಕ,ಕನ್ನಡ,,
849,ಉಡುಪೆಕ್ಸ್,1982,ಉಡುಪಿ,ಉಡುಪಿ ಅಂಚೆಚೀಟಿಗಳ ಅಸೋಸಿಯೇಷನ್,,,ಕನ್ನಡ,,
850,ರಾಣಾ ರಂಗ,1982,ವಿಜಾಪುರ,,ಎಂ ಜಿ ಸರವಾದ,ದೈನಿಕ,ಕನ್ನಡ,,
851,ದಗಲ್‍ಬಾಜಿ,1983,ರಬಕವಿ,ನೀಲಕಂಠ ವಿ ದಾತಾರ್,ನೀಲಕಂಠ ವಿ ದಾತಾರ್,ಸಾಪ್ತಾಹಿಕ,ಕನ್ನಡ,,
852,ಶಾಂತಿ ವಾಣಿ,1983,ಹೊಸಕೋಟೆ,ಜಿ ನಂಜುಂಡಪ್ಪ,ಜಿ ನಂಜುಂಡಪ್ಪ,ಸಾಪ್ತಾಹಿಕ,ಕನ್ನಡ,,
853,ರಾಜಕ ಪ್ರಕಾಶ,1983,ಬೆಳಗಾವಿ,ಎಂ ಎಲ್ ಭೋಸಲೆ,ಎಂ ಎಲ್ ಭೋಸಲೆ,ಪಾಕ್ಷಿಕ,ಕನ್ನಡ,,1982
854,ಭಾನುವಾರ,1983,ಬೆಳಗಾವಿ,ಅಶೋಕ ಚಂದ ರಾಗಿ,ಅಶೋಕ ಚಂದ ರಾಗಿ,ಸಾಪ್ತಾಹಿಕ,ಕನ್ನಡ,,
855,ಆರ್ಯ ಪ್ರತಿಭಾ,1983,ಬೆಂಗಳೂರು,ಮಾರಶ್ರೀ,ಮಾರಶ್ರೀ,ಮಾಸಿಕ,ಕನ್ನಡ,,
856,ಸಿನಿಮಾ ಸಮಸ್ಯೆ,1983,ಬೆಂಗಳೂರು,ಕೆ ಎಸ್ ಶಾಮಣ್ಣ,ಕೆ ಎಸ್ ಶಾಮಣ್ಣ,ಪಾಕ್ಷಿಕ,ಕನ್ನಡ,,
857,ಧರ್ಮ ಪ್ರಭಾ,1983,ಬೆಂಗಳೂರು,ಎ ಎನ್ ಪುಟ್ಟಣ್ಣ,ಲಂಕಾ ಕೃಷ್ಣಮೂರ್ತಿ / ಪಿ ಆರ್ ಮಹದೇವ,ಮಾಸಿಕ,ಕನ್ನಡ,,
858,ಗಮಕ ದುಂದುಭಿ,1983,ಬೆಂಗಳೂರು,ಎಂ ಆರ್ ಸತ್ಯನಾರಾಯಣ,,ತ್ರೈಮಾಸಿಕ,ಕನ್ನಡ,,
859,ಗಯಾನಾ ಸಾಮ್ರಾಜ್ಯ,1983,ಬೆಂಗಳೂರು,,,ಮಾಸಿಕ,ಕನ್ನಡ,,
860,ಸರೋವರಗಳು,1983,ಬೆಂಗಳೂರು,,ವೆಂಕಟ ಸುಬ್ಬಯ್ಯ,,(ದ್ವಿಭಾಷಿಕ),,
861,ಮೂಲ ಸೂತ್ರ,1983,ಬೆಂಗಳೂರು,ಡಾ. ರುಚಿ ನೋಡಿ,ಡಾ. ರುಚಿ ನೋಡಿ,ಮಾಸಿಕ,ಕನ್ನಡ/ ಇಂಗ್ಲೀಷ್,,
862,ಮುಂಜಾನೆ,1983,ಬೆಂಗಳೂರು,,ಎಸ್ ವಿ ಜಯಶೀಲ ರಾವ್,ದೈನಿಕ,ಕನ್ನಡ,,
863,ನಾದೋಪಾಸನೆ,1983,ಬೆಂಗಳೂರು,ಮಲ್ಲೇಶ್ವರಂ ಸಂಗೀತ: ಸಭಾ,,ಮಾಸಿಕ,ಕನ್ನಡ/ಇಂಗ್ಲೀಷ್/ಹಿಂದಿ,,
864,ಸಂಜೆ ವಾಣಿ,1983,ಬೆಂಗಳೂರು,,ಎಂ.ಷಣ್ಮುಗಂ,ದೈನಿಕ Evening,ಕನ್ನಡ,,
865,ಶಾಂತಿ ಸಮಾಧಾನ ವಾಣಿ,1983,ಬೆಂಗಳೂರು,ಜಿ.ನಂಜುಂಡಪ್ಪ,ಜಿ.ನಂಜುಂಡಪ್ಪ,ಸಾಪ್ತಾಹಿಕ,ಕನ್ನಡ,,
866,ಶರಣ ಧರ್ಮ ಸಾಹಿತ್ಯ,1983,ಬೆಂಗಳೂರು,ವಿ ಸತ್ಯನಾರಾಯಣ ರಾವ್,ವಿ ಸತ್ಯನಾರಾಯಣ ರಾವ್,ತ್ರೈಮಾಸಿಕ,ಕನ್ನಡ,,
867,ಸುಖೀ ರಾಜ್ಯ,1983,ಬೆಂಗಳೂರು,ಕೆ.ಕೃಷ್ಣಪ್ಪ,ಕೆ.ಕೃಷ್ಣಪ್ಪ,ಸಾಪ್ತಾಹಿಕ,ಕನ್ನಡ,,
868,ಭರವಸೆ ನೀಡುತ್ತಿದೆ,1983,ಹುಬ್ಬಳ್ಳಿ,,ಶಿವಯೋಗಿ ಹಳಕೊಪ್ಪ / ಶಿವರಾಜ ವಿ ಹಳಕೊಪ್ಪ,ಸಾಪ್ತಾಹಿಕ,ಕನ್ನಡ,,
869,ಗ್ರಾಮ ಖಾತೆ,1983,ಮಂಗಳೂರು,ಎಂ ಕಮಲೇಶ್,ಕೆ ಆರ್ ನಾಥ್,ಪಾಕ್ಷಿಕ,ಕನ್ನಡ,,
870,ಲೋಕ ದ್ವಾನಿ,1983,ಶಿರಸಿ/ಮಂಗಳೂರು,ಎಸ್.ಬಿ.ಹಿರೇಮಠ,ಅಶೋಕ್ ಕಾಮಿಡಿ,ದೈನಿಕ,ಕನ್ನಡ,,
871,ಸಂಬಂಧ,1983,ಮಂಗಳೂರು,ಎಸ್ ಎ ಎನ್ ಸಂಘ,ಬಿ ಎಸ್ ಭಂಡಾರಿ,ಮಾಸಿಕ,ಕನ್ನಡ,,
872,ಜೀವ ಬಗ್ಗೆ,1983,ಗದಗ,ಸ್ಟೀಫನ್ ವೈ ಬನ್ನಾ,ಸ್ಟೀಫನ್ ವೈ ಬನ್ನಾ,ಮಾಸಿಕ,ಕನ್ನಡ,,
873,ಬಾಯಿ ಮುಚ್ಚು,1983,ಹಾವೇರಿ,ವಿ.ಎಸ್.ಕಶೆಟ್ಟಿ,ವಿಎಸ್ ಕಶೆಟಿ/ ಅಶೋಕ್ ವಿ ಕಶೆಟಿ,ದೈನಿಕ,ಕನ್ನಡ,,
874,ಬಹಮನಿ ನ್ಯೂಸ್,1983,ಕಲಬುರ್ಗಿ,ಅಜೀಜುಲ್ಲಾ ಸರ್ಮಸ್ತ್,ಅಜೀಜುಲ್ಲಾ ಸರ್ಮಸ್ತ್,ದೈನಿಕ,ಉರ್ದು,,
875,ನಾದನುಡಿ,1983,ಗಂಗಾವತಿ,ವಿ ಎಸ್ ಪಾಟೀಲ್,ಟಿ ಎಸ್ ಪಾಟೀಲ್/ವಿ ಎಸ್ ಪಾಟೀಲ್,ದೈನಿಕ,ಕನ್ನಡ,,
876,ನಾದ ಜ್ಯೋತಿ,1983,ನಂಜನಗೂಡು,ದಾಸನೂರು ಗುರುನಾಜರಾದ್ಯ,ದಾಸನೂರು ಗುರುನಾಜರಾದ್ಯ,ಸಾಪ್ತಾಹಿಕ,ಕನ್ನಡ,,1991
877,ನವದ್ವನಿ,1983,ಮೈಸೂರು,ಎಸ್. ಎಲೆ ಭಿರ್ಮನ್,ಎಸ್. ಎಲೆ ಭಿರ್ಮನ್,ದೈನಿಕ,ಕನ್ನಡ,,
878,ಜನ ಹಿತ,1983,ಶಿವಮೊಗ್ಗ,ಫ್ಯಾಮಿಲಿ ಪ್ಲಾನಿಂಗ್ ಅಸೋಸಿಯೇಷನ್ ​​ಆಫ್ ಇಂಡಿಯಾ,ಸಿ ವಿ ರಾಘವೇಂದ್ರ ರಾವ್,ತ್ರೈಮಾಸಿಕ,ಕನ್ನಡ,,
879,ಲಯನ್ಸ್ ಕ್ಲಬ್ ಆಫ್ ಜೋಗ್ಫಾಲ್ಸ್,1983,ಹೊಸನಗರ,ಲಯನ್ಸ್ ಕ್ಲಬ್ ಜೋಗ್ಫಾಲ್ಸ್,,ತ್ರೈಮಾಸಿಕ,ಕನ್ನಡ,,
880,ನಕೌರ ಬಂಧು,1983,ಶಿವಮೊಗ್ಗ,ಶಿವಮೊಗ್ಗ ಜಿಲ್ಲಾ ಖಾಸಗಿ ನೌಕರರ ಸಂಘ,ಎಸ್ ದತ್ತಾತ್ರಯ,ಮಾಸಿಕ,ಕನ್ನಡ,,
881,ತುಮಕೂರು ವಾರ್ತೆ,1983,ತುಮಕೂರು,ಎಚ್ ಎಸ್ ರಮ್ಮಣ್ಣ,ಎಚ್ ಎಸ್ ರಮ್ಮಣ್ಣ,ದೈನಿಕ,ಕನ್ನಡ,,
882,ಆಶಾ ಜ್ಯೋತಿ,1983,ಉಡುಪಿ/ಕಾರ್ಕಳ,ದೀಪಕ್ ಪ್ರಕಾಶನ,ಶ್ರೀ ಪದ್ಮನಾಭ ಹೆಬ್ರಿ/ ಕೆ ಎಂ ಜಿ ಹುಸೇನ್,ಸಾಪ್ತಾಹಿಕ,ಕನ್ನಡ,"1954, Mulki, Ediot - A M N Kamatha, Monthly",
883,ಲೋಕದ್ವನಿ,1983,ಶಿರಸಿ,,ಎಸ್ ಬಿ ಹಿರೇಮಠ / ಉಮೇಶ,ದೈನಿಕ,ಕನ್ನಡ,,
884,ಭೀಕರ,1983,ವಿಜಯಪುರ,ಲೋಕೇಶ ನಾಗತಂ,ಲೋಕೇಶ ಎನ್‌ಬಹಗಾಥನ್/ ವೈ ಟಿ ನಾಗಠನ್,ದೈನಿಕ,ಕನ್ನಡ,,
885,ಜಮ್ಮ ನಂಗಡ,1983/ 1987,ಕೊಡಗು,,,ಸಾಪ್ತಾಹಿಕ,ಕೊಡವ,,1980
886,ಮೂಲಕ,1983,ವಿಜಯಪುರ,,ಗುರಣ್ಣ ಚಾವಿ,ಸಾಪ್ತಾಹಿಕ,ಕನ್ನಡ,,
887,ಕರ್ನಾಟಕ ಕೇಂದ್ರ,1984,ಬೆಂಗಳೂರು,,ಕೆ.ಎಲ್.ವೆಂಕಟೇಶ್,,ಕನ್ನಡ,,
888,ಕೆಂಪು ತಾರೆ,1984,ಬೆಂಗಳೂರು,,,ಮಾಸಿಕ,ಕನ್ನಡ,,1978
889,ಮಂಗಳಾ,1984,ಬೆಂಗಳೂರು,,ಬಾಬು ಕೃಷ್ಣಮೂರ್ತಿ/ ಎಂಸಿವಿ ಈಗೀಸ್,ಸಾಪ್ತಾಹಿಕ,ಕನ್ನಡ,,
890,ತ್ಯಗತನ,1984,ಬೆಂಗಳೂರು,ಶ್ರೀನಿವಾಸ್,ಶ್ರೀನಿವಾಸ್,ಮಾಸಿಕ,ಕನ್ನಡ,,
891,ವಾರ ಪತ್ರಿಕೆ,1984,ಬೆಂಗಳೂರು,ಬಿ.ವಿ. ವೈಕುಂಠರಾಜ,ಬಿ.ವಿ. ವೈಕುಂಠರಾಜ,ಸಾಪ್ತಾಹಿಕ,ಕನ್ನಡ,,
892,ವೀರ ಹನುಮಾನ್,1984,ಬೆಂಗಳೂರು,ಎಚ್ ವಿ ಲಕ್ಷ್ಮೀನಾರಾಯಣ,ಎಚ್ ವಿ ಲಕ್ಷ್ಮೀನಾರಾಯಣ,ಮಾಸಿಕ,ಕನ್ನಡ,,
893,ವಿಮೋಚನ ವಾರ್ತಪತ್ರ,1984,ಬೆಂಗಳೂರು,ಸಿ. ಶ್ರೀನಿವಾಸರಾಜು,ಎಚ್.ಎಸ್. ರಾಜೇಶ್ವರಿ,,ಕನ್ನಡ,,
894,ವಿಮುಕ್ತಿ,1984,ಬೆಂಗಳೂರು,ಬಿ ಎಸ್ ವೆಂಕಟರಾಮ,ಬಿ ಎಸ್ ವೆಂಕಟರಾಮ,ತ್ರೈಮಾಸಿಕ,ಕನ್ನಡ,,
895,ಕಡೂರು ಪತ್ರಿಕೆ,1984,ಕಡೂರು/ಚಿಕ್ಕಮಗಳೂರು,ಎಚ್ ವಿ ರಾಮಪ್ಪ,ಎಚ್ ವಿ ರಾಮಪ್ಪ,ಪಾಕ್ಷಿಕ,ಕನ್ನಡ,,
896,ಸ್ವಾತಿ,1984,ಚಿಕ್ಕಮಗಳೂರು,ಚಂದ್ರಯ್ಯ,ಚಂದ್ರಯ್ಯ,ಸಾಪ್ತಾಹಿಕ,ಕನ್ನಡ,,
897,ಚಂಡ್ರಾಯ್ದ್ದ್ಬೀ ಧ್ವನಿಯ,1984,ಹುಬ್ಬಳ್ಳಿ/ಧಾರವಾಡ,,,ಸಾಪ್ತಾಹಿಕ,ಕನ್ನಡ,,
898,ಕಾವಿನಾಡು,1984,ಹುಬ್ಬಳ್ಳಿ/ಧಾರವಾಡ,,ಬಸವರಾಜ ಹನಗುಂಡಿ,ಸಾಪ್ತಾಹಿಕ,ಕನ್ನಡ,,
899,ಆರಕ್ಷಕ ವಾಣಿ ೧,1984,ದಕ್ಷಿಣಕನ್ನಡ,ಎಂ ರಾಘವ ಪುರುಷ,,ಸಾಪ್ತಾಹಿಕ,ಕನ್ನಡ,,
900,ಆಶಾ ಜ್ಯೋತಿ,1984,ಕಾರ್ಕಳ/ದಕ್ಷಿಣಕನ್ನಡ,ಶ್ರೀ ಪದ್ಮನಾಭ ಹೆಬ್ರಿ,ಶ್ರೀ ಪದ್ಮನಾಭ ಹೆಬ್ರಿ,ಸಾಪ್ತಾಹಿಕ,ಕನ್ನಡ,,1947
901,ಭೂಲೋಕ,1984,ಬೆಳ್ತಂಗಡಿ/ದಕ್ಷಿಣಕನ್ನಡ,ಎಸ್ ಅಬ್ದುಲ್ಲಾ,ಎಸ್ ಅಬ್ದುಲ್ಲಾ,ತ್ರೈಮಾಸಿಕ,ಕನ್ನಡ,,
902,ಕಾಕೋಟಕ,1984,ಪುತ್ತೂರು/ದಕ್ಷಿಣಕನ್ನಡ,ಶೇಕ್ ಇಸಾಕ್,ಶೇಕ್ ಇಸಾಕ್,ಸಾಪ್ತಾಹಿಕ,ಕನ್ನಡ,,
903,ಶಿಕ್ಷಣ ರಂಗ,1984,ದಕ್ಷಿಣಕನ್ನಡ,"ಕರ್ನಾಟಕ ರಾಜ್ಯ
 ಪ್ರಥಮಿಕ ಶಾಲಾ ಅಧ್ಯಾಪಕರ ಪರಿಷತ್ತು",ಶಂಕರ ನಾರಾಯಣ ಸುಳ್ಯ,ಮಾಸಿಕ,ಕನ್ನಡ,,
904,ತುಳುವೆರ್,1984,ಮಂಗಳೂರು,ಎಮ್ ಬಿ ಸಾಮಗ,ಎಮ್ ಬಿ ಸಾಮಗ,ಮಾಸಿಕ,ತುಳು,,
905,ಕಾವಿನಾಡು,1984,ಗದಗ,,ಬಸವರಾಜ ಹುನಗುಂದ,ಸಾಪ್ತಾಹಿಕ,ಕನ್ನಡ,,
906,ತೊಗತ್ವೀರ್ ಧರ್ಮಚಂದ್ರಿಕೆ,1984,ರಾಣೆಬೆನ್ನೂರು,,ಸಂಜೀವಪ್ಪ ತೊಗಟವೀರ,ಮಾಸಿಕ,ಕನ್ನಡ,,
907,ಭಾಗ್ಯ ಕಿರಣ,1984,ಕಲಬುರ್ಗಿ,,ವೀರಣ್ಣ ಮಡಿವಾಳ,ದೈನಿಕ,ಕನ್ನಡ,,
908,ಜ್ಯೋತಿಷ್ಯ ಸುಧಾ,1984,ಕಲಬುರ್ಗಿ,,ಆರ್.ಗುರುರಾಜ ಉಜ್ಜಯಿನಿ/ ಆರ್ ಎಂ ಉಜ್ಜೈನಿ,ತ್ರೈಮಾಸಿಕ,ಕನ್ನಡ,,
909,ಕೊಳಲು,1984,ಮಂಡ್ಯ,ಡಿ.ಎನ್.ಶ್ರೀಪಾದು,ಧನಂಜಯ್ ಪ್ರಿಂಟಿಂಗ್ ಪ್ರೆಸ್,ಸಾಪ್ತಾಹಿಕ,ಕನ್ನಡ,,
910,ದಾರಿ ಬೆಳಕು,1984,ಪಿರಿಯಪಟ್ನ,ಕಂಪ್ಲಾಪುರ ಮೋಹನ್,ಕಂಪ್ಲಾಪುರ ಮೋಹನ್,ಸಾಪ್ತಾಹಿಕ,ಕನ್ನಡ,,1982
911,ಕರ್ನಾಟಕ ಮುನ್ನಡೆ,1984,ಶಿವಮೊಗ್ಗ,ಸಿ ಎಸ್ ಪದ್ಮನಾಬ್,ಸಿ ಎಸ್ ಪದ್ಮನಾಬ್/ಸುಬೀರ್ ಹರಿಸಿಂಗ್,ಪಾಕ್ಷಿಕ,ಕನ್ನಡ,,
912,ವಿಕಾಸಪಥ,1984,ಶಿವಮೊಗ್ಗ,ಆರೋಗ್ಯ ವಿಕಾಸ ಪ್ರಕಲ್ಪ,,ತ್ರೈಮಾಸಿಕ,ಕನ್ನಡ,,
913,ಪರಂಪರಾಗತ ವೈದ್ಯ,1984,ಉತ್ತರಕನ್ನಡ,ಪರಂಪರಾಗತ ವೈದ್ಯ ಕೇಂದ್ರ,ಜಿ.ಪಿ.ಭಟ್ಟ ಮುದಗುಣಿ,ಮಾಸಿಕ,ಕನ್ನಡ,,
914,ಸಹ್ಯಾದ್ರಿ ಪರಿಸರ ಪಾತ್ರ,1984,ಶಿರಸಿ,,,ತ್ರೈಮಾಸಿಕ,ಕನ್ನಡ,,
915,ಕನ್ನಡ ಕೋಗಿಲೆ,1984,ವಿಜಯಪುರ,ಸರೋಜಿನಿ ಬಿ ಕುಲಕರ್ಣಿ,ಸರೋಜಿನಿ ಬಿ ಕುಲಕರ್ಣಿ,ದೈನಿಕ,ಕನ್ನಡ,,
916,ವೀರ ವಾಣಿ,1984,ವಿಜಯಪುರ,ಜಗದೀಶ್ ಜಿ ನಾಗತಾನ್,ಗಣೇಶ್ ವೈ ನಾಗತಾನ್/ ಜಗದೀಶ್ ಜಿ ನಾಗತಾನ್,ದೈನಿಕ,ಕನ್ನಡ,,
917,ದೇಸಾಯಿ ವಾರ್ತ,1985,ಬಾಗಲಕೋಟೆ,,ಅಶೋಕ್ ದೇಸಾಯಿ,ಸಾಪ್ತಾಹಿಕ,ಕನ್ನಡ,,
918,ಮೂಲಕ,1985,,,,ಸಾಪ್ತಾಹಿಕ,ಕನ್ನಡ,,
919,ಮಣ್ಣಿನ ಮಗ,1985,ದೊಡ್ಡಬಳ್ಳಾಪುರ,ಕೆಂಪಮ್ಮ,ಕೆಂಪಮ್ಮ,ಸಾಪ್ತಾಹಿಕ,ಕನ್ನಡ,,
920,ಬೆಳಗಾವಿ ಸಿರಿನದು,1985,ಬೆಳಗಾವಿ,ಸುರೇಶ ಎಸ್ ತೊಪ್ಪನ್ನವರು,ಸುರೇಶ ಎಸ್ ತೊಪ್ಪನ್ನವರು,ದೈನಿಕ,ಕನ್ನಡ,,
921,ಹಸಿರು ಕ್ರಾಂತಿ,1985,ಬೆಳಗಾವಿ,ಸಂಪತ್ಕುಮಾರ್ ಕೆ ಮುಚಳಂಬಿ,ಕಲ್ಯಾಣ್ ರಾವ್ ಮುಚಳಂಬಿ/ ಸಂಪತ್ಕುಮಾರ್ ಕೆ ಮುಚಳಂಬಿ,ದೈನಿಕ,ಕನ್ನಡ,,
922,ಅಲಂಕಾರ್,1985,ಬೆಂಗಳೂರು/ಬೆಳಗಾವಿ,ಎಂ ಎನ್‌ ಸೋಮಶೇಖರ್,ಎಂ ಎನ್‌ ಸೋಮಶೇಖರ್,,ಕನ್ನಡ,,
923,ಅನ್ವೇಷಣೆ,1985,ಬೆಂಗಳೂರು,ಆರ್.ಜಿ. ಹಳ್ಳಿ ನಾಗರಾಜ್,ಆರ್.ಜಿ. ಹಳ್ಳಿ ನಾಗರಾಜ್,ತ್ರೈಮಾಸಿಕ,ಕನ್ನಡ,,
924,ಅರ್ಪಿತಾ,1985,ಬೆಂಗಳೂರು,,ಬಿ ಪಿ ಸಣ್ಣಪ್ಪ,ಪಾಕ್ಷಿಕ,ಕನ್ನಡ,,
925,ಬೆಂಗಳೂರು,1985,ಬೆಂಗಳೂರು,ರಾಧಾ ಕುಮಾರ್,ರಾಧಾ ಕುಮಾರ್,ಮಾಸಿಕ,ಕನ್ನಡ,,
926,ಬ್ರಹ್ಮತೇಜ,1985,ಬೆಂಗಳೂರು,ಎಸ್ ವೆಂಕಟ ರಾಮಯ್ಯ,ಎಸ್ ವೆಂಕಟ ರಾಮಯ್ಯ,ಮಾಸಿಕ,ಕನ್ನಡ,,
927,ಬುದ್ಧಿ ಬ್ರಾಹ್ಮಣ,1985,ಬೆಂಗಳೂರು,ಪದ್ಮಾವತಿ,ಪದ್ಮಾವತಿ,ಮಾಸಿಕ,ಕನ್ನಡ,,
928,ಮಹಾ ನಂದಿ,1985,ಬೆಂಗಳೂರು,ಎಚ್ ಸಿ ಬಸವಣ್ಣ,ಎಚ್ ಸಿ ಬಸವಣ್ಣ,ದೈನಿಕ,ಕನ್ನಡ,,
929,ನಮ್ಮ ನಾಡು,1985,ಬೆಂಗಳೂರು,ಎಂಡಿ ನಂಜುಂಡಸ್ವಾಮಿ,ಎಂಡಿ ನಂಜುಂಡಸ್ವಾಮಿ,ಸಾಪ್ತಾಹಿಕ,ಕನ್ನಡ,"1970-79, Pub & Edi: K M Sampangirama iah",1970
930,ಪೊಲೀಸ್ ಸುದ್ದಿ,1985,ಬೆಂಗಳೂರು,ಎಂ ರಾಹುಲ್,ಮಲ್ಲಿಕಾರ್ಜುನಯ್ಯ / ಎಂ ರಾಹುಲ್,ಸಾಪ್ತಾಹಿಕ,ಕನ್ನಡ,,
931,ರಾಜು ಪತ್ರಿಕೆ,1985,ಬೆಂಗಳೂರು,ಬಿ.ವಿ.ವೈಕುಂಟಾ ರಾಜು,ಬಿ.ವಿ.ವೈಕುಂಟಾ ರಾಜು,,ಕನ್ನಡ,,1983
932,ಸಾರಿಗೆ ಸಂಪದ,1985,ಬೆಂಗಳೂರು,ಕೆ.ಎಸ್.ಆರ್.ಟಿ.ಸಿ,,ಮಾಸಿಕ,ಕನ್ನಡ,,
933,ಸ್ಪೈ,1985,ಬೆಂಗಳೂರು,ಕೆ ಶ್ರೀನಿವಾಸ್,ಕೆ ಶ್ರೀನಿವಾಸ್,ಮಾಸಿಕ,ಕನ್ನಡ,,
934,ಸಂವಾದಕ ವಾರ್ತೆ,1985,ಬೆಂಗಳೂರು,ಎಸ್ ನಾಗಭೂಷಣ್,ಎಸ್ ನಾಗಭೂಷಣ್,ಪಾಕ್ಷಿಕ,ಕನ್ನಡ,,
935,ವಿಶೇಷ ವಾಣಿ,1985,ಬೆಂಗಳೂರು,,ಡಾ.ಎಂ.ಎನ್.ಬಾಬುಬೇಗ್,ಮಾಸಿಕ,ಕನ್ನಡ,,
936,ಯೋಜನ,1985,ಬೆಂಗಳೂರು,"ಮಾಹಿತಿ ಮತ್ತು ಪ್ರಸಾರ ಸಚಿವಾಲಯ, GOI",ಎಂ.ಜಿ.ಪಕರ್ಸಿ/ಎಂ.ಜಿ.ರವೀಂದ್ರ,ಮಾಸಿಕ,ಕನ್ನಡ,,
937,ಒಕ್ಕಲಿಗರ ವಾರ್ತೆ,1985,ಬೆಂಗಳೂರು,,ವಿ ಅಂಜನಪ್ಪ,ಪಾಕ್ಷಿಕ,ಕನ್ನಡ,,
938,ಕ್ರಾಂತಿದೀಪ,1985,ಚಿಕ್ಕಬಳ್ಳಾಪುರ,ಎನ್.ಮಂಜುನಾಥ್,ಎನ್.ಮಂಜುನಾಥ್,ದೈನಿಕ,ಕನ್ನಡ,,
939,ಮೇಘಾ ವಾರ್ತೆ,1985,ತರಿಕೆರೆ,ಮನೆವಾರ್ತೆ ಚಂದ್ರಶೇಖರ್,ಮನೆವಾರ್ತೆ ಚಂದ್ರಶೇಖರ್,ಸಾಪ್ತಾಹಿಕ,ಕನ್ನಡ,,
940,ರಾಷ್ಟ್ರವಾಣಿ 1,1985,ಚಿಕ್ಕಮಗಳೂರು,ಎಂ.ಸಿ.ರವಿಶಂಕರ್,ಎಂ.ಸಿ.ರವಿಶಂಕರ್,ಸಾಪ್ತಾಹಿಕ,ಕನ್ನಡ,,
941,ದಾವಣಗೆರೆ ಭುವನೇಶ್ವರಿ,1985,ದಾವಣಗೆರೆ,,ಎನ್ ಬಿ ರುದ್ರಮುನಿ,ದೈನಿಕ,ಕನ್ನಡ,,
942,ಗ್ರಾಮ ಕೂಗು,1985,ದಾವಣಗೆರೆ,ಎಸ್ ಬಿ ಜಯ ರಾವ್,ಎಸ್ ಬಿ ಜಯ ರಾವ್,ಸಾಪ್ತಾಹಿಕ,ಕನ್ನಡ,,
943,ಹೆಮ್ಮೆಯ ಆತ್ಮ,1985,ಹುಬ್ಬಳ್ಳಿ,,ಶ್ರೀ ಸಂಕಪ್ಪ ಹನುಮಂತಪ್ಪ ಜಪ್ಪನವರು,ಸಾಪ್ತಾಹಿಕ,ಕನ್ನಡ,,
944,ನವ ನಾಡು,1985,ಹುಬ್ಬಳ್ಳಿ/ಧಾರವಾಡ,ಪಾಂಡುರಂಗ ಪಾಟೀಲ,ಪಾಂಡುರಂಗ ಪಾಟೀಲ,ದೈನಿಕ,ಕನ್ನಡ,,
945,ವಿನ್ಸಮ್,1985,ಹುಬ್ಬಳ್ಳಿ/ಧಾರವಾಡ,ಎಸ್.ಬಿ. ಶೆಟ್ಟರ್,ಎಸ್.ಬಿ. ಶೆಟ್ಟರ್,ಸಾಪ್ತಾಹಿಕ,ಕನ್ನಡ/ ಇಂಗ್ಲೀಷ್,,
946,ಸೀಟು ಸಂದೇಶ,1985,ಮಂಗಳೂರು,ಸಿತು ಕರ್ನಾಟಕ ರಾಜ್ಯ ಸಮಿತಿಗೆ ಕಾರ್ ಸರಿಯಾನ್,ಸಿ ನಂಜುಂಡಪ್ಪ,ಮಾಸಿಕ,,,
947,ಕರ್ನಾಟಕ ಮುನ್ನಡೆ,1985,ಮಂಗಳೂರು,ಜಿಲ್ಲಾ ವಾರ್ತಾ & ಪ್ರಚಾರ ಇಲಾಖೆ,ಸುಭಾಶ್ಚಂದ್ರ ಖಂತಿ,ಪಾಕ್ಷಿಕ,ಕನ್ನಡ,,
948,ನಗರ ದೀಪಿಕಾ,1985,ಮಂಗಳೂರು,ಜುಡಿತ್ ಮಸ್ಕರೇನ್ಹಸ್,ಜುಡಿತ್ ಮಸ್ಕರೇನ್ಹಸ್,,ಕನ್ನಡ,,
949,ರಂಗಪಾತ್ರ,1985,ದಕ್ಷಿಣಕನ್ನಡ,ಕರಾವಳಿ ರಂಗ ಸ್ನೇಹಿತರು,ಪುರುಷೋತ್ತಮ ಬಿಳಿಮಲೆ,,ಕನ್ನಡ,,
950,ಗದಗ್ ಪತ್ರಿಕೆ,1985,ಗದಗ,ಬಸವರಾಜ ಎಸ್ ಚನ್ನಮ್ಮರಣ್ಣವರ,ಬಸವರಾಜ ಎಸ್ ಚನ್ನಮ್ಮರಣ್ಣವರ,ಸಾಪ್ತಾಹಿಕ,ಕನ್ನಡ,,
951,ಹಸಿರು ಕ್ರಾಂತಿ,1985,ಬೆಳಗಾವಿ/ಗದಗ,ಸಂಪತ್ಕುಮಾರ್ ಕೆ ಮುಚಳಂಬಿ,ಸಂಪತ್ಕುಮಾರ್ ಕೆ ಮುಚಳಂಬಿ,ದೈನಿಕ,ಕನ್ನಡ,,
952,ನೃಪತುಂಗ,1985,ಕಲಬುರ್ಗಿ,ಶಿವರಾಯ ದೊಡ್ಮನಿ,ಶಿವರಾಯ ದೊಡ್ಮನಿ,ದೈನಿಕ,ಕನ್ನಡ,,
953,ಚರಣ್ ಗಂಗೋತ್ರಿ,1985,ಮೈಸೂರು,YHAI ಗಂಗೋತ್ರಿ,ಪರಶಿವಮೂರ್ತಿ,ಮಾಸಿಕ,ಕನ್ನಡ,,
954,ಗೆಳೆಯರ ಚಿಂತನ,1985,ಮೈಸೂರು,"ಘಟಕ
 ಎಸ್. ಕೃಷ್ಣ",ಎಸ್.ಕೃಷ್ಣ,ಮಾಸಿಕ,ಕನ್ನಡ,,
955,ನಿನ್ನಿಂದ,1985,ಮೈಸೂರು,ಮೈಸೂರು ಪೇಪರ್ ಫ್ಯಾಕ್ಟರಿ,,ಮಾಸಿಕ,ದ್ವಿಭಾಷಿಕ,,
956,ಕನ್ನಡ ಪುತ್ರ,1985,ಮೈಸೂರು,ಸಿ.ಎಂ. ನಾಗೇಶ್,ಸಿ.ಎಂ. ನಾಗೇಶ್,,ಕನ್ನಡ,,
957,ಕೆಲಸ ಪತ್ರಿಕೆ,1985,ಮೈಸೂರು,ರತ್ನ ಸಜ್ಜನ್,ರತ್ನ ಸಜ್ಜನ್,ಪಾಕ್ಷಿಕ/Weekly,ಕನ್ನಡ/ ಇಂಗ್ಲೀಷ್,,"1991, Editoe Naganna"
958,ಮಹಾ ನಂದಿ,1985,ಮೈಸೂರು,ಎಚ್ ಸಿ ಬಸವಣ್ಣ,ಎಚ್ ಸಿ ಬಸವಣ್ಣ,ದೈನಿಕ,ಕನ್ನಡ,,
959,ನಗರ ದೂತ,1985,ಕೆ.ಆರ್.ನಗರ,ಕೆ ಟಿ ಮಂಜುನಾಥ್,ಕೆ ಟಿ ಮಂಜುನಾಥ್,ದೈನಿಕ,ಕನ್ನಡ,,
960,ರಂಗ ವಾಣಿ,1985,ಮೈಸೂರು,ಎಸ್. ಸುಕನ್ಯ,ಎಸ್. ಸುಕನ್ಯ,ಮಾಸಿಕ,ಕನ್ನಡ,,Editor - T S Rajashek ar
961,ಸುರೇಂದ್ರ,1985,ಮೈಸೂರು,ಸಿ ಸಂಪತ್ ಕುಮಾರ್,ಸಿ ಸಂಪತ್ ಕುಮಾರ್,ದೈನಿಕ,ಕನ್ನಡ,,1980
962,ಕ್ರಾಂತಿ ದೀಪಾ,1985,ಶಿವಮೊಗ್ಗ,ಎನ್ ಮಂಜುನಾಥ್,ಎನ್ ಮಂಜುನಾಥ್,ದೈನಿಕ,ಕನ್ನಡ,,
963,ನಾಗರ ಹಾವು,1985,‌ಭದ್ರಾವತಿ,ಬಿ ಎ ಕೆ ಮೂರ್ತಿ,ಬಿ ಎ ಕೆ ಮೂರ್ತಿ,ಸಾಪ್ತಾಹಿಕ,ಕನ್ನಡ,,
964,ವಿಚಾರ ದೀಕ್ಷೆ,1985,ಶಿವಮೊಗ್ಗ,ಎಚ್ ಆರ್ ಸೋಮಶೇಖರಪಪ ,ಎಚ್ ಆರ್ ಸೋಮಶೇಖರಪಪ ,ಸಾಪ್ತಾಹಿಕ,ಕನ್ನಡ,,
965,ಅಮೃತ ವಾಣಿ,1985,ತುಮಕೂರು,ಗಂಗಹನುಮಯ್ಯ:,ಗಂಗಹನುಮಯ್ಯ:,ದೈನಿಕ,ಕನ್ನಡ,,
966,ಖಡ್ಕೆ ಪತ್ರಿಕೆ,1986,ಬೀದರ್,,,ಸಾಪ್ತಾಹಿಕ,ಕನ್ನಡ,,
967,ಸಾಮಾಜಿಕ ಕಾರ್ಯಕರ್ತ,1986,ಬಾಗಲಕೋಟೆ,ಮುಜಾಫರ್ ಅಹ್ಮದ್ ಮತ್ತು ಶಾಲ್ಗರ್,ಸಂ. ಎಚ್ ಶಾಲ್ಗರ್ / ಮುಜಾಫರ್ ಅಹ್ಮದ್ ಸಂ. ಶಾಲ್ಗರ್,ದೈನಿಕ,ಕನ್ನಡ,,
968,ಸ್ನೇಹವಾಣಿ,1986,ಬೆಳಗಾವಿ,,ಅಶೋಕನಂತೆ,ಪಾಕ್ಷಿಕ,ಕನ್ನಡ,,
969,ವಾರ್ತಾ ಶಕ್ತಿ,1986,ಬೆಳಗಾವಿ,ಜೆ ಎ ಶಿರ್ಕೋಳಿ,ಜೆ ಎ ಶಿರ್ಕೋಳಿ,ದೈನಿಕ,ಕನ್ನಡ/ಮರಾಠಿ/ ಹಿಂದಿ,,
970,ಅಚಲ,1986,ಬೆಂಗಳೂರು,ಜಾಗೃತಿ ಮಹಿಳಾ ಅಧ್ಯಾಯನ ಕೇಂದ್ರ,ಗಾಯತ್ರಿ ಎನ್,ಮಾಸಿಕ,ಕನ್ನಡ,,
971,ದಲಿತ ಉವಾಚ,1986,ಬೆಂಗಳೂರು,,ಎಸ್ ಗೋಪಾಲ್,ಪಾಕ್ಷಿಕ,ಕನ್ನಡ,,
972,ಗ್ರಾಮ ಪುನಾರೂಢರ,1986,ಬೆಂಗಳೂರು,,ಎ ಚಿಕ್ಕಮುನಿಯಪ್ಪ,ಮಾಸಿಕ,ಕನ್ನಡ,,
973,ಜಗ ಮೆಚ್ಚಿದ ಮಗ,1986,ಬೆಂಗಳೂರು,,ಎಂ ವೆಂಕಟೇಶ್,ಪಾಕ್ಷಿಕ,ಕನ್ನಡ,,
974,ಕನ್ನಡ ಕೈಲಾಸ,1986,ಬೆಂಗಳೂರು,ಆರ್ ಜವರಯ್ಯ,ಆರ್ ಜವರಯ್ಯ,ಮಾಸಿಕ,ಕನ್ನಡ,,
975,ಕನ್ನಡ ಕೂಗು,1986,ಬೆಂಗಳೂರು,,ಪಿ ಎಂ ರುದ್ರಯ್ಯ,ಪಾಕ್ಷಿಕ,ಕನ್ನಡ,,
976,ಕೋಮಲಾಂಗಿ,1986,ಬೆಂಗಳೂರು,ವಿಜಯಲಕ್ಷ್ಮಿ ಪಬ್ಲಿಕೇಷನ್ಸ್,ಎಂ ವೈ ರುದ್ರೇಶ್,ಪಾಕ್ಷಿಕ,ಕನ್ನಡ,,
977,ಕೃಷ್ಣಾಪುರ ಪತ್ರಿಕೆ,1986,ಬೆಂಗಳೂರು,ಕೆ ಸತ್ಯನಾರಾಯಣ,ಕೆ ಸತ್ಯನಾರಾಯಣ,ಮಾಸಿಕ,ಕನ್ನಡ,,
978,ಮಧುರ ದರ್ವಾಹಿ,1986,ಬೆಂಗಳೂರು,ವಿಜಯಲಶ್ಮಿ ಪ್ರಕಾಶ್,ಎಂ ವೈ ರುದ್ರೇಶ್,ಪಾಕ್ಷಿಕ,ಕನ್ನಡ,,
979,ಮಾನಸ,1986,ಬೆಂಗಳೂರು,ಮಾನವ ಪತ್ರಿಕಾ,ರಾಜೇಶ್ವರಿ:,ಮಾಸಿಕ,ಕನ್ನಡ,,
980,ಮನ್ವಂತರ,1986,ಬೆಂಗಳೂರು,ಅಕಿಲಾ ಪ್ರಕಾಶಕರು,ಎಸ್ ಅಶೋಕ್ ಬಾಬು,ಪಾಕ್ಷಿಕ,ಕನ್ನಡ,,1978
981,ಮರ್ದಾನಿ,1986,ಬೆಂಗಳೂರು,ಜಾಣಗೆರೆ ವೆಂಕಟರಾಮಯ್ಯ,ಜಾಣಗೆರೆ ವೆಂಕಟರಾಮಯ್ಯ,ಸಾಪ್ತಾಹಿಕ,ಕನ್ನಡ,,
982,ನಿಮ್ಮ ಗೆಳತಿ,1986,ಬೆಂಗಳೂರು,ಕೆ.ವಿ. ಸತೀಶ್ ಕುಮಾರ್,ಕೆ.ವಿ. ಸತೀಶ್ ಕುಮಾರ್,ಮಾಸಿಕ,ಕನ್ನಡ,,
983,ಸಾರ್ವಜನಿಕ ಮೇಲೆ,1986,ಬೆಂಗಳೂರು,ಮೈಸೂರು ಕುಮಾರ್,ಮೈಸೂರು ಕುಮಾರ್,ಪಾಕ್ಷಿಕ,ಕನ್ನಡ,,
984,ಸಾರ್ವಜನಿಕ ಸೇವಕ,1986,ಬೆಂಗಳೂರು,ಎಸ್ ಲಕ್ಷ್ಮಣ್,ಎಸ್ ಲಕ್ಷ್ಮಣ್,ಮಾಸಿಕ,ಕನ್ನಡ,,
985,ಸದ್ಗುರು,1986,ಬೆಂಗಳೂರು,,ಎಚ್ ಎಸ್ ರಂಗನಾಥ/ ಶ್ರೀಕಂಠಯ್ಯ,,ಕನ್ನಡ,,
986,ಸ್ಪರ್ಧ ಸಾಮಾನ್ಯ ಜ್ಞಾನ,1986,ಬೆಂಗಳೂರು,ಉದಯಶಂಕರ್,ವಸಂತ ಕುಮಾರ್ ಮುತ್ತು,ಮಾಸಿಕ,ಕನ್ನಡ,,
987,ಸ್ಪುರಾಣ,1986,ಚಿಕ್ಕಮಗಳೂರು,ಕೆ. ಭವಾನಿ ಶಂಕರ,ಕೆ. ಭವಾನಿ ಶಂಕರ,ಸಾಪ್ತಾಹಿಕ,ಕನ್ನಡ,,
988,ದುರ್ಗದ ಕೂಗು,1986,ಚಿತ್ರದುರ್ಗ,ಎನ್ ಕೆ ಪ್ರಕಾಶ್,ಎನ್ ಕೆ ಪ್ರಕಾಶ್,ದೈನಿಕ,ಕನ್ನಡ,,
989,ಜನನಾಂಗ,1986,ಚಿತ್ರದುರ್ಗ,,ಬಿ ಚಿತ್ರಲಿಂಗಪ್ಪ,ದೈನಿಕ,ಕನ್ನಡ,,
990,ವಿಜಯ್ ಕಹ್ಲೆ,1986,ದಾವಣಗೆರೆ,ವಿರಾನ ಸಜ್ಜನ,ವಿರಾನ ಸಜ್ಜನ,ಸಾಪ್ತಾಹಿಕ,ಕನ್ನಡ,,
991,ಆರೋಗ್ಯ ರಕ್ಷಕ,1986,ಧಾರವಾಡ,,ಆರ್.ಸಿ. ಮುದುಕ,ಮಾಸಿಕ,ಕನ್ನಡ,,
992,ವರ್ಷದ ಸಂದೇಶ,1986,ಧಾರವಾಡ,,ಸ್ವಾಮಿ ಚಿದ್ರೂಪಾನಂದ ಸರಸ್ವತಿ/ ಕೆ ಆರ್ ವೈಶರ್,ಮಾಸಿಕ,ಕನ್ನಡ,,
993,ಭಾಷಾ ಲೋಕ,1986,ಧಾರವಾಡ,,ಎಂ ಮುರಿಗೆಪ್ಪ / ಹೆಚ್ ಎಂ ಮಹೇಶ್ವರಯ್ಯ,ತ್ರೈಮಾಸಿಕ,ಕನ್ನಡ,,
994,ಕಠಿಣ ಕೆಲಸಗಾರ ಧ್ವನಿ,1986,ಹುಬ್ಬಳ್ಳಿ/ಧಾರವಾಡ,ವೈ.ಬಿ. ಗೌಡರ್,ವೈ.ಬಿ. ಗೌಡರ್,ಮಾಸಿಕ,ಕನ್ನಡ,,
995,ಪರಸ್ವಾಣಿ,1986,ಹುಬ್ಬಳ್ಳಿ/ಧಾರವಾಡ,,ಪ್ಯಾರಾಸ್ಮೆಲ್ ಕಾನೂನು ಮಾರುಕಟ್ಟೆ ಮಾಡುತ್ತದೆ,ಸಾಪ್ತಾಹಿಕ,ಹಿಂದಿ,,
996,ರಂಗತೋರಣ,1986,ಧಾರವಾಡ,ಸುದರ್ಶನ ದೇಸಾಯಿ,ಸುದರ್ಶನ ದೇಸಾಯಿ,ಮಾಸಿಕ,ಕನ್ನಡ,,1984
997,SSK ವಾರ್ತಾ,1986,ಧಾರವಾಡ,,ವಿಟ್ಟಲಸ ಪಿ ಪವಾರ್ /ರಾಜು ಡಿ ಪವಾರ್,ಪಾಕ್ಷಿಕ,ಕನ್ನಡ,,
998,ಇಶಾ ಪತ್ರಿಕೆ,1986,ಪುತ್ತೂರು/ದಕ್ಷಿಣಕನ್ನಡ,,ಇಸ್ಮಾಯಿಲ್ ಶಾಫಿ,ಸಾಪ್ತಾಹಿಕ,ಕನ್ನಡ,,
999,ಕನ್ನಡ Kali,1986,ಮಂಗಳೂರು,,ಕೆ.ಎಸ್.ಭಟ್,,ಕನ್ನಡ,,
1000,ಪರಿವರ್ತಕ,1986,ಪುತ್ತೂರು/ದಕ್ಷಿಣಕನ್ನಡ,ಸುದರ್ಶನ,ಸುದರ್ಶನ,ಮಾಸಿಕ,ಕನ್ನಡ,,
1001,ಸುದ್ಧಿ ಬಿಡುಗಡೆ,1986,ಪುತ್ತೂರು/ದಕ್ಷಿಣಕನ್ನಡ,,ಉ ಪಿ ಶಿವಾನಂದ,ಸಾಪ್ತಾಹಿಕ,ಕನ್ನಡ,,
1002,ಉದ್ಯೋಗ ಬುಲೆಟಿನ್,1986,ಮಂಗಳೂರು,ಪುತ್ತೂರು ಸಣ್ಣ ಕೈಗಾರಿಕಾ ಸಂಘ,,,,,
1003,ಹಾಸನ ಮಾಧ್ಯಮ,1986,ಹಾಸನ,ಕೆ ಕೇಶವ ಪ್ರಸಾದ್,ಕೆ.ಶೇಷಾದ್ರಿ/ ಕೇಶವ ಪ್ರಸಾದ್ ಕೆ,ದೈನಿಕ,ಕನ್ನಡ,,
1004,ಚಿಂತಕ,1986,ಕಲಬುರ್ಗಿ,ಶೀಲಾ ತಿವಾರಿ,ಶೀಲಾ ತಿವಾರಿ,ದೈನಿಕ,ಕನ್ನಡ,,
1005,ಗ್ರೀನೋಬೆಲ್ಸ್,1986,ಕಲಬುರ್ಗಿ,ರಾಜೇಂದ್ರ ಪಾಟೀಲ್,ರಾಜೇಂದ್ರ ಪಾಟೀಲ್,ದೈನಿಕ,ಕನ್ನಡ,,
1006,ಗಡಿನಾಡ ಸಂಚಾರಿ,1986,ಮಡಿಕೇರಿ,ಟಿ ಪಿ ರಮೇಶ್,ಟಿ ಪಿ ರಮೇಶ್,,ಕನ್ನಡ,,
1007,ಮಂಡ್ಯ ವಾಹಿನಿ,1986,ಮಂಡ್ಯ,ಅಧಿಪತಿ,ಅಧಿಪತಿ,ಸಾಪ್ತಾಹಿಕ,ಕನ್ನಡ,,
1008,ಆರೋಗ್ಯ ಯೋಗ,1986,ಮೈಸೂರು,ಸುಧಾ ಯೋಗಣ್ಣ,ಎಸ್ ಪಿ ಯೋಗಣ್ಣ,ಮಾಸಿಕ,ಕನ್ನಡ,,
1009,ಶಾಂತಾ ವಾಣಿ,1986,ಮೈಸೂರು,ಟಿ.ಕೃಷ್ಣಶೆಟ್ಟಿ,ಟಿ.ಕೃಷ್ಣಶೆಟ್ಟಿ / ಸೋಮಸುಂದರ ಶಾಸ್ತ್ರಿ,ದೈನಿಕ Evening,ಕನ್ನಡ,,
1010,ಅರ್ಶ್ ಸಂದೇಶ,1986,ಸಾಗರ,ಸ್ವಾಮಿ ಚಿದ್ರೂಪಾನಂದ ಸರಸ್ವತಿ,ಸ್ವಾಮಿ ಚಿದ್ರೂಪಾನಂದ ಸರಸ್ವತಿ,ಮಾಸಿಕ,ಕನ್ನಡ,,
1011,ಸಾಗರ ಗ್ರಾಮ ವಿಕಾಸ,1986,ಸಾಗರ,ಕೆ ವಿ ಮಂಜುನಾಥ್,ಕೆ ವಿ ಮಂಜುನಾಥ್,ಸಾಪ್ತಾಹಿಕ,ಕನ್ನಡ,,1988
1012,ಸಾಗರ ಪ್ರಭಾ,1986,ಸಾಗರ,ಆರ್ ಆರ್ ತಾರನಾಥ್,ಆರ್ ಆರ್ ತಾರನಾಥ್,ದೈನಿಕ,ಕನ್ನಡ,,1983
1013,ತೀರ್ಥಹಳ್ಳಿ ಗ್ರಾಮಭಾರತಿ,1986,ತೀರ್ಥಹಳ್ಳಿ,ಟಿ ರಘುವೀರ್,ಟಿ ರಘುವೀರ್,ಸಾಪ್ತಾಹಿಕ,ಕನ್ನಡ,,
1014,ಶಿವಮೊಗ್ಗದ ಧ್ವನಿ,1986,ಶಿವಮೊಗ್ಗ,ಬಂಡಿಗಡಿ ಆರ್ ನಂಜುಂಡಪ್ಪ,ಬಂಡಿಗಡಿ ಆರ್ ನಂಜುಂಡಪ್ಪ,ದೈನಿಕ,ಕನ್ನಡ,,
1015,ಹೋಸ್ತಿರುವ್,1986,ತುಮಕೂರು,ಟಿ.ಚಂದ್ರಯ್ಯ,ಟಿ.ಚಂದ್ರಯ್ಯ,ಪಾಕ್ಷಿಕ,ಕನ್ನಡ,,
1016,ಸೊಗಡು,1986,ತುಮಕೂರು,ಎಸ್ ಶಿವಣ್ಣ,ಎಸ್ ಶಿವಣ್ಣ,ದೈನಿಕ,ಕನ್ನಡ,,
1017,ಸುಗುಣ ಮಾಲೈ,1986,ಉಡುಪಿ,ಎಂ ಎಸ್ ಗೋವಿಂದಾಚಾರ್ಯ,,ಮಾಸಿಕ,ಕನ್ನಡ,,
1018,ಕರವಾಳಿ ಗ್ರಾಮಾಭಿವೃದ್ಧಿ,1986,ಹೊನ್ನಾವರ,ಜಿಯು,ಜಿಯು,ಸಾಪ್ತಾಹಿಕ,ಕನ್ನಡ,,
1019,ವೈಭವಕ್ಕೆ ದಾರಿ,1986,ವಿಜಾಪುರ,ಸಿದ್ದಣ್ಣಕ್ಕ ಮಸಳಿ,ಸಿದ್ದಣ್ಣ ಕೆ ಮಸಳಿ/ ಸಿ ಸ್ ನಾಗಠಾಣ,ದೈನಿಕ,ಕನ್ನಡ,,
1020,ಏಜೆಂಟ್-ಎಕ್ಸ್,1987,ಬಾಗಲಕೋಟೆ,,ಅಶೋಕ್ ಎಚ್ ಎಂಡಿಗೆರೆ,ಸಾಪ್ತಾಹಿಕ,ಕನ್ನಡ,,
1021,ಬಸವ ಬೆಳಗು,1987,ಬಾಗಲಕೋಟೆ/ಇಳ್ಕಲ್,ಚಿತ್ತರಗಿ ಶ್ರೀ ವಿಜಯ ಮಹಾಂತೇಶ್ವರ ಸಂಸ್ಥಾನ್ ಮಠ್,,ತ್ರೈಮಾಸಿಕ,ಕನ್ನಡ,,
1022,ಆನೇಕಲ್ ವಾಣಿ,1987,ಅನೇಕಲ್,ಆರ್ ಕೃಷ್ಣಮೂರ್ತಿ,ಆರ್ ಕೃಷ್ಣಮೂರ್ತಿ,ಸಾಪ್ತಾಹಿಕ,ಕನ್ನಡ,,
1023,ದೊಡ್ಡಬಳ್ಳಾಪುರ ಮಿತ್ರ,1987,ದೊಡ್ಡಬಳ್ಳಾಪುರ,ಶುಭೋದಯ ಪಬ್ಲಿಕೇಷನ್,ರಾಜೇಂದ್ರ ಕುಮಾರ್ / ಬಿ ಜಿ ಭಗವಾನ್,ಪಾಕ್ಷಿಕ,ಕನ್ನಡ,,
1024,ಬೆವರಿನ ಬೆಲೆ,1987,ಬೆಳಗಾವಿ,ಮಹಾದೇವ ಘೇವಾಡೆ,ಮಹಾದೇವ ಘೇವಾಡೆ,ಸಾಪ್ತಾಹಿಕ,ಕನ್ನಡ,,
1025,ಸಂಕೋಲೆ,1987,ಬೆಳಗಾವಿ,,ಬಿ ನಾರಾಯಣ,ಪಾಕ್ಷಿಕ,ಕನ್ನಡ,,
1026,ಅಭಿಯಂತರವಣಿ,1987,ಬೆಂಗಳೂರು,,ಎಂ.ಆರ್.ಶ್ರೀನಿವಾಸ್,ಮಾಸಿಕ,ಕನ್ನಡ,,
1027,ಬೆಂಗಳೂರು ಸುದ್ದಿ,1987,ಬೆಂಗಳೂರು,ಕೆ ಎಸ್ ಜಯರಾಮನ್,ಕೆ ಎಸ್ ಜಯರಾಮನ್,ಪಾಕ್ಷಿಕ,ಕನ್ನಡ,,
1028,ಬಸವ ದೀಪ್ತಿ,1987,ಬೆಂಗಳೂರು,ಜಿ ದಾಕ್ಷಾಯಿಣಮ್ಮ,ಜಿ ದಾಕ್ಷಾಯಿಣಮ್ಮ,ಮಾಸಿಕ,ಕನ್ನಡ,,
1029,ಗಾಂಧಿ ಬಜಾರ್ ಪತ್ರಿಕೆ,1987,ಬೆಂಗಳೂರು,,ಕೆ ಎನ್ ಬಾಲಕೃಷ್ಣ,ಮಾಸಿಕ,ಕನ್ನಡ,,
1030,ಗೌಡ ದ್ವನಿ,1987,ಬೆಂಗಳೂರು,ಸುದಾನ ಎಸ್ ಈರಪ್ಪ,ಸುದಾನ ಎಸ್ ಈರಪ್ಪ,ಮಾಸಿಕ,ಕನ್ನಡ,,
1031,ಪಿ ಎ ಪ್ಯಾಟ್ರಿಕ್ ಅವರಿಂದ,1987,ಬೆಂಗಳೂರು,ಜಿ ನಾರಾಯಣ,ಜಿ ನಾರಾಯಣ,ದ್ವೈಮಾಸಿಕ,ಕನ್ನಡ,,
1032,ಕರ್ನಾಟಕ ಲೋಚನಾ,1987,ಬೆಂಗಳೂರು,ಬಿ ಮ್ ಶ್ರೀ ಸ್ಮಾರಕ ಪ್ರತಿಷ್ಠಾನ,ಜಿ ಅಬ್ದುಲ್ ಬಶೀರ್,,ಕನ್ನಡ,,
1033,ಕರ್ನಾಟಕ ವೇದಿಕೆ,1987,ಬೆಂಗಳೂರು,,ಕೆ ಬಿ ಚನ್ನಕೇಶವಪ್ಪ,ಪಾಕ್ಷಿಕ,ಕನ್ನಡ,,
1034,ಕಿತ್ತೂರು ಎಕ್ಸ್‌ಪ್ರೆಸ್,1987,ಬೆಂಗಳೂರು,,ಸಂಪತ್‌ಕುಮಾರ್,ಮಾಸಿಕ,ಕನ್ನಡ,,
1035,ಮಲೆನಾಡ ಸಂಗತಿ,1987,ಬೆಂಗಳೂರು,,ಸೀಮೋಜಿ ರಾವ್,,ಕನ್ನಡ,,
1036,ಮಿತ್ರ ಸಮಾಜ,1987,ಬೆಂಗಳೂರು,ಎಂ ಪುಟ್ಟಸ್ವಾಮಿ,ಎಂ ಪುಟ್ಟಸ್ವಾಮಿ,ಮಾಸಿಕ,ಕನ್ನಡ,,
1037,ಪರುಷ ನುಡಿ,1987,ಬೆಂಗಳೂರು,ಶಿವಲೀಲಾ ಎಸ್ ಎಂ,ಶಿವಲೀಲಾ ಎಸ್ ಎಂ,ಮಾಸಿಕ,ಕನ್ನಡ,,
1038,ಪೊಲೀಸ್ ಫೈಲ್,1987,ಬೆಂಗಳೂರು,ಟಿ.ವೆಂಕಟೇಶ್,ಟಿ.ವೆಂಕಟೇಶ್,ಸಾಪ್ತಾಹಿಕ,ಕನ್ನಡ,,
1039,ಪೊಲೀಸ್ ಮಾರ್ಗದರ್ಶಿ,1987,ಬೆಂಗಳೂರು,ಎಂ ಎ ಸತ್ಯ ರಾಜ್,ಎಂ ಎ ಸತ್ಯ ರಾಜ್,ಮಾಸಿಕ,ಕನ್ನಡ,,
1040,ಪೊಲೀಸ್ ಲೋಕ,1987,ಬೆಂಗಳೂರು,ಜಿ. ಕೃಷ್ಣ ಮೂರ್ತಿ,ಜಿ. ಕೃಷ್ಣ ಮೂರ್ತಿ,ಪಾಕ್ಷಿಕ,ಕನ್ನಡ,,
1041,ಪ್ರಿಯಾ ಪ್ರಿಯಾಂಕಾಳನ್ನು ಪ್ರೀತಿಸುತ್ತಾಳೆ,1987,ಬೆಂಗಳೂರು,,ಸಂಜಯ ದೊರೆ,ಮಾಸಿಕ,ಕನ್ನಡ,,
1042,ಮಿಡಿ ಧ್ವನಿ,1987,ಬೆಂಗಳೂರು,ಜಿ ನಂಜುಂಡಯ್ಯ,ಜಿ ನಂಜುಂಡಯ್ಯ,ಮಾಸಿಕ,ಕನ್ನಡ,,
1043,ಸ್ಪರ್ಧಾ ಸ್ನೇಹಿತ,1987,ಬೆಂಗಳೂರು,ಸ್ನೇಹಾ ಪ್ರಕಾಶನ,ಎಸ್ ಕೆ ಎಂ ರೇವಣ್ಣಕರ್,ಪಾಕ್ಷಿಕ,ಕನ್ನಡ,,
1044,ಸುರ್ವೆ ಪತ್ರಿಕೆ,1987,ಬೆಂಗಳೂರು,ಸಮೀಕ್ಷೆ ಮುದ್ರಕಗಳು,ರಮೇಶ ಸುರ್ವೆ ಇಟಿಗಿ,ಮಾಸಿಕ,ಕನ್ನಡ,,
1045,ವಾರದ ರಾಜಕೀಯ,1987,ಬೆಂಗಳೂರು,ಚಂದ್ರಶೇಖರ ಟೌದೂರು,ಚಂದ್ರಶೇಖರ ಟೌದೂರು,ಸಾಪ್ತಾಹಿಕ,ಕನ್ನಡ,,
1046,ವೈ.ಆರ್. ಪ್ಯಾಟ್ರಿಕ್,1987,ಬೆಂಗಳೂರು,ವೈ.ಆರ್. ರಾಮಲಿಂಗಯ್ಯ,ವೈ.ಆರ್. ರಾಮಲಿಂಗಯ್ಯ,ಮಾಸಿಕ,ಕನ್ನಡ,,
1047,ರಕ್ಷಕ ದೊಡ್ಡವನು,1987,ದಾವಣಗೆರೆ,,ಕೆ ಬಿ ಅಲ್ಲ ಮಿಯಾಸಾಬ್,ಸಾಪ್ತಾಹಿಕ,ಕನ್ನಡ,,
1048,ದಾವಣಗೆರೆ ಭಾರತ ಮಿತ್ರ,1987,ದಾವಣಗೆರೆ,,ದಯಾನಂದ ಬಿ ನವಳಾಗಿ,ಸಾಪ್ತಾಹಿಕ,ಕನ್ನಡ,,
1049,ಗ್ರಾಮ ವಾರ್ತೆ,1987,ಧಾರವಾಡ,ಶರಣೇಶ್ವರ ಮಂಡಿವಾಳರ,ಎಸ್ ಎಫ್ ಗುರಿಕರ್,ಪಾಕ್ಷಿಕ,ಕನ್ನಡ,,
1050,ಕೈಗಾನಡಿ,1987,ಧಾರವಾಡ,ವಿಶ್ವಭಾರತಿ ವಿದ್ಯಾ ಸಂಸ್ಥೆ,ಶಂಕರ ವಿ ಪಾಟೀಲ,ಮಾಸಿಕ,ಕನ್ನಡ,,
1051,ಕೃ ವಿ ವಿ ವಾರ್ತಾಪತ್ರ,1987,ಧಾರವಾಡ,ಕೃಷಿ ವಿಶ್ವವಿದ್ಯಾಲಯ ಧಾರವಾಡ,,ದ್ವೈಮಾಸಿಕ,ಕನ್ನಡ,,
1052,ಶಿವಾನುಭವ,1987,ಧಾರವಾಡ,ಬಸವ ತತ್ವ ಪ್ರಸಾರ ಸಂಸ್ಥೆ,ಬಸವ ತತ್ವ ಪ್ರಸಾರ ಸಂಸ್ಥೆ,ದ್ವೈಮಾಸಿಕ,ಕನ್ನಡ,,
1053,ವಿದ್ಯಾವರ್ಧಕ,1987,ಧಾರವಾಡ,ಕನ್ನಡ ವಿದ್ವಾಂಸರ ಸಂಘ,ಬುಡ್ಡಣ್ಣ ಹಿಂಗಮಿರೆ/ ಸೋಮಶೇಖರ ಇಮ್ರಾಪುರ/ಜೆ ಬಿ ಮನ್ವಾಚಾರ,,ಕನ್ನಡ,,
1054,ಚಂದ್ರಕಾಂತಿ,1987,ಉಡುಪಿ/ದಕ್ಷಿಣಕನ್ನಡ,ಪ್ರತಿಭೆ ಹೊಳೆಯುತ್ತಿದೆ,ವೈ ಎಂ ರಾವ್,ಮಾಸಿಕ,ಕನ್ನಡ,,
1055,ಪೂರ್ವಾಣಿ,1987,ಮಂಗಳೂರು,ಮೋಹನದಾಸ್ ಸುರತ್ಕಲ್,ಮೋಹನದಾಸ್ ಸುರತ್ಕಲ್,ದೈನಿಕ,ಕನ್ನಡ,,
1056,ರೋಟರಿ ಸಿಂಚನ,1987,ಮಂಗಳೂರು,ಕಿಣಿಗೋಳಿ ರೋಟರಿ ಕ್ಲಬ್,ಎಂ ಬಾಲಕೃಷ್ಣ ಶೆಟ್ಟಿ,ಮಾಸಿಕ,ಕನ್ನಡ,,
1057,ಥೂಟ್,1987,ದಕ್ಷಿಣಕನ್ನಡ,ಪೆರೋರೋ ಜರು,ಪೆರೋರೋ ಜರು,ಮಾಸಿಕ,ತುಳು,,
1058,ತುಳುರಾಜ್ಯ,1987,ಮಂಗಳೂರು,,,ದೈನಿಕ,ಕನ್ನಡ,,
1059,ಉದೇವ್,1987,ದಕ್ಷಿಣಕನ್ನಡ,,ಸಿಲ್ವೆಸ್ಟರ್ ಎಂ ಡಿಸೋಜಾ,ಸಾಪ್ತಾಹಿಕ,ಕೊಂಕಣಿ,,
1060,ಸವಿ ಮಂದಾರ,1987,ಹಾಸನ,ಮಳಲಿ ನಟರಾಜ ಕುಮಾರ್,,ಮಾಸಿಕ,ಕನ್ನಡ,,
1061,ಕುಮುದಾ ವಾಣಿ,1987,ಕತೇನಹಳ್ಳಿ/ಬ್ಯಾಡಗಿ,ಸುರೇಶ ಮಟಪತಿ ಗಿಡ,ಸುರೇಶ ಮಟಪತಿ ಗಿಡ,ಮಾಸಿಕ,ಕನ್ನಡ,,
1062,ಕಲಬುರ್ಗಿ ವಾಣಿ,1987,ಕಲಬುರ್ಗಿ,ಕೇದಾರಲಿಂಗಯ್ಯ ಹಿರೇಮಠ,,ದೈನಿಕ,ಕನ್ನಡ,,
1063,ವಿಮರ್ಶೆ,1987,ಕಲಬುರ್ಗಿ,ವೀರಣ್ಣ ದಂಡೆ,ವೀರಣ್ಣ ದಂಡೆ/ ಎಷ್ವಾಂತ್ ಹರಸೂರು,ತ್ರೈಮಾಸಿಕ,ಕನ್ನಡ,,
1064,ಕೋಲಾರ ತಂಗವಯ್ಯ,1987,ಕೋಲಾರ,,ಆರ್ ಶಿವರಾಜ್,ಕನ್ನಡ/Tamil,ಸಾಪ್ತಾಹಿಕ,,
1065,ನಗರ ಬೆಳಕು,1987,ಮೈಸೂರು,,ಎಂ. ಸುಬ್ರಹ್ಮಣ್ಯಂ,ದೈನಿಕ,ಕನ್ನಡ,,1984
1066,ವಾಂಚಾಲ್ಯ,1987,ಮೈಸೂರು,ಆರ್.ರಘು,ಆರ್.ರಘು,ಸಾಪ್ತಾಹಿಕ,ಕನ್ನಡ,,
1067,ರಾಮನಗರ ಪ್ರಗತಿ ವಾಣಿ,1987,ರಾಮನಗರ,ಡಾ.ಕೆ.ಪಿ. ಹೆಗ್ಡೆ,ಡಾ.ಕೆ.ಪಿ. ಹೆಗ್ಡೆ,ಸಾಪ್ತಾಹಿಕ,ಕನ್ನಡ,,
1068,ಶ್ರವಣ,1987,ರಾಮನಗರ,ಜಿ ವಿಜಯ್,ಚಿದಾನಂದ ಗೌಡ ಎ,,ಕನ್ನಡ,,
1069,ಗೆಳತಿ ರಾಗಿಣಿ,1987,ಶಿವಮೊಗ್ಗ,ಎನ್ ನರೇಂದ್ರ ಬಾಬು,ಎನ್ ನರೇಂದ್ರ ಬಾಬು,ಸಾಪ್ತಾಹಿಕ,ಕನ್ನಡ,,
1070,ನೀನಾಸಂ ಮಾತುಕಥೆ,1987,ಸಾಗರ,,,ತ್ರೈಮಾಸಿಕ,ಕನ್ನಡ,,
1071,ಅಮರ ಸಂದೇಶ,1987,ತುಮಕೂರು,ಟಿ.ಜಿ.ಅಡವೀಶಪ್ಪ,ಟಿ.ಜಿ.ಅಡವೀಶಪ್ಪ,ದೈನಿಕ,ಕನ್ನಡ,,
1072,ಚಂದ್ರಕಾಂತಿ,1987,ಉಡುಪಿ,ಪ್ರತಿಭಾ ಪಬ್ಲಿಕೇಷನ್ಸ್,ವೈ ಎಂ ರಾವ್,ಮಾಸಿಕ,ಕನ್ನಡ,,
1073,ಗೋವಾ ಕನ್ನಡಿಗ,1987,ಕಾರವಾರ/ಗೋವಾ,ಬಸವರಾಜ.ಎಸ್.ಭೂದಿ ಯಲ್,ಬಸವರಾಜ.ಎಸ್.ಭೂದಿ ಯಲ್,ಮಾಸಿಕ,ಕನ್ನಡ,,
1074,ಸಿದ್ದಾಪುರ ಶಿರಸಿ ಗ್ರಾಮ ಭಾರತಿ,1987,ಸಿದ್ಧಾಪುರ,ವಿನಾಯಕ್ ಜಿ.ಹೆಗಡೆ,ವಿನಾಯಕ್ ಜಿ.ಹೆಗಡೆ,ಸಾಪ್ತಾಹಿಕ,ಕನ್ನಡ,,
1075,ಧರ್ಮಾತ್ಮ,1987,ವಿಜಯಪುರ,ಜಾವಾನೀಸ್. I. ಠಾಣಾಧಿಕಾರಿ,ಆರ್ ಎಸ್ ಗಡಂತಿ,ದೈನಿಕ,ಕನ್ನಡ,,
1076,ಸಾಮಾಜಿಕ ನಾಯಕ,1987,ವಿಜಯಪುರ/ಬಾಗಲಕೋಟೆ,ಶಾಲ್ಗರ್,ಶಾಲ್ಗರ್,ದೈನಿಕ,ಕನ್ನಡ,,
1077,ಪಾಪದಲ್ಲಿ ವಾಣಿ,1987,ಸಿಂದಗಿ,,ಆರ್ ಸಿ ರೇವಡಿಗರ್,ಸಾಪ್ತಾಹಿಕ,ಕನ್ನಡ,,
1078,ದಕ್ಷಿಣ ಭಾರತೀಯ,1987,ವಿಜಯಪುರ,ಎ ಜಿ ಮಲ್ಲಿಕಾರ್ಜುನ ಮುಖ್ಯಸ್ಥರು,ಎ ಜಿ ಮಲ್ಲಿಕಾರ್ಜುನ ಮುಖ್ಯಸ್ಥರು,ದೈನಿಕ,ಕನ್ನಡ,,
1079,ಜನಪರ,1988,ಬೀದರ್,ಬಿಹೇವಿಯರಲ್ ಇಲ್ಯುಮಿನೇಷನ್ ಇನ್ಸ್ಟಿಟ್ಯೂಟ್,ಶಿವರಾಜ್ ಕಡೇ,ದೈನಿಕ,ಕನ್ನಡ,,
1080,ಪರಿವಾಳ,1988,ಕನಕಪುರ,ರವಿ ಕುಮಾರ್,ರವಿ ಕುಮಾರ್,ಪಾಕ್ಷಿಕ,ಕನ್ನಡ,,
1081,ಕರ್ನಾಟಕದ ಬೆಲೆಗಳು,1988,ಬೆಳಗಾವಿ,ಭೀಮಶಿ ಜಾರಕಿಹೊಳಿ,ಭೀಮಶಿ ಜಾರಕಿಹೊಳಿ,ದೈನಿಕ,ಕನ್ನಡ,,
1082,ಅಭಿಮಾನ,1988,ಬೆಂಗಳೂರು,,ಕೆ ಎಸ್ ನಾರಾಯಣ ಸ್ವಾಮಿ,ದೈನಿಕ,ಕನ್ನಡ,,
1083,ಅದೃಷ್ಟ,1988,ಬೆಂಗಳೂರು,,,ದೈನಿಕ,ಕನ್ನಡ,,
1084,ಸ್ನೇಹಿತ,1988,ಬೆಂಗಳೂರು,ಎಂ ಆರ್ ಬಾಬು,ಎಂ ಆರ್ ಬಾಬು,,ಕನ್ನಡ,,
1085,ಬಾಲ ಮಂಗಳ,1988,ಬೆಂಗಳೂರು,ಸಾಬು ವರ್ಗೀಸ್,ಬಾಬು ಕೃಷ್ಣ ಮೂರ್ತಿ,ಪಾಕ್ಷಿಕ,ಕನ್ನಡ,,
1086,ಬೆಳಕಿಂಡಿ,1988,ಬೆಂಗಳೂರು,,ವೈ.ಶಿರಾಲಿ,ಮಾಸಿಕ,ಕನ್ನಡ,,
1087,ಭೃಗುವಾಣಿ,1988,ಬೆಂಗಳೂರು,ಆನಂದ ಬಳಗ,ಎಂ ಸತ್ಯನಾರಾಯಣ ಭಟ್,ತ್ರೈಮಾಸಿಕ,ಕನ್ನಡ,,
1088,ಬ್ರಹ್ಮೇಂದ್ರ ಆಯುರ್ವೇದ,1988,ಬೆಂಗಳೂರು,ಕೆ.ಎಸ್. ವೀರಬ್ರಹ್ಮ ಚಾರಿ,ಕೆ.ಎಸ್. ವೀರಬ್ರಹ್ಮ ಚಾರಿ,ಮಾಸಿಕ,ಕನ್ನಡ,,
1089,ಬ್ರೇವ್ ಸ್ಪೈ,1988,ಬೆಂಗಳೂರು,ಎಂ ರಾಜಭದ್ರ,ಎಂ ಮಣಿ,ಮಾಸಿಕ,ಕನ್ನಡ,,
1090,ಚೆಲುವೆ,1988,ಬೆಂಗಳೂರು,,ಎಂ.ಶ್ರೀಕಾಂತ್,ಪಾಕ್ಷಿಕ,ಕನ್ನಡ,,
1091,ದಯೆಯೇ ಧರ್ಮದ ಮೂಲ,1988,ಬೆಂಗಳೂರು,ಸಿದ್ದ ಗಂಗಮ್ಮ,ಸಿದ್ದ ಗಂಗಮ್ಮ,ಮಾಸಿಕ,ಕನ್ನಡ,,
1092,ಡಿಟೆಕ್ಟಿವ್ ಥ್ರಿಲ್ಲರ್,1988,ಬೆಂಗಳೂರು,ಬಿ ವಿ ಅನಂತ್ ರಾಮ್,ಬಿ ವಿ ಅನಂತ್ ರಾಮ್,ಮಾಸಿಕ,ಕನ್ನಡ,,
1093,ಗಾಂಧಿನಗರ ವಿಚಾರ,1988,ಬೆಂಗಳೂರು,ವೈ ಎನ್ ರಾಮಕೃಷ್ಣ,ವೈ ಎನ್ ರಾಮಕೃಷ್ಣ,ಮಾಸಿಕ,ಕನ್ನಡ,,
1094,ಗುಪ್ತಾ ಎಕ್ಸ್‌ಪ್ರೆಸ್,1988,ಬೆಂಗಳೂರು,ಕೆ ಆರ್ ಗುಪ್ತಾ,ಕೆ ಆರ್ ಗುಪ್ತಾ,ಮಾಸಿಕ,ಕನ್ನಡ,,
1095,ಕಾರ್ಮಿಕ ದೃಷಿಕೋನ,1988,ಬೆಂಗಳೂರು,ಕೆ ರಾಧಾ ಕೃಷ್ಣ,ಕೆ ರಾಧಾ ಕೃಷ್ಣ,ಮಾಸಿಕ,ಕನ್ನಡ,,
1096,ಕರ್ನಾಟಕ ಆರ್ಯ ವೈಶ್ಯ ಮಹಾಸಭಾ ವಾರ್ತಾ ಪತ್ರ,1988,ಬೆಂಗಳೂರು,ಎಸ್ ಕೆ ಶೇಷಾಚಲ,ಎಸ್ ಕೆ ಶೇಷಾಚಲ,,ಕನ್ನಡ,,
1097,ಕಥಾ ಲಹರಿ,1988,ಬೆಂಗಳೂರು,ಬಾಲಕೃಷ್ಣ ಕಾಕತ್ಕರ್,ಬಾಲಕೃಷ್ಣ ಕಾಕತ್ಕರ್,ಮಾಸಿಕ,ಕನ್ನಡ,,
1098,ಕಾವ್ಯಾ ಪ್ರಗತಿ,1988,ಬೆಂಗಳೂರು,ಜಿ ಎಸ್ ಯಶೋದಮ್ಮ,ಜಿ ಎಸ್ ಯಶೋದಮ್ಮ,ಪಾಕ್ಷಿಕ,ಕನ್ನಡ,,
1099,ನಾವು ನೀವು,1988,ಬೆಂಗಳೂರು,ಎಂ ಎಸ್ ಸುರೇಶ್,ವಿ ಎನ್ ಸುಬಾರಾವ್,ಸಾಪ್ತಾಹಿಕ,ಕನ್ನಡ,,
1100,ಪರಿವಾಳ,1988,ಬೆಂಗಳೂರು,ಅತ್ತಿಕುಪ್ಪೆ ರವಿಕುಮಾರ್,ಅತ್ತಿಕುಪ್ಪೆ ರವಿಕುಮಾರ್,,ಕನ್ನಡ,,
1101,ಪೂರ್ಣಾವಸ್ಥೆ,1988,ಬೆಂಗಳೂರು,ಎಂ ರಂಗಯ್ಯ,ಎಂ ರಂಗಯ್ಯ,ಮಾಸಿಕ,ಕನ್ನಡ,,
1102,ಪ್ರೀತಿಯ ಹಕ್ಕಿ,1988,ಬೆಂಗಳೂರು,ವಿ ಲಕ್ಷ್ಮೀಕಾಂತ,ವಿ ಲಕ್ಷ್ಮೀಕಾಂತ,ಮಾಸಿಕ,ಕನ್ನಡ,,
1103,ರಾಜ್ಕುಮಾರ್ ಅಭಿಮಾನಿ ಪತ್ರಿಕೆ,1988,ಬೆಂಗಳೂರು,ಕೇರಳಾಪುರದ ಕೆ ಎಸ್ ಜಯರಾಮನ್,ಕೇರಳಾಪುರದ ಕೆ ಎಸ್ ಜಯರಾಮನ್,,ಕನ್ನಡ,,
1104,ಸರಸ್ವತಿ ವಾಣಿ,1988,ಬೆಂಗಳೂರು,ಎನ್ ರತ್ನಮ್ಮ,ಎನ್ ರತ್ನಮ್ಮ,ಮಾಸಿಕ,ಕನ್ನಡ,,
1105,ಶಂಕರ ಭಾಸ್ಕರ,1988,ಬೆಂಗಳೂರು,,,ತ್ರೈಮಾಸಿಕ,ಕನ್ನಡ,,
1106,ಶಿಕ್ಷಕ ಬಿಂಬ,1988,ಬೆಂಗಳೂರು,ಕರ್ನಾಟಕ ರಾಜ್ಯ ಪ್ರೌಢಶಾಲಾ ಶಿಕ್ಷಕ ಸಂಘ,ಜಿ ನಾರಾಯಣಪ್ಪ/ ಕೆ ಸಿ ಪುಟ್ಟಸಿದ್ದ ಶೆಟ್ಟಿ,ಮಾಸಿಕ,ಕನ್ನಡ,,
1107,ಶುಭೋದಯ,1988,ಬೆಂಗಳೂರು,ಬಿ ವಿ ಚಲುವರಾಜನ್,ಬಿ ವಿ ಚಲುವರಾಜನ್,ಮಾಸಿಕ,ಕನ್ನಡ,,
1108,ತಾರಾಲೋಕ,1988,ಬೆಂಗಳೂರು,ಎಂ ಎಸ್ ಸುರೇಶ್,ವಿ.ಎನ್. ಸುಬಾರಾವ್,ಸಾಪ್ತಾಹಿಕ,ಕನ್ನಡ,,
1109,ವರದ ಆರಂಭ,1988,ಬೆಂಗಳೂರು,ಎಸ್ ಎಂ ಪ್ರಕಾಶ್,ಎಸ್ ಎಂ ಪ್ರಕಾಶ್,ಸಾಪ್ತಾಹಿಕ,ಕನ್ನಡ,,
1110,ಯೌವ್ವನ ತುಂಬಿದಾಗ,1988,ಬೆಂಗಳೂರು,ಎನ್ ಎಲ್ ನಾಗರಾಜ್,ಎನ್ ಎಲ್ ನಾಗರಾಜ್,ಮಾಸಿಕ,ಕನ್ನಡ,,
1111,ಜನ ಸಾಗರ,1988,ಚಿತ್ರದುರ್ಗ,ಡಿ ಎನ್ ಮೈಲಾರಪ್ಪ,ಡಿ ಎನ್ ಮೈಲಾರಪ್ಪ,ದೈನಿಕ,ಕನ್ನಡ,,
1112,ರಹಸ್ಯವಾಗಿ,1988,ಹುಬ್ಬಳ್ಳಿ/ಧಾರವಾಡ,,ಅಹಲ್ಯಾಬಾಯಿ ಸುಗಟೆ,ಸಾಪ್ತಾಹಿಕ,ಕನ್ನಡ,,
1113,ಹುಬ್ಬಳ್ಳಿ ಗೆಜೆಟ್,1988,ಧಾರವಾಡ,,ವೀರಣ್ಣ ದೇಸಾಯಿ,ಸಾಪ್ತಾಹಿಕ,ಕನ್ನಡ,,
1114,ಕವಿರಶ್ಮಿ,1988,ಹುಬ್ಬಳ್ಳಿ/ಧಾರವಾಡ,,ಎನ್ ಬಿ ಮುತಾಲಕರ,ಸಾಪ್ತಾಹಿಕ,ಕನ್ನಡ,,
1115,ಕ್ರುಶಿ ಮುನ್ನೆಡೆ,1988,ಧಾರವಾಡ,ಕೃಷಿ ವಿಶ್ವವಿದ್ಯಾಲಯ ಧಾರವಾಡ,,ತ್ರೈಮಾಸಿಕ,ಕನ್ನಡ,,
1116,ಬಳ್ಕೇದಾರ ಶಿಕ್ಷಣ,1988,ದಕ್ಷಿಣಕನ್ನಡ,ಗ್ರಾಹಕರ ವೇದಿಕೆಗಾಗಿ ಬಿ ಕೃಷ್ಣ ಬಳೆಗಾರ್,ಬಿ ಕೃಷ್ಣ ಬಳಗಾರ್,ಪಾಕ್ಷಿಕ,ಕನ್ನಡ,,
1117,ಚಂದನ,1988,ಮಂಗಳೂರು,ಕೆ.ಜೆ.ಶೆಟ್ಟಿ ಕಳಂದಲೆ,ಕೆ.ಜೆ.ಶೆಟ್ಟಿ ಕಳಂದಲೆ,ಸಾಪ್ತಾಹಿಕ,ಕನ್ನಡ,,
1118,ನಗರ ಸುದ್ದಿ,1988,ಮಂಗಳೂರು,ಶರತ್ ಕುಮಾರ್,ಶರತ್ ಕುಮಾರ್,,ಕನ್ನಡ,,
1119,ಕಣ್ಣೀರಿನ ಶೋಧನೆ,1988,ಮಂಗಳೂರು,,ಕಲ್ಲಪ್ಪ ಭೀಮಪ್ಪ ದೇವರಪಲ್ಲವರ,ಸಾಪ್ತಾಹಿಕ,ಕನ್ನಡ,,
1120,ಕಿರಣ್ ಮಧ್ಯಮ,1988,ಮಂಗಳೂರು,ಜೆರಾಲ್ಡ್ ಮಿಲ್ಪ್ರವೆ ಮೊಂಥೆರೊ,ಜೆರಾಲ್ಡ್ ಮಿಲ್ಪ್ರವೆ ಮೊಂಥೆರೊ,ತ್ರೈಮಾಸಿಕ,ಕನ್ನಡ,,
1121,ಸುಮಾ ಸೌರಭ,1988,ಪುತ್ತೂರು/ದಕ್ಷಿಣಕನ್ನಡ,,ಪಿ.ಎನ್.ಕೃಷ್ಣ ಭಟ್ (ಪಂಕಜ ಸವಣೂರು),ಮಾಸಿಕ,ಕನ್ನಡ,,
1122,ಗಜೇಂದ್ರ ಪರ್ಭ,1988,ಗದಗ/ಗಜೇಂದ್ರಮೇಸ್,,ಕೆ ರಾಘವೇಂದ್ರ/ ಕೆ ಮ್ ಕೂಡಗನೂರು,ಸಾಪ್ತಾಹಿಕ,ಕನ್ನಡ,,
1123,ತಾಳ್ಮೆ ಧ್ವನಿ,1988,ಕಲಬುರ್ಗಿ,,ನಾಗಪ್ಪ ಆರ್ ಟೈಗರ್,ದೈನಿಕ,ಕನ್ನಡ,,
1124,ಜೈ ಭೀಮ ನುಂಗುತ್ತಾನೆ,1988,ಕಲಬುರ್ಗಿ,ಶಂಕರ ಕೋಡ್ಲಾ,ಶಂಕರ ಕೊಡ್ಲಾ / ಸಿದ್ದಣ್ಣ ಮಲಗಾರ,ದೈನಿಕ,ಕನ್ನಡ,,
1125,ಕಾಫಿ ಅಂಗಡಿ,1988,ಕಲಬುರ್ಗಿ,,ವೀರಣ್ಣ ದಂಡೆ/ ಜಯಶ್ರೀ ದಂಡೇ,ತ್ರೈಮಾಸಿಕ,ಕನ್ನಡ,,
1126,ಜಿ ಬಿ ಪತ್ರಿಕೆ,1988,ಮಂಡ್ಯ,,ಜಿ ಬಿ ಪುಟ್ಟಸ್ವಾಮಯ್ಯ,ಸಾಪ್ತಾಹಿಕ,ಕನ್ನಡ,,
1127,ಚೆಲುವ ಮೈಸೂರು,1988,ಮೈಸೂರು,ಎಂ.ಕೆ. ಲಿಂಗಯ್ಯ,ಎಂ.ಕೆ. ಲಿಂಗಯ್ಯ,ದೈನಿಕ,ಕನ್ನಡ,,
1128,ಕಾರ್ಮಿಕರ ಪ್ರಪಂಚ,1988,ಮೈಸೂರು,,ಬಿ.ಬಸವರಾಜ,ಸಾಪ್ತಾಹಿಕ,ಕನ್ನಡ,,
1129,ಶುಭೋದಯ,1988,ಮೈಸೂರು,ಬಿ.ವಿ. ಚಲುವರಾಜನ್,ಬಿ.ವಿ. ಚಲುವರಾಜನ್,ಮಾಸಿಕ,ಕನ್ನಡ,,
1130,ಕೊಡಚಾದ್ರಿ,1988,ತೀರ್ಥಹಳ್ಳಿ,ನಿತ್ಯಾನಂದ ಪೈ ಕೆ,ಕೆ ನಿತ್ಯಾನಂದ ಪೈ/ ವೈ ಕೆ ತಿಮ್ಮರಸಯ್ಯ,ದೈನಿಕ,ಕನ್ನಡ,,
1131,ಮಲೆನಾಡು ವಾಣಿ,1988,ಶಿವಮೊಗ್ಗ,ಟಿ ಎನ್ ಶ್ರೀನಿವಾಸ್,ಟಿ ಎನ್ ಶ್ರೀನಿವಾಸ್,ದೈನಿಕ,ಕನ್ನಡ,,1985
1132,ಸಾಗರ ವಾರ ಪತ್ರಿಕೆ,1988,ಸಾಗರ,ಬಿ.ಮಂಜುನಾಥ್,ಬಿ.ಮಂಜುನಾಥ್,ಸಾಪ್ತಾಹಿಕ,ಕನ್ನಡ,,
1133,ಸುದ್ದಿ ತರಂಗ,1988,ಶಿವಮೊಗ್ಗ,ಎಸ್ ಪಿ ಫೆಡ್,ಎಸ್ ಪಿ ಫೆಡ್,ದೈನಿಕ,ಕನ್ನಡ,,1979
1134,ಕನ್ನಡ ಗಂಗೋತ್ರಿ,1988,ತುಮಕೂರು,ಕೇದಾರನಾಥ,ಕೇದಾರನಾಥ,ಸಾಪ್ತಾಹಿಕ,ಕನ್ನಡ,,
1135,ಮಧುಗಿರಿ ಟೈಮ್ಸ್,1988,ಮಧುಗಿರಿ,,ಪಿ ಎಂ ಉಮೇಶ್,ದೈನಿಕ,ಕನ್ನಡ,,
1136,ಶಿನುವಿನ ಧ್ವನಿ,1988,ತುಮಕೂರು,,ಬಿ.ವಿ.ಶ್ರೀನಿವಾಸರಾಜು,ಸಾಪ್ತಾಹಿಕ,ಕನ್ನಡ,,
1137,ಸಂಪರ್ಕ ಸುಧಾ,1988,ಉಡುಪಿ,ಎಸ್.ಕೆ.ಪ್ರಾಣೇಶ್,ರಘುರಾಮ್ ಬಳಕಡಿ,,ಕನ್ನಡ,,
1138,ನಾಯಕ ರೈ ಭಾರಿ,1988,ಉತ್ತರಕನ್ನಡ,,,ಸಾಪ್ತಾಹಿಕ,ಕನ್ನಡ,,
1139,ಬೆಳಕಿಂಡಿ,1988,ಹೊನ್ನಾವರ,ವೈರಸ ಶಿರಾಲಿ,ವೈರಸ ಶಿರಾಲಿ,ಮಾಸಿಕ,ಕನ್ನಡ,,
1140,ಸ್ವರ್ಗ,1989,ಬೀದರ್,ಆನಂದ್.ಎಸ್.ದೇವಪ್ಪ,ಆನಂದ್.ಎಸ್.ದೇವಪ್ಪ,ದೈನಿಕ,ಕನ್ನಡ,,
1141,ಹೋಮಿಯೋ ಕಿಂಗ್,1989,ಮಹಾಲಿಂಗಪುರ,ಯು ಎಸ್ ವನಹಳ್ಳಿ,ಯು ಎಸ್ ವನಹಳ್ಳಿ,ಮಾಸಿಕ,ಕನ್ನಡ,,
1142,ಕಂದನ ಕಣ್ಣಿರು,1989,ಜಮಖಂಡಿ,,ಬಸವರಾಜ ನುಚ್ಚಿ,ಸಾಪ್ತಾಹಿಕ,ಕನ್ನಡ,,
1143,ಶರಣ ವಾಹಿನಿ,1989,ಬನಹಟ್ಟಿ,ಭಾಸ್ಕರ ಗಿವರ್ಗಿ ಖೋರ್ಪಡೆ,ಭಾಸ್ಕರ ಗಿವರ್ಗಿ ಖೋರ್ಪಡೆ,ಮಾಸಿಕ,ಕನ್ನಡ,,
1144,ಬಿರುಸಿನ ಪ್ರಚಾರ,1989,ಚಿಕ್ಕಬಳ್ಳಾಪುರ/ಹೊಸಕೋಟೆ,ಟಿಸಿ ನಾರಾಯಣಸ್ವಾಮಿ,ಟಿಸಿ ನಾರಾಯಣಸ್ವಾಮಿ,ಮಾಸಿಕ,ಕನ್ನಡ,,
1145,ಆರಕ್ಷಕ ವಾರಿದಿ,1989,ಬೆಂಗಳೂರು,ಬಿ ದೀನಯ್ಯ,ಬಿ ದೀನಯ್ಯ,ಮಾಸಿಕ,ಕನ್ನಡ,,
1146,ಅಶ್ವಘೋಷ,1989,ಬೆಂಗಳೂರು,ಬಿ ಎನ್ ಪ್ರತಾಪ್ ಕುಮಾರ್,ಬಿ ಎನ್ ಪ್ರತಾಪ್ ಕುಮಾರ್,ಮಾಸಿಕ,ಕನ್ನಡ,,
1147,ಅಯೋಧ್ಯೆ,1989,ಬೆಂಗಳೂರು,ವಿ ಕೃಷ್ಣ / ವಿಶ್ವ ಹಿಂದೂ ಪರಿಷದ್,ವಾದಿರಾಜ್ ಪಂಚಮುಖಿ,ಮಾಸಿಕ,ಕನ್ನಡ,,
1148,ಭವ್ಯ ಪರಂಪರೆ,1989,ಬೆಂಗಳೂರು,ಪಿ ಎಂ ಶಿವಮೂರ್ತಿ,ಪಿ ಎಂ ಶಿವಮೂರ್ತಿ,ಮಾಸಿಕ,ಕನ್ನಡ,,
1149,ಬ್ರಾಹ್ಮಣ ಪತ್ರಿಕೆ,1989,ಬೆಂಗಳೂರು,ಎಂ ಕೆ ಗೋವಿಂದರಾಜನ್,ಎಂ ಕೆ ಗೋವಿಂದರಾಜನ್,,ಕನ್ನಡ,,
1150,ಜಿ ಬಿ ರಾಜ್ ಪತ್ರಿಕೆ,1989,ಬೆಂಗಳೂರು,ಜಿ ಬಿ ರಾಜ್,ಜಿ ಬಿ ರಾಜ್,ಸಾಪ್ತಾಹಿಕ,ಕನ್ನಡ,,
1151,ಮಿಥುನ ರಾಶಿ,1989,ಬೆಂಗಳೂರು,ಎಸ್ ಡಿ ಎನ್ ಮೂರ್ತಿ,ಎಸ್ ಡಿ ಎನ್ ಮೂರ್ತಿ,ಮಾಸಿಕ,ಕನ್ನಡ,,
1152,ಹಂಸ ರಾಗ,1989,ಬೆಂಗಳೂರು,ಕೆ ಇಂದಿರಾ,ಕೆ ಇಂದಿರಾ,ಮಾಸಿಕ,ಕನ್ನಡ,,
1153,ಸಾರ್ವಜನಿಕ ಅಭಿಪ್ರಾಯ,1989,ಬೆಂಗಳೂರು,,ಬಿ ಸಿ ತಿಮ್ಮರಾಯಪ್ಪ,,ಕನ್ನಡ,,
1154,ಕನ್ನಡ ದೇವತೆಗಳು,1989,ಬೆಂಗಳೂರು,ಟಿ ಎಲ್ ಲಿಂಗಯ್ಯ,ಟಿ ಎಲ್ ಲಿಂಗಯ್ಯ,ಮಾಸಿಕ,ಕನ್ನಡ,,
1155,ಕಿತ್ತಳೆ ನಾಡು,1989,ಬೆಂಗಳೂರು,ಕುವೆಂದ.ವೈ .ಹಮ್ಜತ್ ಹುಲ್ಲಾ,ಕುವೆಂದ.ವೈ .ಹಮ್ಜತ್ ಹುಲ್ಲಾ,ಸಾಪ್ತಾಹಿಕ,ಕನ್ನಡ,,
1156,ಮಾಗಡಿ ಪ್ರಭು,1989,ಬೆಂಗಳೂರು,,ಉಮೇಶ್,ಮಾಸಿಕ,ಕನ್ನಡ,,
1157,ಮೊದಲ ಪ್ರಭಾ,1989,ಬೆಂಗಳೂರು,ವಿ.ವೆಂಕಟಸ್ವಾಮಿ,ವಿ.ವೆಂಕಟಸ್ವಾಮಿ,ಮಾಸಿಕ,ಕನ್ನಡ,,
1158,ನಾಥ ಸಂದೇಶ,1989,ಬೆಂಗಳೂರು,ನೀಲಕಂಠ ಸ್ವಾಮೀಜಿ,ನೀಲಕಂಠ ಸ್ವಾಮೀಜಿ,ಮಾಸಿಕ,ಕನ್ನಡ,,
1159,ಪುಟ್ಟ ರಾಜ,1989,ಬೆಂಗಳೂರು,ವೈ ರಾಜು,ವೈ ರಾಜು,ಮಾಸಿಕ,ಕನ್ನಡ,,
1160,ಪೊಲೀಸ್ ಡೈರಿ,1989,ಬೆಂಗಳೂರು,ಕೆ ಎಸ್ ಜಯರಾಮನ್,ಕೆ ಎಸ್ ಜಯರಾಮನ್,ಪಾಕ್ಷಿಕ,ಕನ್ನಡ,,
1161,ತೃಪ್ತಿಯಾಯಿತು,1989,ಬೆಂಗಳೂರು,ಅಮೃತ ಬಿಂದು ಪ್ರಕಾಶನ,ಉದಯ ಧರ್ಮಸ್ಥಳ,ಮಾಸಿಕ,ಕನ್ನಡ,,
1162,ಸರ್ವೋದಯ ವಾಹಿನಿ,1989,ಬೆಂಗಳೂರು,ಎಚ್ ಎಸ್ ದೊರೆಸ್ವಾಮಿ,ಸತ್ಯ ವ್ರತ,ಪಾಕ್ಷಿಕ,ಕನ್ನಡ,,
1163,ಗುಂಪು ಹೋಗಿ,1989,ಬೆಂಗಳೂರು,ಸುನೀತಾ ಬಸ್ತಿ,ಸುಕುಮಾರ್ ಬಸ್ತಿ,,ಕನ್ನಡ,,
1164,ಮಲೆನಾಡು ಸಂಗತಿ,1989,ಚಿಕ್ಕಮಗಳೂರು,ಸುಂದರೇಶ್ ಎಚ್.ಎಸ್.,ಎಚ್‌ಎಂಸಿ ನೋಜಿರಾಮ್,ದೈನಿಕ,ಕನ್ನಡ,,
1165,ಹೊಸ ಅಧ್ಯಾಯ,1989,ಕಡೂರು/ಚಿಕ್ಕಮಗಳೂರು,ಕೆ.ವಿ.ವಾಸು,ಕೆ.ವಿ.ವಾಸು,ಸಾಪ್ತಾಹಿಕ,ಕನ್ನಡ,,
1166,ಗರುಡ ದ್ವಜ,1989,ಚಿತ್ರದುರ್ಗ,ದರ್ಶನ್ ಕುಮಾರ್,ಲೆಫ್ಟಿನೆಂಟ್ ವಿಜಯ್ ಕುಮಾರ್ / ದರ್ಶನ್ ಕುಮಾರ್,ದೈನಿಕ,ಹಿಂದಿ,,1981
1167,ಗುಂಪು ಹೋಗಿ,1989,ಚಿತ್ರದುರ್ಗ,ಸಿ ಕೆ ಪ್ರೇಮಕುಮಾರ್,ಸಿ ಕೆ ಪ್ರೇಮಕುಮಾರ್,ಪಾಕ್ಷಿಕ,ಕನ್ನಡ,,
1168,ಎಸ್ ಬಿ ಆರ್ ಮಿತ್ರ,1989,ಚಿತ್ರದುರ್ಗ,,ಎಸ್ ಭೀಮಾ ರೆಡ್ಡಿ,ದೈನಿಕ,ಕನ್ನಡ,,
1169,ಜಾಗೃತ ದಳ,1989,ದಾವಣಗೆರೆ,,ಡಿ: ಮಂಜುನಾಥ್,ಸಾಪ್ತಾಹಿಕ,ಕನ್ನಡ,,
1170,ಸಂತೇಬೆನ್ನೂರು ಗ್ರಾಮೀಣವಾಣಿ,1989,ದಾವಣಗೆರೆ,,ಸತ್ಯನಾರಾಯಣ ನಾಡಿಗ್,ಸಾಪ್ತಾಹಿಕ,ಕನ್ನಡ,,
1171,ದ್ರೋಣಪುರ ವಾರ್ತೆ,1989,ಧಾರವಾಡ,,ನಾಗರಾಜ: ಹಳ್ಳಿ,ಸಾಪ್ತಾಹಿಕ,ಕನ್ನಡ,,
1172,ಜನಮಿತ್ರ ಮಕ್ಕಳ ಪುಟ,1989,ಹುಬ್ಬಳ್ಳಿ/ಧಾರವಾಡ,,,,ಕನ್ನಡ,,
1173,ಜಿಹ್ವಯೇಶ್ ಪತ್ರಿಕೆ,1989,ಹುಬ್ಬಳ್ಳಿ/ಧಾರವಾಡ,,ಜಿಹ್ವೇಶ ಪತ್ರಿಕೇ ಪೀಠಾಂಭರ ದೇವತಾ,ಮಾಸಿಕ,ಕನ್ನಡ,,
1174,ಕೈಗಾರಿಕಾ ಅಭಿವೃದ್ದಿ,1989,ಹುಬ್ಬಳ್ಳಿ/ಧಾರವಾಡ,ಅಖಿಲ ಕರ್ನಾಟಕ ಮೇಡಂ ಗಿರಿಜನಾಂಗದ ಯುವಜನ ಕಲ್ಯಾಣ ಸೇವಾ ಸಂಘ,ಅಕ್ಬರ್ ಬೆಳಗಾಂವಕರ,ಪಾಕ್ಷಿಕ,ಕನ್ನಡ,,
1175,ಆರಕ್ಷಕ ವಾಣಿ,1989,ಮಂಗಳೂರು,ಎಂ.ಎಸ್.ರಾವ್,ಎಂ.ಎಸ್.ರಾವ್,ದೈನಿಕ,ಕನ್ನಡ,,
1176,ಅಡಿಕೆ ಪತ್ರಿಕೆ,1989,ಪುತ್ತೂರು/ದಕ್ಷಿಣಕನ್ನಡ,,ಮಾಚಿ ಶ್ರೀನಿವಾಸ್ ಆಚಾರ್,ಮಾಸಿಕ,ಕನ್ನಡ,,
1177,ಕೆಂಪು ತಾರೇ,1989,ಮಂಗಳೂರು,,,,ಕನ್ನಡ,,
1178,ಮೀನುಗಾರ,1989,ಮಂಗಳೂರು,ಯಶವಂತ ಬೋಳೂರು,ಯಶವಂತ ಬೋಳೂರು,ಮಾಸಿಕ,ಕನ್ನಡ,,
1179,ರೋಟಾ ವಾಹಿನಿ,1989,ಪುತ್ತೂರು,ಪುತ್ತೂರಿನ ರೋಟರಿ ಕ್ಲಬ್,ಪ್ರಸನ್ನ ಹೆಬ್ಬಾರ್,ಸಾಪ್ತಾಹಿಕ,ಕನ್ನಡ,,
1180,ಸಪ್ತಸಾರ,1989,ದಕ್ಷಿಣಕನ್ನಡ,ಬಿ ರತ್ನಾಕರ್ ಪುತ್ರರು,ಎಸ್ ಕೆ ಸನಿಲ್,ಸಾಪ್ತಾಹಿಕ,ಕನ್ನಡ,,
1181,ಸುಜಾತ,1989,ದಕ್ಷಿಣಕನ್ನಡ,,ಪ್ರಭಾಕರ್,ಸಾಪ್ತಾಹಿಕ,ಕನ್ನಡ,"1965, Editor/Publish er - Gebrielle Bangera, Periodicity - Monthly",
1182,ಕೆನರಾ ಟೈಮ್ಸ್,1989,ಮಂಗಳೂರು,,,ದೈನಿಕ,ಇಂಗ್ಲೀಷ್,,
1183,ಹಾಸನ ಪ್ರಭಾ,1989,ಹಾಸನ,,ಜಿ ಟಿ ಗೌಡ,,ಕನ್ನಡ,,
1184,ಪ್ರತಿ ಗಂಗೆ,1989,ಕಲಬುರ್ಗಿ,ಪ್ರಸಾರಾಂಗ ಗುಲಬರ್ಗಾ ವಿಶ್ವವಿದ್ಯಾಲಯ,ಬಸವರಾಜು ಸಬರದ/ವಿಜಯ ಗುತಾಳ,Half Yearly,ಕನ್ನಡ,,
1185,ಸಂಶೋಧನ ವ್ಯಾಸಂಗ,1989,ಕಲಬುರ್ಗಿ,ಸಂಗಮೇಶ ಸಉಂದತ್ತಿ ಮತ,ಸಂಗಮೇಶ ಸಉಂದತ್ತಿ ಮತ,ದ್ವೈಮಾಸಿಕ,ಕನ್ನಡ,,
1186,ನಿಜವಾದ ಕೆಲಸ,1989,ಕಲಬುರ್ಗಿ,ಪಿ ಎಂ ಮಣ್ಣೂರು,ಪಿ.ಎಂ.ಮಣ್ಣೂರು / ಪ್ರದೀಪ್ ಎ ಕುಲಕರ್ಣಿ,ದೈನಿಕ,ಕನ್ನಡ,,
1187,ಶೋದನೆ,1989,ಕಲಬುರ್ಗಿ,ರೂಪ ರಶ್ಮಿ ಪಬ್ಲಿಕೇಷನ್ಸ್,ಸಂಗಮೇಶ ಸವದತ್ತಿಮಠ,ಮಾಸಿಕ,ಕನ್ನಡ,,
1188,ವಿಶ್ವ ಪ್ರಚಾರ,1989,ಕಲಬುರ್ಗಿ,,ವೆಂಕಟರಾವ್ ನಾ ಕಾಮಿತ್ಕರ್,ದೈನಿಕ,ಕನ್ನಡ,,
1189,ಕಿತ್ತಳೆ ನಾಡು,1989,,,ಕುವೆಂದ ವೈ ಹಂಜುತುಲ್ಲಾ,ಸಾಪ್ತಾಹಿಕ,ಕನ್ನಡ,,
1190,ಸಿಡಿಲು,1989,ಮಡಿಕೇರಿ,,ಡಿ ಎಂ ಚಿನ್ನಪ್ಪ,ಸಾಪ್ತಾಹಿಕ,ಕನ್ನಡ,,
1191,ಕೋಲಾರ ಸೊಬಗು,1989,ಕೋಲಾರ,,ಟಿ ಸಿ ಬದರಿನಾಥ್,ಸಾಪ್ತಾಹಿಕ,ಕನ್ನಡ,,
1192,ಸ್ಯಾಮ್ ಸಂ ಸ್ಯಾಮ್ ವರ್ಥಪತ್ರಿಕೆ,1989,ಮೇಲುಕೋಟೆ,ಸಂಸ್ಕೃತ ಸಂಶೋಧನ ಸಂಸದ್,,ತ್ರೈಮಾಸಿಕ,ಕನ್ನಡ,,
1193,ಕನ್ನಡ ವ್ಯಾಗ್ರ,1989,ಚಾಮರಾಜನಗರ,ಎಸ್ ಮುರಳಿ,ಎಸ್ ಮುರಳಿ,ಸಾಪ್ತಾಹಿಕ,ಕನ್ನಡ,,
1194,ಸುದ್ದಿಮೂಲ,1989,ರಾಯಚೂರು,ಬಸವರಾಜ ಸ್ವಾಮಿ,ಬಸವರಾಜ ಸ್ವಾಮಿ,ದೈನಿಕ,ಕನ್ನಡ,,
1195,ನಾಗವಲ್ಲಿ,1989,ಚನ್ನಪಟ್ಟಣ,ಅನ್ನಪೂರ್ಣ ನಾಗವಾರ,ಅನ್ನಪೂರ್ಣ ನಾಗವಾರ,ಸಾಪ್ತಾಹಿಕ,ಕನ್ನಡ,,
1196,ರಾಮನಗರ ಟೈಮ್ಸ್,1989,ರಾಮನಗರ,,ಎಂ ಎ ಅಲ್ಮೇಡಾ,ದೈನಿಕ,ಕನ್ನಡ,,
1197,ಮಣ್ಣಿನ ವಾಸನೆ,1989,ಸಾಗರ,ಎ ಆರ್ ಶ್ರೀನಿವಾಸ್,ಎ ಆರ್ ಶ್ರೀನಿವಾಸ್,ಸಾಪ್ತಾಹಿಕ,ಕನ್ನಡ,,
1198,ರೂರಲ್ ಎಕ್ಸ್‌ಪ್ರೆಸ್,1989,ಶಿವಮೊಗ್ಗ,ಜಗನ್ನಾಥ ಆನವಟ್ಟಿ,ಜಗನ್ನಾಥ ಆನವಟ್ಟಿ,ಸಾಪ್ತಾಹಿಕ,ಕನ್ನಡ,,
1199,ಜಯ ವರ್ಧಿನಿ,1989,ಕುಣಿಗಲ್,,ಎಸ್ ರವಿಕುಮಾರ್,ಸಾಪ್ತಾಹಿಕ,ಕನ್ನಡ,,
1200,ಸಾಹಿತ್ಯ ಚಿಂತನೆ,1989,ಶಿರಸಿ,ಕಲಾರಂಗ ಸಂಸ್ಕೃತಿ ವೇದಿಕೆ,,,ಕನ್ನಡ,,
1201,ಉಷಾ ವಾಣಿ,1989,ಶಿರಸಿ,,ಗೋಪಾಲಕೃಷ್ಣ ಆನವಟ್ಟಿ,ಸಾಪ್ತಾಹಿಕ,ಕನ್ನಡ,,
1202,ಆನಂದ,1989,ವಿಜಯಪುರ,,,ಸಾಪ್ತಾಹಿಕ,ಕನ್ನಡ,,
1203,ಹೇಮವರ್ಣ,1989,ವಿಜಯಪುರ,ಅನುರಾಧ ರಾಚಪ್ಪ ಅಂಡಂಗಿ,ಅನುರಾಧಾರ್ಚಪ್ಪ ಆಸಂಗಿ,ದೈನಿಕ,ಕನ್ನಡ,,
1204,ರಾಜ್ಯ ಸುದ್ದಿ,1990,ಬಾಗಲಕೋಟೆ,,ಪ್ರಭಾಕರ ದೇಸಾಯಿ,ಸಾಪ್ತಾಹಿಕ,ಕನ್ನಡ,,
1205,ಪುದರಿ,1990,ಬೆಳಗಾವಿ,ಶ್ರೀಕಾಂತ್ / ಡಾ. ಜಿ ಜಿ ಜಾದವ್,ಡಾ. ಜಿ ಜಿ ಜಾದವ್,ದೈನಿಕ,ಮರಾಠಿ,,"1980, Pratap singh Jadav"
1206,ಅಂಜದ ಹುಲಿ,1990,ಬೆಂಗಳೂರು,ವೈ ನಂಜಪ್ಪ,ವೈ ನಂಜಪ್ಪ,ಮಾಸಿಕ,ಕನ್ನಡ,,
1207,ಬನಶಂಕರಿ,1990,ಬೆಂಗಳೂರು,ಜಿ.ಪುರುಷೋತ್ತಮ್,ಜಿ.ಪುರುಷೋತ್ತಮ್,ಮಾಸಿಕ,ಕನ್ನಡ,,
1208,ಚನ್ನಗಿರಿ ಪತ್ರಿಕೆ,1990,ಬೆಂಗಳೂರು,ಟಿ ಚನ್ನಗಗಿರಿಯಹಾ,ಟಿ ಚನ್ನಗಗಿರಿಯಹಾ,ಮಾಸಿಕ,ಕನ್ನಡ,,
1209,ದಯಾನಂದ ಸಾಗರ್,1990,ಬೆಂಗಳೂರು,ಎನ್ ಬಿ ಸುಶೀಲಾ,ಎನ್ ಬಿ ಸುಶೀಲಾ,ಮಾಸಿಕ,ಕನ್ನಡ,,
1210,ದೇವತೆಗಳು,1990,ಬೆಂಗಳೂರು,,ಟಿ ಸಿ ಲೋಕೇಶಪ್ಪ,ಸಾಪ್ತಾಹಿಕ,ಕನ್ನಡ,,
1211,ದೇವತಾ ಮನುಷ್ಯ,1990,ಬೆಂಗಳೂರು,,ಬಿ ಬಸವರಾಜ,ಪಾಕ್ಷಿಕ,ಕನ್ನಡ,,
1212,ಇಂಜಿನಿಯರ್ಸ್ ಡೈರಿ,1990,ಬೆಂಗಳೂರು,ಯಶೋದಾ ರಮೇಶ್,ರಮೇಶ್ ಸುರ್ವೆ,ಮಾಸಿಕ,ಕನ್ನಡ,,
1213,ಜಯನಗರ ಸುದ್ದಿ,1990,ಬೆಂಗಳೂರು,ಬಿ ಎನ್ ಮೂರ್ತಿ,ಬಿ ಎನ್ ಮೂರ್ತಿ,ಸಾಪ್ತಾಹಿಕ,ಕನ್ನಡ,,
1214,ಕಾವೇರಿ ಜಲ ವಾಹಿನಿ,1990,ಬೆಂಗಳೂರು,,,ಮಾಸಿಕ,ಕನ್ನಡ,,
1215,ಕವಿ ಕಂಡ ಕನಸು,1990,ಬೆಂಗಳೂರು,ಶ್ರೀಧರ್,ಶ್ರೀಧರ್,,ಕನ್ನಡ,,
1216,ಮಹಿಳಾ ಮಕ್ಕಳ ಸೇವಾ,1990,ಬೆಂಗಳೂರು,ರ್ ಸತ್ಯನಾರಾಯಣ,ರ್ ಸತ್ಯನಾರಾಯಣ,ಮಾಸಿಕ,ಕನ್ನಡ,,
1217,ನಗರ ಸುದ್ದಿ,1990,ಬೆಂಗಳೂರು,,ಮಹದೇವ ಪ್ರಕಾಶ್,ದೈನಿಕ,ಕನ್ನಡ,,
1218,ಸಾರ್ವಜನಿಕ ಪ್ರತಿಕ್ರಿಯೆ,1990,ಬೆಂಗಳೂರು,,ಅಸುರ ಬಸವರಾಜ,,ಕನ್ನಡ,,
1219,ತಂತ್ರಿಕಾ ಜ್ವಾಲಾ,1990,ಬೆಂಗಳೂರು,ಟಿ ಲೋಕಪ್ರಕಾಶ ರೆಡ್ಡಿ,ಟಿ ಲೋಕಪ್ರಕಾಶ ರೆಡ್ಡಿ,ಪಾಕ್ಷಿಕ,ಕನ್ನಡ,,
1220,ತಿಳಿದ ಮಾತು,1990,ಬೆಂಗಳೂರು,ಬಿ.ಎಸ್.ನಂಜುಂಡಸ್ವಂ ವೈ,ಬಿ.ಎಸ್.ನಂಜುಂಡಸ್ವಾಮಿ,ಮಾಸಿಕ,ಕನ್ನಡ,,
1221,ವಿಜ್ಞಾನಿ ಕೋಲಿ ಸಕ್ನಿಕೆ,1990,ಬೆಂಗಳೂರು,ಡಾ ಡಿ ಆರ್ ನಾಗೇಶ್,ಡಾ ಡಿ ಆರ್ ನಾಗೇಶ್,ಮಾಸಿಕ,ಕನ್ನಡ,,
1222,ವಿಜಯನಗರದ ವೈಭವ,1990,ಬೆಂಗಳೂರು,ಎನ್ ಲಕ್ಷ್ಮಣ್ ರಾವ್,ಎನ್ ಲಕ್ಷ್ಮಣ್ ರಾವ್,,ಕನ್ನಡ,,
1223,ಯುವ ಸಂರಕ್ಷಣೆ,1990,ಬೆಂಗಳೂರು,ನಂದಿ ದುರ್ಗಾ ಬಾಲು,ನಂದಿ ದುರ್ಗಾ ಬಾಲು,ಮಾಸಿಕ,ಕನ್ನಡ,,
1224,ದ್ರೋಣಾಚಲ,1990,ಕೊಪ್ಪ/ಚಿಕ್ಕಮಗಳೂರು,ಎಂ.ವಿ.ಗಂಗಾಧರ,ಎಂ.ವಿ.ಗಂಗಾಧರ,ಪಾಕ್ಷಿಕ,ಕನ್ನಡ,,
1225,ಸ್ನೇಹಪ್ರಿಯಾ,1990,ಚಿಕ್ಕಮಗಳೂರು,ಟಿ.ಎನ್.ಎ. ಮುದಲಿಯಾರ್,ಟಿ.ಎನ್.ಎ. ಮುದಲಿಯಾರ್,ದೈನಿಕ,ಕನ್ನಡ,,
1226,ಸಂಜೀವನಿ,1990,ಹುಬ್ಬಳ್ಳಿ/ಧಾರವಾಡ,ಬಿ ಟಿ ಅಮುತನ್,ಬಿ ಟಿ ಅಮುತನ್,ಮಾಸಿಕ,ಕನ್ನಡ,,
1227,ಗುರು ವಾಣಿ,1990,ಮಂಗಳೂರು,ಅಖಿಲ ಭಾರತ ಬಿಲ್ಲವರ ಯೂನಿಯನ್,ಎಂ.ಕೆ. ಕುಕ್ಕ್ಜೆ,ಮಾಸಿಕ,ಕನ್ನಡ,,
1228,ರಾಶಿ,1990,ದಕ್ಷಿಣಕನ್ನಡ,ಜ್ಞಾನನಾಥ ಯಕ್ಕರ್,ಜ್ಞಾನನಾಥ ಯಕ್ಕರ್,,ತುಳು,,
1229,ತುಳುವೆರೆ ಕೇದಗೆ,1990,ದಕ್ಷಿಣಕನ್ನಡ,ಕೆ ನಾರಾಯಣ,ಕೆ ಎನ್ ದೇವಣ್ಣ,ಮಾಸಿಕ,ತುಳು,K N Devannga,
1230,ಮಂಗಳೂರಿನ ಗೆಳೆಯ,1990,ಮಂಗಳೂರು,ಎಸ್ ಕೆ ಸನಿಲ್,ಎಸ್ ಕೆ ಸನಿಲ್,ದೈನಿಕ,ಕನ್ನಡ,,
1231,ಉತ್ಕರ್ಶ್,1990,ಕಲಬುರ್ಗಿ,ಉಮಥಾನಯರಾಜ,ಉಮಠಾಣಯರಾಜ/ ವೆಂಕಟೇಶ್ ಬಲವಾದಾಗಿ,ತ್ರೈಮಾಸಿಕ,ಕನ್ನಡ,,
1232,ಕೊಡಗು ಮಿತ್ರ,1990,ಕೊಡಗು,,ಬರದ್ವಾಜ,ಸಾಪ್ತಾಹಿಕ,ಕನ್ನಡ,,
1233,ಮಂಡ್ಯ ಸುದ್ದಿ,1990,ಮಂಡ್ಯ,ಕೆ ಎಸ್ ಬಾಲಕೃಷ್ಣ,ಕೆ ಎಸ್ ಬಾಲಕೃಷ್ಣ,ದೈನಿಕ,ಕನ್ನಡ,,1988
1234,ಸಂಜೆ ಸಮಾಚಾರ,1990,ಮೈಸೂರು,ಎಚ್ ಸಿ ವಿಷ್ಣುಮೂರ್ತಿ,ಎಚ್ ಸಿ ವಿಷ್ಣುಮೂರ್ತಿ,ದೈನಿಕ,ಕನ್ನಡ,,
1235,ಸವಿ ಮಂದಾರ,1990,ಕೆ.ಆರ್.ನಗರ,ಮಲಲಿನಟರಾಜಕುಮಾರ್,,ದೈನಿಕ,ಕನ್ನಡ,,
1236,ವಾರದ ಮಿತ್ರ,1990,ಮೈಸೂರು,ಶಿವಶಂಕರಸ್ವಾಮಿ ವೈ.ಆರ್,ಶಿವಶಂಕರಸ್ವಾಮಿ ವೈ.ಆರ್,ಸಾಪ್ತಾಹಿಕ,ಕನ್ನಡ,,
1237,ನಿತ್ಯ ನೂತನ,1990,ರಾಯಚೂರು,ಎಂ ಬಿ ಪಾಟೀಲ್,ಎಂ ಬಿ ಪಾಟೀಲ್,ದೈನಿಕ,ಕನ್ನಡ,,
1238,ಕಾರ್ಗತ್ತಲು,1990,ರಾಮನಗರ,,ಎಚ್ ಎಸ್ ಗೋಪಾಲಕೃಷ್ಣ,ದೈನಿಕ,ಕನ್ನಡ,,
1239,ಆರೋಗ್ಯ ಸಂಪತ್ತು,1990,ಶಿವಮೊಗ್ಗ,ಡಾ.ಎಂ ಕೆ ಭಟ್,ಡಾ.ಎಂ ಕೆ ಭಟ್,ಮಾಸಿಕ,ಕನ್ನಡ,,
1240,ಮಂಗಳ ವಾಣಿ,1990,ಸಾಗರ,ಅನುರಾಧ ಭಟ್ ಶಿರಳಾಗಿ,ಅನುರಾಧ ಭಟ್ ಶಿರಳಾಗಿ,ಮಾಸಿಕ,ಕನ್ನಡ,,
1241,ಋಷ್ಯಶೃಂಗ,1990,ಶಿವಮೊಗ್ಗ,ಎಂ ಕೃಷ್ಣಾಚಾರ್,ಎಂ ಕೃಷ್ಣಾಚಾರ್,ಸಾಪ್ತಾಹಿಕ,ಕನ್ನಡ,,
1242,ಜ್ಞಾನ ದೀಪಾ,1990,ಉಡುಪಿ,ಪಿ ವಿ ರಾವ್,ಪಿ ವಿ ರಾವ್,ಮಾಸಿಕ,ಕನ್ನಡ,,
1243,ಸಾಧಕ್,1990,ಜಮಖಂಡಿ/ವಿಜಯಪುರ,,ಕಲ್ಲಪ್ಪ ಹೂಗಾರ,ಸಾಪ್ತಾಹಿಕ,ಕನ್ನಡ,,
1244,ಯುಗದೀಪ್,1990,ವಿಜಯಪುರ,ಎಸ್ ಬಿ ಧಾರವಾಡಕರ್,ಎಸ್ ಬಿ ಧಾರವಾಡಕರ್,ದೈನಿಕ,ಕನ್ನಡ,,
1245,ಜುಗ್ಗಾನು,1991,ರಬಕವಿ,,ರಾಜು ಕಂಚುನಾಕಿ/ ಹೈದರಾಲಿ ನಾಡಪ್ಪ,ದೈನಿಕ,ಕನ್ನಡ,,
1246,ಅಖಿಲ ಭರತ ರಾಜು ಕ್ಷತ್ರಿಯ ಕಲ್ಯಾಣ,1991,ಬೆಂಗಳೂರು,ಜಿ ನಾರಾಯಣರಾಜು,"ಜಮಖಂಡಿ
 ಜಿ. ನಾರಾಯಣರಾಜು",ಮಾಸಿಕ,ಕನ್ನಡ,,
1247,ಆರಕ್ಷಕ ಜ್ಯೋತಿ,1991,ಬೆಂಗಳೂರು,ವಿ ರಮೇಶ್,ವಿ ರಮೇಶ್,ಪಾಕ್ಷಿಕ,ಕನ್ನಡ,,
1248,ಅರಣ್ಯ ಅಭಕರಿ,1991,ಬೆಂಗಳೂರು,ಎಸ್ ಅನಾಸರ್,ಎಸ್ ಅನಾಸರ್,ಮಾಸಿಕ,ಕನ್ನಡ,,
1249,ಬಡವರ ಕಣ್ಣೀರು,1991,ಬೆಂಗಳೂರು,ಬಿ ಎನ್ ಮಹೇಂದ್ರ ಸ್ವಾಮಿ,ಬಿ ಎನ್ ಮಹೇಂದ್ರ ಸ್ವಾಮಿ,,ಕನ್ನಡ,,
1250,ಬಾನು ಬೆಳಕು,1991,ಬೆಂಗಳೂರು,ಎಚ್.ಸಿ.ಕೃಷ್ಣಪ್ಪ,ಎಚ್.ಸಿ.ಕೃಷ್ಣಪ್ಪ,,ಕನ್ನಡ,,
1251,ಬೆಂಗಳೂರಿನಿಂದ ದೆಹಲಿಗೆ,1991,ಬೆಂಗಳೂರು,ಕೆ ತ್ಯಾಗರಾಜ,ಕೆ ತ್ಯಾಗರಾಜ,ಮಾಸಿಕ,ಕನ್ನಡ,,
1252,ಭಾವಸಾರ ನುಡಿ,1991,ಬೆಂಗಳೂರು,ಟಿಜಿ ರಂಗನಾಥ ರಾವ್,ಟಿಜಿ ರಂಗನಾಥ ರಾವ್,ಪಾಕ್ಷಿಕ,ಕನ್ನಡ,,
1253,ಬುಡು ಕುಂಟೆ ಭೂಮಿ,1991,ಬೆಂಗಳೂರು,ಜಗನ್ನಾಥ ರಾವ್ ಪದಕ,ಜಗನ್ನಾಥ ರಾವ್ ಪದಕ,ಪಾಕ್ಷಿಕ,ಕನ್ನಡ,,
1254,ಚಂದ್ರೋದಯ ಪತ್ರಿಕೆ,1991,ಬೆಂಗಳೂರು,ಎಸ್.ಎಚ್.ಎಂ ಮಲ್ಲಿಕಾರ್ಜುನ,ಎಸ್.ಎಚ್.ಎಂ ಮಲ್ಲಿಕಾರ್ಜುನ,ಪಾಕ್ಷಿಕ,ಕನ್ನಡ,,
1255,ಚುಟುಕ,1991,ಬೆಂಗಳೂರು,ಸಂಗಮ ಪಬ್ಲಿಕೇಷನ್ಸ್,ಎನ್ ಸುಂದರ್ ರಾಜನ್,ಮಾಸಿಕ,ಕನ್ನಡ,,
1256,ಡಿ ಸಿ ಪಿ ರಾಜ,1991,ಬೆಂಗಳೂರು,ಕೆ ಎಸ್ ಬಶೀರ್,ಕೆ ಎಸ್ ಬಶೀರ್,ಮಾಸಿಕ,ಕನ್ನಡ,,
1257,ನಾನು ವರ್ಣ,1991,ಬೆಂಗಳೂರು,ಕೆ ನಾಗರಾಜು,ಕೆ ನಾಗರಾಜು,ಮಾಸಿಕ,ಕನ್ನಡ,,
1258,ಹೆಣ್ಣು ಧ್ವನಿ,1991,ಬೆಂಗಳೂರು,ಎಂ ಎ ಮನೋಹರ್,ಎಂ ಎ ಮನೋಹರ್,ಮಾಸಿಕ,ಕನ್ನಡ,,
1259,ಜಲ ಕೃಷ್ಣ,1991,ಬೆಂಗಳೂರು,,ಬಿ ಶ್ರೀನಿವಾಸನ್,ಮಾಸಿಕ,ಕನ್ನಡ,,
1260,ಕನ್ನಡ ಸಂದೇಶ,1991,ಬೆಂಗಳೂರು,ಕ್ರಿಶ್ಚಿಯನ್ ಸಂಪನ್ಮೂಲ ಕೇಂದ್ರ,ವಿ.ನಿರಂಜನಕುಮಾರ್,,ಕನ್ನಡ,,
1261,ಮಹಾ ಜಗತ್ತು,1991,ಬೆಂಗಳೂರು,ಶಕುಂತಲಾ ಎಂ ಡಿ,ಶಕುಂತಲಾ ಎಂ ಡಿ,,ಕನ್ನಡ,,
1262,ಮಿನುಗುತಾರೆ,1991,ಬೆಂಗಳೂರು,ಬಿ ಎಸ್ ವಿರೂಪಾಕ್ಷ,ಬಿ ಎಸ್ ವಿರೂಪಾಕ್ಷ,,ಕನ್ನಡ,,
1263,ಮುಗಿಲಮಲ್ಲಿಗೆ,1991,ಬೆಂಗಳೂರು,ಜಿ ಎನ್ ವೆಂಕಟೇಶ್,ಜಿ ಎನ್ ವೆಂಕಟೇಶ್,ಸಾಪ್ತಾಹಿಕ,ಕನ್ನಡ,,
1264,ನಾಲ್ಕು ನಿಟ್ಟಿನಿಂದ,1991,ಬೆಂಗಳೂರು,ಎನ್ ಎಲ್ ನಾಗರಾಜ್,ಎನ್ ಎಲ್ ನಾಗರಾಜ್,ಮಾಸಿಕ,ಕನ್ನಡ,,
1265,ನಂದಣ್ಣವ್ನ,1991,ಬೆಂಗಳೂರು,ವಿ ರಮೇಶ್,ವಿ ರಮೇಶ್,ಪಾಕ್ಷಿಕ,ಕನ್ನಡ,,
1266,ಸಂಚಾರಿ ಲೋಕ,1991,ಬೆಂಗಳೂರು,ಎಸ್ ವಿ. ಮುದ್ದಪ್ಪ,ಎಸ್ ವಿ. ಮುದ್ದಪ್ಪ,ಸಾಪ್ತಾಹಿಕ,ಕನ್ನಡ,,
1267,ಸಂಜೆ ಸಮಾಚಾರ,1991,ಬೆಂಗಳೂರು,ಮಲ್ಲಾಳಿ ನಟರಾಜ್ ಕುಮಾರ್,ಮಲ್ಲಾಳಿ ನಟರಾಜ್ ಕುಮಾರ್,ದೈನಿಕ Evening,ಕನ್ನಡ,,
1268,ಬಿಳಿ ಗುಲಾಬಿ,1991,ಬೆಂಗಳೂರು,ಕೆ.ಪಾಪಣ್ಣ,ಕೆ.ಪಾಪಣ್ಣ,ಮಾಸಿಕ,ಕನ್ನಡ,,
1269,ಸಾಮಾಜಿಕ ಜವಾಬ್ದಾರಿಗಳು,1991,ಬೆಂಗಳೂರು,ಅಂಜು.ಯು.ಕುಮಾರ್,ಅಂಜು.ಯು.ಕುಮಾರ್,ತ್ರೈಮಾಸಿಕ,ಕನ್ನಡ/ ಇಂಗ್ಲೀಷ್,,
1270,ತ್ರೈಮಾಸಿಕ ಸಂಚಿಕೆ,1991,ಬೆಂಗಳೂರು,"ಸೌತ್ ಕೆನರಾ ಅಸೋಸಿಯೇಷನ್, ಬೆಂಗಳೂರು",ಪಿ ಜಿ ಬಾಗಿಲ್ತಾಯ,ದ್ವೈಮಾಸಿಕ,ಕನ್ನಡ,,
1271,ವಿಕಾಸ ವಾಹಿನಿ,1991,ಬೆಂಗಳೂರು,ನಬ್ರಾಡ್,ಬಿ ಬಿ ಪ್ರಾಣೇಶ ರಾವ್,,ಕನ್ನಡ,,
1272,ಕಂಸಲೆ,1991,ಕೊಳ್ಳೆಗಾಲ,ಆರ್ ವೆಂಕಟೇಶ ಇಂದ್ವಾಡಿ,ಆರ್ ವೆಂಕಟೇಶ ಇಂದ್ವಾಡಿ,,ಕನ್ನಡ,,
1273,ರೇಷ್ಮೆ ನಾಡು,1991,ಚಾಮರಾಜನಗರ,ಸದಾಶಿವ ಗಟವಾಡಿಪುರ,ಸದಾಶಿವ ಗಟವಾಡಿಪುರ,ದೈನಿಕ,ಕನ್ನಡ,,
1274,ಕೆಂಪುಕೋಟೆ,1991,ಸೋಮೇನಹಳ್ಳಿ/ಚಿಕ್ಕಬಳ್ಳಾಪುರ,,ಕೆ ವಿ ರಮೇಶ್,ಸಾಪ್ತಾಹಿಕ,ಕನ್ನಡ,,
1275,ಸುದ್ದಿ ಅಕ್ಷಯ,1991,ಚಿಕ್ಕಮಗಳೂರು,ಎಂ ಸಿ ಶಿವಾನಂದ ಸ್ವಾಮಿ,ಎಂ ಸಿ ಶಿವಾನಂದ ಸ್ವಾಮಿ,ಸಾಪ್ತಾಹಿಕ,ಕನ್ನಡ,,Editor - N. Raju
1276,ಚಂಪಿಕಾ,1991,ಚಿತ್ರದುರ್ಗ,,ಎಲ್.ಜಯಣ್ಣ,ಮಾಸಿಕ,ಕನ್ನಡ,,
1277,ಗಿರಿಮಲ್ಲಿಗೆ,1991,ಚಿತ್ರದುರ್ಗ,ತೂಲಹಳ್ಳಿ ಸಿ ರಾಜಗಿರಿ,ತೂಲಹಳ್ಳಿ ಸಿ ರಾಜಗಿರಿ,ದೈನಿಕ,ಕನ್ನಡ,,
1278,ಮುಗ್ದ ಸಂದೇಶ,1991,ಚಿತ್ರದುರ್ಗ,,ಎನ್ ಮೂರ್ತಿ,ಪಾಕ್ಷಿಕ,ಕನ್ನಡ,,
1279,ಅಲಾಮುಲ್ ಹುದಾ,1991,,,,ಮಾಸಿಕ,ಕನ್ನಡ,,
1280,ಧಾರವಾಡ ನಾಗರಿಕ ಧ್ವನಿ,1991,ಧಾರವಾಡ,ನಾಗರೀಕ ವೇದಿಕೆ ಕಾರ್ಯಾಲಯ,ಶ್ರೀಮತಿ. ಕುಸುಮಾ ಮಂಟೂರು,ಮಾಸಿಕ,ಕನ್ನಡ,,
1281,ಸರಸ್ವತಿ ಪ್ರಭಾ,1991,ಧಾರವಾಡ,,,ಮಾಸಿಕ,ಕೊಂಕಣಿ,,
1282,ಅಕ್ಷರ ಕೇರಳ,1991,,,,,ಕನ್ನಡ,,
1283,ಬಯ್ಯ ಮಲ್ಲಿಗೆ,1991,ಕಾಸರಗೋಡು/ಮಂಗಳೂರು,,ಜಗದೀಶ್ ಎಂ,ದೈನಿಕ,ಕನ್ನಡ,,
1284,ಚೇತನ,1991,ಸುಳ್ಯ/ದಕ್ಷಿಣಕನ್ನಡ,,ವೆಂಕಟ್ ದಂಬೆಕೋಡಿ,ಸಾಪ್ತಾಹಿಕ,ಕನ್ನಡ,,
1285,ದಕ್ಷಿಣ ಕನ್ನಡ ಸಹಕಾರಿ,1991,ಮಂಗಳೂರು,ದಕ್ಷಿಣ ಕನ್ನಡ ಸಹಕಾರಿ ಯೂನಿಯನ್,,ಮಾಸಿಕ,ಕನ್ನಡ,,
1286,ನೇತ್ರಾವತಿ ಪತ್ರಿಕೆ,1991,ಮಂಗಳೂರು,,ಎಂ ಹರಿಶ್ಚಂದ್ರ ಹೆಗಡೆ,ಸಾಪ್ತಾಹಿಕ,ಕನ್ನಡ,,
1287,ಸುಮಾ ಸೌರಭ 1,1991,ಮಂಗಳೂರು,ಎಂ ಜನಾರ್ದನ ರಾವ್,ಎಂ ಜನಾರ್ದನ ರಾವ್,ಪಾಕ್ಷಿಕ,ಕನ್ನಡ,,
1288,ಜ್ಞಾನದೀಪ,1991,ಹಾಸನ,ಬಿ ಜಿ ಮಣಿ,ಬಿ ಜಿ ಮಣಿ,ದೈನಿಕ,ಕನ್ನಡ,,Editor- Lingaraj
1289,ಅಗ್ನಿ ಅಂಕುರ,1991,ಕಲಬುರ್ಗಿ,,ವಿಶ್ವ ಆರಾದ್ಯ ಸಂತ್ಯಂಪೇಟೆ,ಪಾಕ್ಷಿಕ,ಕನ್ನಡ,,
1290,ರಾಯಚೂರು ಪ್ರಭಾ,1991,ರಾಯಚೂರು,ಸುಶೀಲೇಂದ್ರ ಸೋಡಗಾರ್,ಸುಶೀಲೇಂದ್ರ ಸೋಡಗಾರ್,ದೈನಿಕ,ಕನ್ನಡ,,
1291,ದ್ರೋಣಾಚಲ,1991,ತೀರ್ಥಹಳ್ಳಿ,ಎಂ ಬಿ ಗಂಗಾಧರ್,ಎಂ ಬಿ ಗಂಗಾಧರ್,ಪಾಕ್ಷಿಕ,ಕನ್ನಡ,,
1292,ಜನ ಬಳಕೆ,1991,ಸಾಗರ,ಬಳಕೆದಾರರ ವೇದಿಕೆ ಸಾಗರ,ಕೆ ಎನ್ ವೆಂಕಟ ಗಿರಿ,ತ್ರೈಮಾಸಿಕ,ಕನ್ನಡ,,
1293,ಕಡಲ ಗಾಳಿ,1991,ಸಾಗರ,ಸತೀಶ್ ಕೆ ನಾಯ್ಕ್,ಸತೀಶ್ ಕೆ ನಾಯ್ಕ್,ಸಾಪ್ತಾಹಿಕ,ಕನ್ನಡ,,
1294,ಕಿಲಾಡಿ ಚೆನ್ನಮಾಜಿಯ ರಾಣಿ,1991,ಶಿವಮೊಗ್ಗ,ಎನ್ ಲಾಡಿಶೇಶ್,ಎನ್ ಲಾಡಿಶೇಶ್,ದೈನಿಕ,ಕನ್ನಡ,552,
1295,ಪುರ ಸಮಾಚಾರ,1991,ಸೊರಬ,ವಿರೂಪಾಕ್ಷಪ್ಪ,ವಿರೂಪಾಕ್ಷಪ್ಪ,ಮಾಸಿಕ,ಕನ್ನಡ,,
1296,ಸಹ್ಯಾದ್ರಿ ವಾರ್ತೆ,1991,ತೀರ್ಥಹಳ್ಳಿ,ಬಿ. ಗಣಪತಿ,ಬಿ. ಗಣಪತಿ,ಸಾಪ್ತಾಹಿಕ,ಕನ್ನಡ,,
1297,ಸ್ವಂತ ಹಣ,1991,ಶಿವಮೊಗ್ಗ,ಎಂ ಶ್ರೀನಿವಾಸನ್,ಎಂ ಶ್ರೀನಿವಾಸನ್,ಸಾಪ್ತಾಹಿಕ,ಕನ್ನಡ,,1995
1298,VISL ವಾರ್ತೆ,1991,‌ಭದ್ರಾವತಿ,VISL ಲಿಮಿಟೆಡ್,VISL ಲಿಮಿಟೆಡ್,ಮಾಸಿಕ,ಕನ್ನಡ,,
1299,ಭಾರತದಲ್ಲಿ ಕರ್ಟಗೆರೆ,1991,ಕೊರಟಗೆರೆ/ತುಮಕೂರು,,ಜಿ ಆರ್ ಪ್ರತಾಪರುದ್ರ,,ಕನ್ನಡ,,
1300,ಮಧುಗಿರಿ ಗೆಳೆಯ,1991,ಮಧುಗಿರಿ,,ಟಿ ಅನಂತಕುಮಾರ್,ಸಾಪ್ತಾಹಿಕ,ಕನ್ನಡ,,
1301,ಬ್ರಾಹ್ಮಣ ಕ್ಷೇಮಾಭ್ಯುದಯ,1991,ಉಡುಪಿ,ಅಖಿಲ ಬ್ರಾಹ್ಮಣ ಕ್ಷೇಮಭ್ಯದಯ ಸೇವಾ ಕೇಂದ್ರ,,ಮಾಸಿಕ,ಕನ್ನಡ,,
1302,ನೇತ್ರಾವತಿ ಪತ್ರಿಕೆ,1991,ಕಾರ್ಕಳ,ಎಂ ಹರಿಶ್ಚಂದ್ರ ಹೆಗಡೆ,ಎಂ ಹರಿಶ್ಚಂದ್ರ ಹೆಗಡೆ,ಸಾಪ್ತಾಹಿಕ,ಕನ್ನಡ,,
1303,ಆರೋಹಿಸಲಾಗಿದೆ,1991,,ಭಾಲಯ್ಯ ಎಂ. ಕಂಬಿ,ಭಾಲಯ್ಯ ಎಂ.ಕಂಬಿ/ ಆರ್ ಬಿ ಗುಡಗನವರ್,ಸಾಪ್ತಾಹಿಕ,ಕನ್ನಡ,,
1304,ರವಿವಾಣಿ,1991,ವಿಜಯಪುರ,ಸಚೇಂದ್ರ ವೈ ಲಂಬು,ಸಚೇಂದ್ರ ವೈ ಲಂಬು,ದೈನಿಕ,ಕನ್ನಡ,,
1305,ಸಿದ್ದಿದಾ ದ್ವಾನಿ,1992,ದೊಡ್ಡಬಳ್ಳಾಪುರ,ಡಿ ವಿ ಅಶ್ವಥಪ್ಪ,ಡಿ ವಿ ಅಶ್ವಥಪ್ಪ,ಪಾಕ್ಷಿಕ,ಕನ್ನಡ,,
1306,ಹೊಸಪೇಟೆ ಹುಲಿ,1992,ಹೊಸಪೇಟೆ,,ಟಿ.ಪಂಪಣ್ಣ,ಸಾಪ್ತಾಹಿಕ,ಕನ್ನಡ,,
1307,ಬಂಗಾರದ ನುಡಿ,1992,ಬೆಂಗಳೂರು,,ಎಸ್ ಆರ್ ಚಂದ್ರಹಾಸ,ಮಾಸಿಕ,ಕನ್ನಡ,,
1308,ಬಂಜಿಗೆರೆ ಬೂಪ,1992,ಬೆಂಗಳೂರು,,ಬಂಜಿಗೆರೆ ಶಂಕರ ನಾರಾಯಣ,ಪಾಕ್ಷಿಕ,ಕನ್ನಡ,,
1309,ಬೆಂದಕಾಳೂರ್ ವಿಧಾನ ಸೌಧ,1992,ಬೆಂಗಳೂರು,,ಎಸ್ ಎಂ ರಾಜು,ಸಾಪ್ತಾಹಿಕ,ಕನ್ನಡ/ ಇಂಗ್ಲೀಷ್,,
1310,ಬಿಚ್ಚು ಮನಸ್,1992,ಬೆಂಗಳೂರು,,ಜಿ ಶೈಲೇಂದ್ರ,ಸಾಪ್ತಾಹಿಕ,ಕನ್ನಡ,,
1311,ಚಂಪಕ,1992,ಬೆಂಗಳೂರು,ವಿಶ್ವನಾಥ್,ವಿಶ್ವನಾಥ್,ಮಾಸಿಕ,ಕನ್ನಡ,,
1312,ಚಂದ್ರ ಬೆಳಕು,1992,ಬೆಂಗಳೂರು,ಎಚ್ ಆರ್. ಸೂರ್ಯಪ್ರಕಾಶ್,ಎಚ್ ಆರ್. ಸೂರ್ಯಪ್ರಕಾಶ್,ಮಾಸಿಕ,ಕನ್ನಡ,,
1313,ಸಿನಿರೇಖಾ,1992,ಬೆಂಗಳೂರು,ಸಂಗಮ,ಕಮಲಾ ಸುಂದರರಾಜನ್,ಸಾಪ್ತಾಹಿಕ,ಕನ್ನಡ,,
1314,ಈ ಸಂಜೆ,1992,ಬೆಂಗಳೂರು,ಪ್ರಕಟಣೆ ಟಿ ವೆಂಕಟೇಶ್,ಟಿ ವೆಂಕಟೇಶ್,ದೈನಿಕ,ಕನ್ನಡ,,
1315,ಐಕ್ಯ ವಾಣಿ,1992,ಬೆಂಗಳೂರು,ಯುನೆಸ್ಕೋ ಸಾಕ್ಷರತಾ ಸಂಪನ್ಮೂಲ ಕೇಂದ್ರ,ಪ್ರವೀಣ್ ಫೆರ್ನಾಂಡಿಸ್,-,ಕನ್ನಡ,,
1316,ಕರ್ನಾಟಕ ಕೂಗು,1992,ಬೆಂಗಳೂರು,ಪಿ ರಾಜೇಂದ್ರ,ಪಿ ರಾಜೇಂದ್ರ,ಮಾಸಿಕ,ಕನ್ನಡ,,
1317,ಕರ್ನಾಟಕ ವೈಭವ 1,1992,ಬೆಂಗಳೂರು,ಬಿ ಸ್ ದಯಾನಂದ ಸಾಗರ,ಬಿ ಸ್ ದಯಾನಂದ ಸಾಗರ,ಪಾಕ್ಷಿಕ,ಕನ್ನಡ,,
1318,ಪುಸ್ತಕ ಜಗತು,1992,ಬೆಂಗಳೂರು,ಬಿ ಆರ್ ರವೀಂದ್ರನಾಥ್,ಬಿ ಆರ್ ರವೀಂದ್ರನಾಥ್,,ಕನ್ನಡ,,
1319,ರಾಗನುರಾಗ,1992,ಬೆಂಗಳೂರು,ಕೆ ಎನ್ ಚಂದ್ರಶೇಖರ್,ಕೆ ಎನ್ ಚಂದ್ರಶೇಖರ್,,ಕನ್ನಡ,,
1320,ಸುಪ್ರಿತ್,1992,ಬೆಂಗಳೂರು,,ಬಿ.ನಂಜಪ್ಪ,ಮಾಸಿಕ,ಕನ್ನಡ,,
1321,ಜನ ಪತ್ರಿಕೆ,1992,ಚಿಕ್ಕಮಗಳೂರು,ಕೆ.ಕೆ ಮೂರ್ತಿ,ಕೆ.ಕೆ ಮೂರ್ತಿ,ದೈನಿಕ,ಕನ್ನಡ,,Editor - Mahendr a
1322,ಚಿಕ್ಕಮಗಳೂರು ಸುದ್ದಿಗಾರ,1992,ಚಿಕ್ಕಮಗಳೂರು,ಜಿ ಎಂ ರಾಜಶೇಖರ,ಜಿ ಎಂ ರಾಜಶೇಖರ,ಪಾಕ್ಷಿಕ,ಕನ್ನಡ,,
1323,ಗಿರಿ ಸಮಾಚಾರ,1992,ಕಡೂರು/ಚಿಕ್ಕಮಗಳೂರು,,ಟಿ ಆರ್ ವಿ ಮುದಲಿಯಾರ್,ಪಾಕ್ಷಿಕ,ಕನ್ನಡ,,
1324,ಜಿಲ್ಲೆ ಸುದ್ದಿಗಾರ,1992,ಚಿಕ್ಕಮಗಳೂರು,ಜಿ.ಎಂ.ರಾಜಶೇಖರ್,ಜಿ.ಎಂ.ರಾಜಶೇಖರ್,ಪಾಕ್ಷಿಕ,ಕನ್ನಡ,,
1325,ರಾಜ್ ಸುದ್ದಿಗಾರ,1992,ಚಿಕ್ಕಮಗಳೂರು,ಜಿ.ಎಂ.ಸೋಮಶೇಖರ್,ಜಿ.ಎಂ.ಸೋಮಶೇಖರ್,ಪಾಕ್ಷಿಕ,ಕನ್ನಡ,,
1326,ರಂಭಾಪುರಿ ಬೆಳಗು,1992,ಬಾಳೆಹೊನ್ನೂರು/ಚಿಕ್ಕಮಗಳೂರು,ರಂಭಾಪುರಿ ಪಿಟಾ,ಪ್ರೊಫ್.ರ್.ರಾಚಪ್ಪ,ಮಾಸಿಕ,ಕನ್ನಡ,,
1327,ಶ್ರೀ ದುರ್ಗಂಬಿಕ ಎಕ್ಸ್ಪ್ರೆಸ್,1992,ದಾವಣಗೆರೆ,ಎಂ. ಓಂಕಾರಪ್ಪ,ಎಂ. ಓಂಕಾರಪ್ಪ,ಸಾಪ್ತಾಹಿಕ,ಕನ್ನಡ,,
1328,ಭೂಲೋಕ ಗರ್ಜನೆ,1992,ಹುಬ್ಬಳ್ಳಿ/ಧಾರವಾಡ,ಎಂ ಆರ್ ಸದಾನಂದ,ಎಂ ಆರ್ ಸದಾನಂದ,ಮಾಸಿಕ,ಕನ್ನಡ,,
1329,ಮಂಗೇಶ್ ಪತ್ರಿಕೆ,1992,ಹುಬ್ಬಳ್ಳಿ/ಧಾರವಾಡ,,ಬಸವರಾಜ ಗಂದಾವತಿ,ಸಾಪ್ತಾಹಿಕ,ಕನ್ನಡ,,
1330,ಎಲ್ ಅನಸೂರ್,1992,ಮಂಗಳೂರು,ದ್ ಈ ಅಬೂಬಕರ್ ಕೈರಂಗಳ,ಅಲ್-ಹಜ್ ಇಬ್ರಾಹಿಂ ಮಾಸ್ಲರ್ ಆಗಿ ಉಳಿದರು,ಸಾಪ್ತಾಹಿಕ,ಕನ್ನಡ,,
1331,ಕಾಸರಗೋಡು ಸಮಾಚಾರ,1992,ಕಾಸರಗೋಡು,,ಎಂ ರಾಮಣ್ಣ ರಾಯ್,ದೈನಿಕ,ಕನ್ನಡ,,
1332,ಮಂಗಳೂರು ಪ್ರಜೆ,1992,ಮಂಗಳೂರು,ಪ್ರಭಾಕರ್,ಪ್ರಭಾಕರ್,ಸಾಪ್ತಾಹಿಕ,ಕನ್ನಡ,,
1333,ಪಿಂಚಲ್,1992,ದಕ್ಷಿಣಕನ್ನಡ,ದೇವದಾಸ್ ಶೆಟ್ಟಿ,ದೇವದಾಸ್ ಶೆಟ್ಟಿ,,ಕನ್ನಡ,,
1334,ಸಂಗಡಿಗ,1992,ಮಂಗಳೂರು,ಎಂ. ಎ.ಬಾಲಕೃಷ್ಣ ಬಂಡಾರಿ,ಎಂ. ಎ.ಬಾಲಕೃಷ್ಣ ಬಂಡಾರಿ,ಸಾಪ್ತಾಹಿಕ,ಕನ್ನಡ,,
1335,ತುಳುವೆರ್ ತುಡರ್,1992,ಮಂಗಳೂರು,,,ದೈನಿಕ,ತುಳು,,
1336,ವಜ್ರ ನೇತ್ರ,1992,ಮಂಗಳೂರು,ಆರ್ ಆರ್ ಕಾವೂರ್,ಆರ್ ಆರ್ ಕಾವೂರ್,ಮಾಸಿಕ,ಕನ್ನಡ,,
1337,ಕಾರವಾಲಿ ಅಲೆ,1992,ಮಂಗಳೂರು,ಕೆನರಾ ಟೈಮ್ಸ್ ಗ್ರೂಪ್,,ದೈನಿಕ,ಕನ್ನಡ,,
1338,ವಾಣಿ ಸಾಮ್ರಾಟ್,1992,ಕಲಬುರ್ಗಿ,ಗೋವಿಂದ ರಾವ್ ಕಾಮಿತ್ಕರ್,ಗೋವಿಂದ ರಾವ್ ಕಾಮಿತ್ಕರ್,ದೈನಿಕ,ಕನ್ನಡ,,
1339,ಕೋಲಿ ಬೇಸಾಯ ವಿಮರ್ಶೆ,1992,ಮೈಸೂರು,,ಎಸ್. ಗುರುರಾಜ್ / ಅಗರಂ ನರಸಿಂಹನ್,ಸಾಪ್ತಾಹಿಕ,ಕನ್ನಡ,,
1340,ರಾಯಚೂರು ಸುದ್ದಿಬಿಂಬ,1992,ರಾಯಚೂರು/ಸಿಂಧನೂರು,ಡಿ ಎಚ್ ಕಂಬಳ್ಳಿ,ಡಿ ಎಚ್ ಕಂಬಳ್ಳಿ,ದೈನಿಕ,ಕನ್ನಡ,,
1341,ಜಾಗೃತಿಕ  ವೋಕಲಿಗ,1992,ಚನ್ನಪಟ್ಟಣ,ಟಿ ಜನಾರ್ದನ ಗೌಡ,ಟಿ ಜನಾರ್ದನ ಗೌಡ,ಮಾಸಿಕ,ಕನ್ನಡ,,
1342,ಕನಕ ​​ಧ್ವನಿ,1992,ಕನಕಪುರ,,ಬಾಬುದಿನಕರ,ಸಾಪ್ತಾಹಿಕ,ಕನ್ನಡ,,
1343,ಬಳಕೆ ತಿಳುವಳಿಕೆ,1992,ಸಾಗರ,ಬಳಕೆದಾರರ ಶಿಕ್ಷಣ ಮತ್ತು ಹಿತರಕ್ಷಣಾ ದತ್ತಿ,ಕೆ  ಎನ್ ವೆಂಕಟಗಿರಿ ರಾವ್,ಮಾಸಿಕ,ಕನ್ನಡ,,
1344,ಹುರಿಗಾಲು,1992,ಸಾಗರ,ವಿ ಇಸ್ಮಾಯಿಲ್,ವಿ ಇಸ್ಮಾಯಿಲ್,ದೈನಿಕ,ಕನ್ನಡ,,
1345,ಕಹಿ ಸಿಹಿ,1992,‌ಭದ್ರಾವತಿ,ಜಯಮ್ಮ,ಎಚ್ ನರಸಿಂಹಮೂರ್ತಿ ನಾಯಕ,ಸಾಪ್ತಾಹಿಕ,ಕನ್ನಡ,,
1346,ಶಿವಮೊಗ್ಗ ಟೆಲೆಕ್ಸ್,1992,ಶಿವಮೊಗ್ಗ,ಎನ್ ರವಿಕುಮಾರ್,ಎನ್ ರವಿಕುಮಾರ್,ದೈನಿಕ,ಕನ್ನಡ,,1993
1347,ಸಿಹಿ ಸುದ್ದಿ,1992,ಶಿವಮೊಗ್ಗ,ಅಕ್ಷರ ತುಂಗಾ,ಸಿ ಯು ಸೋಮಶೇಖರಯ್ಯ/ ಭರತಲಾಲ್ ಮೀನಾ,ಪಾಕ್ಷಿಕ,ಕನ್ನಡ,,
1348,ಗಂಗಾ ವಾಹಿನಿ,1992,ತುಮಕೂರು,ಆರ್.ಕಾಮರಾಜ್,ಆರ್.ಕಾಮರಾಜ್,ದೈನಿಕ,ಕನ್ನಡ,,
1349,ತುಮಕಿ,1992,ತುಮಕೂರು,ಟಿ.ಎಸ್.ಗಟ್ಟಿ,ಟಿ.ಎಸ್.ಗಟ್ಟಿ,ದೈನಿಕ,ಕನ್ನಡ,,
1350,ಕುಂದಪ್ರಭ,1992,ಉಡುಪಿ,ಯು.ಎಸ್.ಶೆಣೈ ಗಂಗೊಳ್ಳಿ,ಯು.ಎಸ್.ಶೆಣೈ ಗಂಗೊಳ್ಳಿ,Yearly,ಕನ್ನಡ,,
1351,ನಿಂಗೇಶ್ ಪತ್ರಿಕೆ,1992,ವಿಜಯಪುರ,ಎನ್.ಎ.ಕೊಂಡಗೂಳಿ/ ಆರ್.ಎನ್.ಕೊಂಡಗೂಳಿ,ಎನ್.ಎ.ಕೊಂಡಗೂಳಿ,ದೈನಿಕ,ಕನ್ನಡ,,
1352,ಬೀದರ್ ಜಂಗ್,1993,ಬೀದರ್,ಶಿವಶರಣಪ್ಪ ವಾಲಿ,ಶಿವಶರಣಪ್ಪ ವಲಿ / ದೀಪಕ ವಲಿ / ಮಲ್ಲಿಕಾರ್ಜುನ ವಾಲಿ,ದೈನಿಕ,ಕನ್ನಡ,,
1353,ಸಕ್ರಿಯ ಸುದ್ದಿ,1993,ಬಾಗಲಕೋಟೆ,ರಾಜ ಗೋಪಾಲ,ರಾಜ ಗೋಪಾಲ,ಮಾಸಿಕ,ಕನ್ನಡ,"1962 - 76, Pub - Darshana Edu Service, Editor - N B Desai",
1354,ಮಾಗಡಿ ರಾಜ,1993,ಮಾಗಡಿ,,ಪಿ ಶಿವರಾಜ್/ ಜಿ ರಾಮಾಚಾರ್,ಪಾಕ್ಷಿಕ,ಕನ್ನಡ,,
1355,ತ್ರಿವರ್ಣ ವಾರ್ತೆ,1993,ದೊಡ್ಡಬಳ್ಳಾಪುರ,ಟಿ ಜಿ ಕೃಷ್ಣಪ್ಪ,ಟಿ ಜಿ ಕೃಷ್ಣಪ್ಪ,ಪಾಕ್ಷಿಕ,ಕನ್ನಡ,,
1356,ವಡೆಯರ್ ಪತ್ರಿಕೆ,1993,ಬೆಂಗಳೂರುಗ್ರಾಮೀಣ,,ವಿಜಯಕುಮಾರ್ ಒಡೆಯರ್ ಬಿ ಆರ್,ಸಾಪ್ತಾಹಿಕ,ಕನ್ನಡ,,
1357,ಚೆಲುವ ಕನ್ನಡ,1993,ಹಂಪಿ/ಬಳ್ಳಾರಿ,ಹಂಪಿ ಕನ್ನಡ ವಿಶ್ವವಿದ್ಯಾಲಯ,ಸಿ ಶ್ರೀನಿವಾಸ ರಾಜು,ಮಾಸಿಕ,ಕನ್ನಡ,,
1358,ಪುಸ್ತಕ ಮಹಿತಿ,1993,ಹಂಪಿ/ಬಳ್ಳಾರಿ,"ಶ್ರೀನಿವಾಸರಾಜು, ಕನ್ನಡ ವಿಶ್ವ ವಿದ್ಯಾಲಯ",ರೆಹಮತ್ ತರೀಕೆರೆ,ಮಾಸಿಕ,ಕನ್ನಡ,,
1359,ಅಧಿಕಾರದಲ್ಲಿ ಕನ್ನಡಿಗ,1993,ಬೆಂಗಳೂರು,ಬಿ ಎನ್ ಸುಬ್ರಹ್ಮಣ್ಯ,ಬಿ ಎನ್ ಸುಬ್ರಹ್ಮಣ್ಯ,ಪಾಕ್ಷಿಕ,,,
1360,ಆಕಾಶ ಕಿರಣ,1993,ಬೆಂಗಳೂರು,ಮುನಿಸ್ವಾಮಿಗೌಡ,ಮುನಿಸ್ವಾಮಿಗೌಡ,ಮಾಸಿಕ,ಕನ್ನಡ,,
1361,ಅನಿರೀಕ್ಷಿತ,1993,ಬೆಂಗಳೂರು,ಅಂಬಿಕಾಪತಿ,ಅಂಬಿಕಾಪತಿ,ಮಾಸಿಕ,ಕನ್ನಡ,,
1362,ಅನುಪಮ ಪತ್ರಿಕೆ,1993,ಬೆಂಗಳೂರು,ಶ್ರೀಮತಿ ಉಮಾ,ಶ್ರೀಮತಿ ಉಮಾ,ತ್ರೈಮಾಸಿಕ,ಕನ್ನಡ,,
1363,ಆರಕ್ಷಕ ಬಂಧು,1993,ಬೆಂಗಳೂರು,,ಎಲ್ ಶಂಕರನಾರಾಯಣನ್,ಮಾಸಿಕ,ಕನ್ನಡ,,
1364,ಬಂಜಾರಾ ಕೇಸರಿ,1993,ಬೆಂಗಳೂರು,ಸಿ ಎಸ್ ಕಲ್ಯಾಣ್ ನಾಯಕ್,ಸಿ ಎಸ್ ಕಲ್ಯಾಣ್ ನಾಯಕ್,ಸಾಪ್ತಾಹಿಕ,ಕನ್ನಡ,,
1365,ಚಲುವಲಿ ಮುನ್ನಡೆ,1993,ಬೆಂಗಳೂರು,ಎ ಎನ್ ಮುರಳಿ,,ಪಾಕ್ಷಿಕ,ಕನ್ನಡ,,
1366,ದಲಿತ ಬಿಡುಗಡೆ,1993,ಬೆಂಗಳೂರು,ಎಂ ರಾಜು,ಎಂ ರಾಜು,ಮಾಸಿಕ,ಕನ್ನಡ,,
1367,ದೇವಾಂಗ ಸ್ಪಂದನ,1993,ಬೆಂಗಳೂರು,,ಈ ಬಸವರಾಜ,ಸಾಪ್ತಾಹಿಕ,ಕನ್ನಡ,,
1368,ಹಂತಾ,1993,ಬೆಂಗಳೂರು,ಟಿ ಎನ್ ಮಂಜುನಾಥ್,ಟಿ ಎನ್ ಮಂಜುನಾಥ್,ಮಾಸಿಕ,ಕನ್ನಡ,,
1369,ಈ ವರ ಕರ್ನಾಟಕ,1993,ಬೆಂಗಳೂರು,ಸ್ನೇಹಾ ಪಬ್ಲಿಕೇಷನ್ಸ್,ಸಿದ್ದಪ್ಪ ಅರಕೆರೆ,ಸಾಪ್ತಾಹಿಕ,ಕನ್ನಡ,,
1370,ಇಂಜಿನಿಯರ್ ಸಂಗಾತಿ,1993,ಬೆಂಗಳೂರು,,ಎಂ ಸುಲೇಮಾನ ಯಡ್ನಾಟಿ,ಮಾಸಿಕ,ಕನ್ನಡ,,
1371,ಗಗನ ಸಂದೇಶ,1993,ಬೆಂಗಳೂರು,ಜಿ ಶ್ರೀನಿವಾಸನ್,ಜಿ ಶ್ರೀನಿವಾಸನ್,ಪಾಕ್ಷಿಕ,ಕನ್ನಡ,,
1372,ಗೆದ್ದ ಸಾರ್ವಜನಿಕರು,1993,ಬೆಂಗಳೂರು,ಎಲ್ ಶಂಕರನಾರಾಯಣನ್,ಎಲ್ ಶಂಕರನಾರಾಯಣನ್,ಮಾಸಿಕ,ಕನ್ನಡ,,
1373,ಹೇಮಂತ ಸುದ್ದಿ ಸಮಾಚಾರ,1993,ಬೆಂಗಳೂರು,,ಚಾಂಗ್ಗಿರಿಯಾ,ತ್ರೈಮಾಸಿಕ,ಕನ್ನಡ,,
1374,ಹಿಟ್ಲರ್ ಪತ್ರಿಕೆ,1993,ಬೆಂಗಳೂರು,ವಿ ರಾಮರಾವ್ ನಿಂಬಾಳ್ಕರ್,ವಿ ರಾಮರಾವ್ ನಿಂಬಾಳ್ಕರ್,ಪಾಕ್ಷಿಕ,ಕನ್ನಡ,,
1375,ಜನರ ಮಾತು,1993,ಬೆಂಗಳೂರು,ಜಿ ರವಿ ಕುಮಾರ್,ಜಿ ರವಿ ಕುಮಾರ್,ಮಾಸಿಕ,ಕನ್ನಡ,,
1376,ಜ್ಞಾನ ದೀಪ,1993,ಬೆಂಗಳೂರು,ನರಸಿಂಹಮೂರ್ತಿ ಬಿ,ನರಸಿಂಹಮೂರ್ತಿ ಬಿ,ಸಾಪ್ತಾಹಿಕ,ಕನ್ನಡ,,
1377,ಕರಾವಳಿ ಕಂಡ,1993,ಬೆಂಗಳೂರು,,ರಮೇಶ್ ಎನ್ ಶೆಟ್ಟಿ,ಮಾಸಿಕ,ಕನ್ನಡ,,
1378,ಕಸ್ತೂರಿ ಕಂಪು,1993,ಬೆಂಗಳೂರು,,ಬಿ.ಸಿ. ವೆಂಕಟೇಶ್,ಮಾಸಿಕ,ಕನ್ನಡ,,
1379,ಲಂಕಿಣಿ ಪತ್ರಿಕೆ,1993,ಬೆಂಗಳೂರು,ಜಯಲಕ್ಷ್ಮಿ ರಾಮಕೃಷ್ಣ,ಜಯಲಕ್ಷ್ಮಿ ರಾಮಕೃಷ್ಣ,ಮಾಸಿಕ,ಕನ್ನಡ,,
1380,ಮಧ್ವ ಸಮಾಚಾರ,1993,ಬೆಂಗಳೂರು,ಟಿ. ಜಿ ರಾಧಾಕೃಷ್ಣ,ಟಿ. ಜಿ ರಾಧಾಕೃಷ್ಣ,ಪಾಕ್ಷಿಕ,ಕನ್ನಡ,,
1381,ನಗರವಾಣಿ ಸುದ್ದಿ,1993,ಬೆಂಗಳೂರು,,ಕರಿಯಮ್ಮ,ತ್ರೈಮಾಸಿಕ,ಕನ್ನಡ,,
1382,ನಾವು ಶೂದ್ರರು,1993,ಬೆಂಗಳೂರು,,ಎಸ್ ಬಾಲಸುಬ್ರಮಣಿ,,ಕನ್ನಡ,,
1383,ನೇಕಾರ ಪತ್ರಿಕೆ,1993,ಬೆಂಗಳೂರು,ಕೆ.ಶ್ರೀನಿವಾಸ್,ಕೆ.ಶ್ರೀನಿವಾಸ್,ಮಾಸಿಕ,,,
1384,ಪದಗ,1993,ಬೆಂಗಳೂರು,ಬಿ.ನಾಗರಾಜ್,ಬಿ.ನಾಗರಾಜ್,ಸಾಪ್ತಾಹಿಕ,ಕನ್ನಡ,,
1385,ಪಂಚವಟಿ,1993,ಬೆಂಗಳೂರು,,ಬಿ ಸಿ ಪ್ರಕಾಶ್,ಮಾಸಿಕ,ಕನ್ನಡ,,
1386,ಪಿಂಚಣಿ ಸಮಚಾರ,1993,ಬೆಂಗಳೂರು,ಎಚ್ ಜಿ ರಾಜಣ್ಣ ಆಚಾರ್,ಎಚ್ ಜಿ ರಾಜಣ್ಣ ಆಚಾರ್,ಮಾಸಿಕ,ಕನ್ನಡ,,
1387,ಪೌರ ಸಂಬಂಧ,1993,ಬೆಂಗಳೂರು,ಎಂ ಶಾಮಯ್ಯ,ಎಂ ಶಾಮಯ್ಯ,ಮಾಸಿಕ,ಕನ್ನಡ,,
1388,ರಹಸ್ಯ ಕಾದ್ಗ,1993,ಬೆಂಗಳೂರು,,ಆರ್.ಪ್ರಭುದೇವ ಸ್ವಾಮಿ,ಸಾಪ್ತಾಹಿಕ,ಕನ್ನಡ,,
1389,ರಾಜಕೀಯ ರಂಗ,1993,ಬೆಂಗಳೂರು,ಪಿ ಜಿ ದಿವಾಕರ್,ಮೋಹನ ನಾಗಮ್ಮನವರ್,,ಕನ್ನಡ,,
1390,ಕಂದಾಯ ರಾಜ,1993,ಬೆಂಗಳೂರು,ಜಿ ಎಂ ಡಿ ಕುಮಾರ್,ಜಿ ಎಂ ಡಿ ಕುಮಾರ್,ಪಾಕ್ಷಿಕ,ಕನ್ನಡ,,
1391,ರೈತನ ರಾಜ್ಯ,1993,ಬೆಂಗಳೂರು,ಎಂ ಮಹದೇವ್,ಎಂ ಮಹದೇವ್,ಮಾಸಿಕ,ಕನ್ನಡ,,
1392,ವಾರಕ್ಕೊಮ್ಮೆ,1993,ಬೆಂಗಳೂರು,ಸಂಗಮ ಪ್ರಕಾಶನ,ಎನ್ ಸುಂದರರಾಜನ್ / ಕಮಲಾ ಸುಂದರರಾಜನ್,ಸಾಪ್ತಾಹಿಕ,ಕನ್ನಡ,,
1393,ಶಾಲಿನಿವಾಣಿ,1993,ಬೆಂಗಳೂರು,ಬಸವರಾಜ್ ಎನ್,ಬಸವರಾಜ್ ಎನ್,ಮಾಸಿಕ,ಕನ್ನಡ,,
1394,ಸಿಂಧು ವಾರ್ತೆ,1993,ಬೆಂಗಳೂರು,ಕೆ.ಕೃಷ್ಣಮೂರ್ತಿ,ಕೆ.ಕೃಷ್ಣಮೂರ್ತಿ,ಮಾಸಿಕ,ಕನ್ನಡ,,
1395,ಸ್ನೇಹಾ ಸ್ಪೂರ್ತಿ,1993,ಬೆಂಗಳೂರು,,ಕೆ ಎನ್ ಚಂದ್ರ ಪ್ರಸಾದ್,ಮಾಸಿಕ,ಕನ್ನಡ,,
1396,ಸುದ್ಧಿ ಮೃದಂಗ,1993,ಬೆಂಗಳೂರು,ಎಚ್ ಎಸ್ ಸುದೀಂದ್ರ ಕುಮಾರ್,ಎಚ್ ಎಸ್ ಸುದೀಂದ್ರ ಕುಮಾರ್,ಸಾಪ್ತಾಹಿಕ,ಕನ್ನಡ,,
1397,ಸುವರ್ಣ ಸೇತುವೆ,1993,ಬೆಂಗಳೂರು,ವರದರಾಜು,ವರದರಾಜು,ಮಾಸಿಕ,ಕನ್ನಡ,,
1398,ವಿದ್ಯುತ್ ಸುದ್ದಿ,1993,ಬೆಂಗಳೂರು,ಸಿ. ಎಚ್. ಎಂ ಮಲ್ಲಿಕಾರ್ಜುನಯ್ಯ,ಸಿ. ಎಚ್. ಎಂ ಮಲ್ಲಿಕಾರ್ಜುನಯ್ಯ,,ಕನ್ನಡ,,
1399,ವಿಜ್ಞಾನ ಸಂಗತಿ,1993,ಬೆಂಗಳೂರು,"ಕನ್ನಡ ವಿಶ್ವವಿದ್ಯಾಲಯ, ಹಂಪಿ",ಕೆ ಜಿ ವಾಸುಕಿ,,ಕನ್ನಡ,,
1400,ಯೋಗ ಪ್ರಚಾರವಾಣಿ,1993,ಬೆಂಗಳೂರು,ಯೋಗ ಪ್ರಚಾರವಾಣಿ,,ತ್ರೈಮಾಸಿಕ,ಕನ್ನಡ,,
1401,ಯೋಗಕ್ಷೇಮ,1993,ಬೆಂಗಳೂರು,ಅದ್ರ್ಷ ಶೈಕ್ಷಣಿಕ ಮತ್ತು ಸಮಾಜ ಸೇವನ್ಯಾಸ ಬೆಂಗಳೂರು,ಅನಂತ ರಂಗಾಚಾರ್ಯ / ಜಿ ಎನ್ ರಾಮಪ್ರಸಾದ್,ತ್ರೈಮಾಸಿಕ,ಕನ್ನಡ,,
1402,ರೇಷ್ಮೆ ನಗರಿ,1993,ಕೊಳ್ಳೆಗಾಲ,ಡಿ ವೆಂಕಟಾಚಲ,ಡಿ ವೆಂಕಟಾಚಲ,ದೈನಿಕ,ಕನ್ನಡ,,
1403,ಸುದ್ಧಿ ವಿಪಲ್ವ,1993,ಕೊಪ್ಪ/ಚಿಕ್ಕಮಗಳೂರು,ಬಿ.ಎಸ್ ಶೇಷಾದ್ರಿ ಭುವನ ಕೋಟೆ,ಬಿ.ಎಸ್ ಶೇಷಾದ್ರಿ ಭುವನ ಕೋಟೆ,ಸಾಪ್ತಾಹಿಕ,ಕನ್ನಡ,,
1404,ಜಿಲ್ಲಾ ಸುದಿಮದ್ಯಮ,1993,ಚಿಕ್ಕಮಗಳೂರು,ನಾರಾಯಣಸುವರ್ಣ,ನಾರಾಯಣಸುವರ್ಣ,ದೈನಿಕ,ಕನ್ನಡ,,
1405,ಇಂದಿನ ಸುದ್ದಿ,1993,ದಾವಣಗೆರೆ,,ವೀರಪ್ಪ ಎಂ ಭಾವಿ,ದೈನಿಕ,ಕನ್ನಡ,,
1406,ಬಿಂಬ,1993,ಕಾಸರಗೂಡು/ಮಂಗಳೂರು,ಕಾಸರಗೂಡು ಡಯಟ್ ವಿದ್ಯಾರ್ಥಿ ಪ್ರಕಟಣೆ,ಚಿತ್ರಾವತಿ ಎಂ,ಮಾಸಿಕ,ಕನ್ನಡ,,
1407,ದರ್ಪಣ,1993,ಮಂಗಳೂರು,ಶ್ರೀರಾಮ ದಿವಾಣ,ಶ್ರೀರಾಮ ದಿವಾಣ,ಮಾಸಿಕ,ಕನ್ನಡ,,
1408,ಹೊಸ ಸಂಜೆ,1993,ದಕ್ಷಿಣಕನ್ನಡ,ಎಂ ಸಂದೀಪ್ ಕುಮಾರ್,ಜಿ ಪ್ರಭಾಕರ ಕಿಣಿ,ದೈನಿಕ,ಕನ್ನಡ,,
1409,ಕಾಸರಗೂಡ್ ದರ್ಪಣ,1993,ಮಂಗಳೂರು,ಗಣಪತಿ ದಿವಾಣ,ಗಣಪತಿ ದಿವಾನ/ ಶ್ರೀರಾಮ ದಿವಾನ,ಮಾಸಿಕ,ಕನ್ನಡ,,
1410,ಪ್ರಜ್ಞಾ,1993,ಮಂಗಳೂರು,ಸಮಾಜ ಶಿಕ್ಷಣ ಸಂಸ್ಥೆ/ಪ್ರಜ್ಞಾ ಕೌಂಸೆಲ್ಲಿಂಗ್ ಸೆಂಟರ್,,,ಕನ್ನಡ,,
1411,ವಿವೇಕ,1993,ದಕ್ಷಿಣಕನ್ನಡ,ವಿವೇಕಾನಂದ ಸೇವಾ ಸಮಿತಿ,,ಮಾಸಿಕ,ಕನ್ನಡ,,
1412,ಜಗವಾಣಿ,1993,ಕಲಬುರ್ಗಿ,,ಕೆ ಭೀಮರಾವ್,ದೈನಿಕ,ಕನ್ನಡ,,
1413,ಇಂದು ವಿದ್ಯಾರ್ಥಿ,1993,ಕೋಲಾರ,ಕೆ ಎನ್ ಚಂದ್ರಶೇಖರ್,ಕೆ ಎನ್ ಚಂದ್ರಶೇಖರ್,ಮಾಸಿಕ,ಕನ್ನಡ,,
1414,ಮಂಡ್ಯ ಬೆಳಕು,1993,ಮಂಡ್ಯ,,ಪಿ ಹ್ಯಾಪಿ ಕೆಂಪೇಗೌಡ,ಸಾಪ್ತಾಹಿಕ,ಕನ್ನಡ,,
1415,ಭಾಸ್ಕರ,1993,ಮೈಸೂರು,ಭಾಸ್ಕರ,ಭಾಸ್ಕರ,ಸಾಪ್ತಾಹಿಕ,ಕನ್ನಡ,,
1416,ಲೇಖನಿ ಬರಹ,1993,ಮೈಸೂರು,ಶಾಮು,ಶಾಮು,ಸಾಪ್ತಾಹಿಕ,ಕನ್ನಡ,,
1417,ಕುವೆಂಪು,1993,ಮೈಸೂರು,,ತಮ್ಮನ್ ಗೌಡ ಪಿ,ಸಾಪ್ತಾಹಿಕ,ಕನ್ನಡ,,
1418,ಲೋಕಾ ಹಿತ,1993,ಮೈಸೂರು,ಫ್ಯಾಮಿಲಿ ಪ್ಲಾನಿಂಗ್ ಅಸೋಸಿಯೇಷನ್ ​​ಆಫ್ ಇಂಡಿಯಾ,ಸಿ. ಕೆ.ರೇಣುಕಾಚಾರ್ಯ / ರಾಮಕೃಷ್ಣ ಎಸ್.ಜೋಶಿ,ತ್ರೈಮಾಸಿಕ,ಕನ್ನಡ,,
1419,ಟಿ.ನರಸೀಪುರ ಸ್ಟಾರ್,1993,ಟಿ.ನರಸೀಪುರ,ಜಿ.ಆರ್. ನರಸಿಂಯ್ಯ,ಜಿ.ಆರ್. ನರಸಿಂಯ್ಯ,ತ್ರೈಮಾಸಿಕ,ಕನ್ನಡ,,
1420,ಹೊಸ ಪುಸ್ತಕಗಳು,1993,ರಾಯಚೂರು,ವಾಣಿ ಎ ಕಾಂತಾನವರ್,ವಾಣಿ ಎ ಕಾಂತಾನವರ್,ಮಾಸಿಕ,ಕನ್ನಡ,,
1421,ಈ ಪ್ರಭುತ್ವ,1993,ಕನಕಪುರ,,ಬಾಬು ರಾವ್,,ಕನ್ನಡ,,
1422,ಕಣ್ವ ವಾಣಿ,1993,ಚನ್ನಪಟ್ಟಣ,,ಸಿ ಕೆ ರಾಮಲಿಂಗಪ್ಪ,ಪಾಕ್ಷಿಕ,ಕನ್ನಡ,,
1423,ರಾಮನಗರ ವಾರ್ತೆ,1993,ರಾಮನಗರ,ಚೆಲುವರಾಜ್/ಮೋಹನ್ ಕುಮಾರ್,ಚೆಲುವರಾಜ್,ದೈನಿಕ,ಕನ್ನಡ,,
1424,ಸುದ್ದಿ ಸಲಗ,1993,ರಾಮನಗರ,,ವಿ.ತಿಮ್ಮೇಶಪ್ರಭು,ಪಾಕ್ಷಿಕ,ಕನ್ನಡ,,
1425,ಬಸವ ಕಿರಣ,1993,ಶಿವಮೊಗ್ಗ,ಡಿ.ಎಸ್.ವಿಜಯಕುಮಾರ್,ಡಿ.ಎಸ್.ವಿಜಯಕುಮಾರ್,ಪಾಕ್ಷಿಕ,ಕನ್ನಡ,,
1426,ರೈತ ಹೋರಾಟ,1993,ಸಾಗರ,ಎನ್ ಡಿ ವಸಂತ್ ಕುಮಾರ್,ಎನ್ ಡಿ ವಸಂತ್ ಕುಮಾರ್,ಸಾಪ್ತಾಹಿಕ,ಕನ್ನಡ,,
1427,ಶಿವಮೊಗ್ಗ ನಗರ ವಾಣಿ,1993,ಶಿವಮೊಗ್ಗ,ಎಚ್ ಎಂ ಸಂಗಯ್ಯ,ಎಚ್ ಎನ್ ಮಂಜುನಾಥ್/ ಎಚ್ ಎಂ ಸಂಗಯ್ಯ,ಸಾಪ್ತಾಹಿಕ,ಕನ್ನಡ,,1991
1428,ಪೃಥ್ವಿರಾಜ್,1993,ಶಿರಸಿ,,ಶ್ರೀನಿವಾಸ ಎಸ್. ಆಚಾರಿ,ದೈನಿಕ,ಕನ್ನಡ,,
1429,ಜಗವಾಣಿ,1993,ವಿಜಯಪುರ,ಕೆ ಬಿ ಭೀಮರಾವ್,ಕೆ ಬಿ ಭೀಮರಾವ್,ದೈನಿಕ,ಕನ್ನಡ,,
1430,ಕರ್ನಾಟಕ ಹೆರಾಲ್ಡ್,1993,ವಿಜಯಪುರ,ಚಿದಂಬರ ಕುಲಕರ್ಣಿ,ಚಿದಂಬರ ಕುಲಕರ್ಣಿ,ದೈನಿಕ,ಕನ್ನಡ,,
1431,ಕಾರಂಜಾ ಎಕ್ಸ್‌ಪ್ರೆಸ್,1994,ಬೀದರ್,ಪೂಜಾ ಪ್ರಿಂಟರ್ಸ್,ತಿಪ್ಪಣ್ಣ ,ದೈನಿಕ,ಕನ್ನಡ,,
1432,ಸಮಾಚಾರ,1994,ಬಾಗಲಕೋಟೆ,ಬಸವೇಶ್ವರ ವಿದ್ಯಾವರ್ಧಕ ಸಂಘ,ಪಿ.ಎಸ್ ಸರಳವಾಗಿ,ಮಾಸಿಕ,ಕನ್ನಡ,,
1433,ವಿಧ್ಯಮನ,1994,ಬಾಗಲಕೋಟೆ,ಕೆ.ಎಂ. ಕಳ್ಳಿಗುಡ್ಡ,ಕೆ.ಎಂ. ಕಳ್ಳಿಗುಡ್ಡ,ದೈನಿಕ,ಕನ್ನಡ,,
1434,ವಿಚಾರ ಸಂಘ,1994,ಹೊಸಲಿಂಗರಾಜಪುರ,ಲಕ್ಷ್ಮಮ್ಮ,ಲಕ್ಷ್ಮಮ್ಮ,ಮಾಸಿಕ,ಕನ್ನಡ,,
1435,ಬೆಂಗಳೂರು ವಿಚಾರ,1994,ಬೆಂಗಳೂರು,ಕೆ ರಾಮಕುಮಾರ್,ಕೆ ರಾಮಕುಮಾರ್,ಸಾಪ್ತಾಹಿಕ,ಕನ್ನಡ,,
1436,ಸೌಂದರ್ಯ ಗ್ಲಾಮರ್,1994,ಬೆಂಗಳೂರು,ಎಂ ಆರ್ ಭದರ್,ಎಂ ಆರ್ ಭದರ್,ಮಾಸಿಕ,ಕನ್ನಡ,,
1437,ಕೇಬಲ್ ವಾಣಿ,1994,ಬೆಂಗಳೂರು,ಕರ್ನಾಟಕ ರಾಜ್ಯ ಕೇಬಲ್ ಟಿವಿ ಮತ್ತು ಡಿಶ್ ಆಪರೇಟರ್ಸ್ ವೆಲ್ಫೇರ್ ಅಸೋಸಿಯೇಷನ್,,,ಕನ್ನಡ,,
1438,ಇದು ರಸಿಕ ವಿಜ್ಞಾನ,1994,ಬೆಂಗಳೂರು,ಎ ಆರ್ ನಾಗರಾಜ್,ಎ ಆರ್ ನಾಗರಾಜ್,ಮಾಸಿಕ,ಕನ್ನಡ,,
1439,ಗ್ರಾಹಕ ಜಾಗೃತಿ,1994,ಬೆಂಗಳೂರು,ಆರ್ ಎಸ್ ಕುಮಾರ್,ಆರ್ ಎಸ್ ಕುಮಾರ್,ಸಾಪ್ತಾಹಿಕ,ಕನ್ನಡ,,
1440,ಹಾಲು ಜೇನು,1994,ಬೆಂಗಳೂರು,ಎಚ್ ಎನ್ ಆರ್ ಹಂದೆ,ಎಚ್ ಎನ್ ಆರ್ ಹಂದೆ,ಸಾಪ್ತಾಹಿಕ,ಕನ್ನಡ,,
1441,ಹೇಮಾ ತುಂಗಾ,1994,ಬೆಂಗಳೂರು,ಕೆ ಸಿ ತಿಮ್ಮಶೆಟ್ಟಿ,ಕೆ ಸಿ ತಿಮ್ಮಶೆಟ್ಟಿ,ಮಾಸಿಕ,ಕನ್ನಡ,,
1442,ಇಂದು ಸಂಜೆ,1994,ಬೆಂಗಳೂರು,,ವಿ. ನಾಗರಾಜು,ದೈನಿಕ,ಕನ್ನಡ,,
1443,ಜನದೇಶಾ ಪತ್ರಿಕಾ,1994,ಬೆಂಗಳೂರು,ಮುಹಮ್ಮದ್ ನಝೀರ್ ಉಳ್ತೂರು,ಮುಹಮ್ಮದ್ ನಝೀರ್ ಉಳ್ತೂರು,,ಕನ್ನಡ,,
1444,ಕಾಡಿನ ಮಿತ್ರ,1994,ಬೆಂಗಳೂರು,ನಂದಿ ದುರ್ಗಾ ಬಾಲು,ನಂದಿ ದುರ್ಗಾ ಬಾಲು,ಸಾಪ್ತಾಹಿಕ,ಕನ್ನಡ,,
1445,ಕನ್ನಡ ಜಾಗೃತಿ,1994,ಬೆಂಗಳೂರು,ಆರಂಭಿಕ,ಜಿ ನಾರಾಯಣ/ ಎಸ್ ಜೆ ಶ್ರೀವರ,ದ್ವೈಮಾಸಿಕ,ಕನ್ನಡ,,
1446,ನೇಕಾರ ಮಾರ್ಗದರ್ಶಿ,1994,ಬೆಂಗಳೂರು,ಮಧ್ವ,ಮಧ್ವ,ಮಾಸಿಕ,ಕನ್ನಡ,,
1447,ನೇಸರ,1994,ಬೆಂಗಳೂರು,ಶಮಂತ್,ಶಮಂತ್,ಮಾಸಿಕ,ಕನ್ನಡ,,
1448,ನಿರ್ಮಲ ನುಡಿ,1994,ಬೆಂಗಳೂರು,ಎಚ್.ಎಸ್. ನಿರ್ಮಲಾ,ಎಚ್.ಎಸ್. ನಿರ್ಮಲಾ/ ಪಿ ಜಗದೀಶ್,ಪಾಕ್ಷಿಕ,ಕನ್ನಡ,,
1449,ಕಿರಣನ ಕಥೆ,1994,ಬೆಂಗಳೂರು,ಶ್ರೀ. ನೀಲಕಂಟ ಕೆಂಗರ್,ಶ್ರೀ. ನೀಲಕಂಟ ಕೆಂಗರ್,ಪಾಕ್ಷಿಕ,ಕನ್ನಡ,,
1450,ರಾಜ್ಯ ಸರ್ಕಾರಿ ನೌಕರರು,1994,ಬೆಂಗಳೂರು,,ಶೇಷರಾಘವಾಚಾರ್,ದೈನಿಕ,ಕನ್ನಡ,,
1451,ರಂಗ ಸಂಗಮ ಪತ್ರಿಕೆ,1994,ಬೆಂಗಳೂರು,ಜೆ.ಬಿ. ಸ್ವರ್ಣಾಂಬಾ,ಜೆ.ಬಿ. ಸ್ವರ್ಣಾಂಬಾ,ಮಾಸಿಕ,ಕನ್ನಡ,,
1452,ಸಾಹಸಸಿಂಹ ವಿಷ್ಣುವರ್ದನ,1994,ಬೆಂಗಳೂರು,,ಎ ವಿಜಯ ಕುಮಾರ್,ಮಾಸಿಕ,ಕನ್ನಡ,,
1453,ಸಂಜೆ ನುಡಿ,1994,ಬೆಂಗಳೂರು,ಕೆ ಎಸ್ ಜಯಲಕ್ಷ್ಮಿ,ಕೆ ಎಸ್ ಜಯಲಕ್ಷ್ಮಿ,ದೈನಿಕ ಸಂಜೆ,ಕನ್ನಡ,,
1454,ಶುಭ ಮುಂಜಾವ,1994,ಬೆಂಗಳೂರು,ಬಿ ವಿ ರಾಜಗೋಪಾಲ್,ಬಿ ವಿ ರಾಜಗೋಪಾಲ್,ಸಾಪ್ತಾಹಿಕ,ಕನ್ನಡ,,
1455,ಸ್ಪರ್ಧೆಯ ಜಗತ್ತು,1994,ಬೆಂಗಳೂರು,ನಾಗತಿಹಳ್ಳಿ ರಮೇಶ್,ನಾಗತಿಹಳ್ಳಿ ರಮೇಶ್,ಮಾಸಿಕ,ಕನ್ನಡ,,1963
1456,ಸ್ವತಂತ್ರ ಕರ್ನಾಟಕ,1994,ಬೆಂಗಳೂರು,,,ದ್ವೈಮಾಸಿಕ,ಕನ್ನಡ,"1939, Pub & Edi: B Shivamurthy Shastry, Weekly",
1457,ವಿಚಾರ ದರ್ಪಣ,1994,ಬೆಂಗಳೂರು,ಗೌಡಗೆರೆ ಎಸ್ ಸುಂದರ್,ಗೌಡಗೆರೆ ಎಸ್ ಸುಂದರ್,ಮಾಸಿಕ,ಕನ್ನಡ,,
1458,ವಿವೇಕ ಹಂಸ,1994,ಬೆಂಗಳೂರು,ವಿವೇಕ ಹಂಸ ಪ್ರಕಾಶನ/ ಆರ್.ಸುರೇಶ್,ವಿ ರಘು,ಮಾಸಿಕ,ಕನ್ನಡ,,
1459,ಮೊಡಲ ದನಿ,1994,ಕೊಳ್ಳೆಗಾಲ,ಎ ನಾಗರಾಜ,ಎ ನಾಗರಾಜ,ಪಾಕ್ಷಿಕ,ಕನ್ನಡ,,
1460,ಇಂದು ಸಂಜೆ,1994,ಚಿತ್ರದುರ್ಗ,ಎ ನಾಗರಾಜ,ಎ ನಾಗರಾಜ,ದೈನಿಕ Eve,ಕನ್ನಡ,,
1461,ಸುದ್ದಿಗಿಡುಗ,1994,ಚಿತ್ರದುರ್ಗ,ಎಸ್.ಮಂಜುನಾಥ್,ಎಸ್.ಮಂಜುನಾಥ್,ದೈನಿಕ,ಕನ್ನಡ,,
1462,ಬುಲೆಟಿನ್,1994,ಹುಬ್ಬಳ್ಳಿ/ಧಾರವಾಡ,ಕರ್ನಾಟಕ ವಿ ಅನಿಜೋಯಧ್ಯಮ ಸಂಸ್ಥೆ,,,ಕನ್ನಡ,,
1463,ಜಗತ್ ಕರ್ನಾಟಕ,1994,ಹುಬ್ಬಳ್ಳಿ/ಧಾರವಾಡ,ಮಾಧುರಿ ಪಬ್ಲಿಕೇಷನ್ಸ್,ಎಸ್ ಬಿ ಶೆಟ್ಟರ್,ಮಾಸಿಕ,ಕನ್ನಡ,,
1464,ಕಲಗರ್ಭ,1994,ಹುಬ್ಬಳ್ಳಿ/ಧಾರವಾಡ,ಎಸ್ ಬಿ ಶೆಟ್ಟರ್,ಎಸ್ ಬಿ ಶೆಟ್ಟರ್,ಪಾಕ್ಷಿಕ,ಕನ್ನಡ,,
1465,ಕೃಷಿಪೇಟೆ,1994,ಹುಬ್ಬಳ್ಳಿ/ಧಾರವಾಡ,ನಿರ್ದೇಶಕರು ಕರ್ನಾಟಕ ರಾಜ್ಯ ಕೃಷಿ ಮಾರುಕಟ್ಟೆ ಆರೆನಿಜೆಷನ್,ಡಿ.ವಿ. ಪ್ರಸಾದ್,ಮಾಸಿಕ,ಕನ್ನಡ,,
1466,ಮಧು ಸಂಚಯ,1994,ಹುಬ್ಬಳ್ಳಿ/ಧಾರವಾಡ,,ಮಧುಕರ ಆರ್ ಶೆಟ್ಟಿ,ಸಾಪ್ತಾಹಿಕ,ಕನ್ನಡ,,
1467,ಸುರಾಜ್ಯ ಪಥ,1994,ಧಾರವಾಡ,ಸುರಾಜ್ಯ ಸಂಸ್ತೆ,ಸುರೇಂದ್ರ ದಾತಿ/ ಬಿ ಆರ್ ದೇಸಾಯಿ,ಪಾಕ್ಷಿಕ,ಕನ್ನಡ,,
1468,ವಿಜಯ ಪ್ರಪಂಚ,1994,ಧಾರವಾಡ,,ವಿಜಯಕುರ್ಮಾ .ವಿ. ಸಾಲಿಮಠ,ಪಾಕ್ಷಿಕ,ಕನ್ನಡ,,
1469,ಬಲಶಾಲಿ,1994,ಸುಳ್ಯ/ದಕ್ಷಿಣಕನ್ನಡ,ಸಿ.ಎನ್.ಶ್ರೀನಿವಾಸ ರಾವ್,ಸಿ.ಎನ್.ಶ್ರೀನಿವಾಸ ರಾವ್,ಪಾಕ್ಷಿಕ,ಕನ್ನಡ,,
1470,ಕಡಲ ಕೇಸರಿ,1994,ಮಂಗಳೂರು,ಎಂ.ಸಿ. ಹೆಗ್ಡೆ,ಎಂ.ಸಿ. ಹೆಗ್ಡೆ,ಸಾಪ್ತಾಹಿಕ,ಕನ್ನಡ,,
1471,ಕನ್ನಡ ಚೈತ್ರ,1994,ಮಂಗಳೂರು,ಗೋವಿಂದ ಪೈ ಸ್ಮಾರಕ ಕಾಲೇಜು,ಬಾಲಕೃಷ್ಣ ಹೊಸಂಗಡಿ,ಮಾಸಿಕ,ಕನ್ನಡ,,
1472,ಕಾಸರಗೋಡು ಮಿತ್ರ,1994,ಮಂಗಳೂರು,,,ಸಾಪ್ತಾಹಿಕ,ಕನ್ನಡ,,
1473,ನೇತ್ರವತಿ ವಾರ್ತೆ,1994,ಬಂಟ್ವಾಳ,,,ದೈನಿಕ,ಕನ್ನಡ,,
1474,ನಿಸರ್ಗ ಸಂದೇಶ,1994,ದಕ್ಷಿಣಕನ್ನಡ,ದಕ್ಷಿಣ ಕನ್ನಡ ಜಿಲ್ಲಾ ಪರಿಸರಸಕ್ತ ಒಕ್ಕೂಟ,,,,,
1475,ನೋಬಲ್ ಯೂನಿವರ್ಸ್,1994,ಮಂಗಳೂರು,ನೋಬಲ್ ಪ್ರಿಂಟರ್ಸ್ ಮತ್ತು ಪಬ್ಲಿಷರ್ಸ್,ಅಹ್ಮದ್ ಅಲಿ ಶಿಯರಿಂಗ್,ಮಾಸಿಕ,ಕನ್ನಡ,,
1476,ಜನಪ್ರಿಯ,1994,ಮಂಗಳೂರು,,,ಪಾಕ್ಷಿಕ,ಕನ್ನಡ,,
1477,ಪುತ್ತೂರು ಸ್ಥಾನಿಕ ಸಮಾಚಾರ,1994,ದಕ್ಷಿಣಕನ್ನಡ,,ಎಂ ಎಸ್ ರಘುನಾಥ ರಾವ್,,ಕನ್ನಡ,,
1478,ಸಮಾಜ ಮಿತ್ರ,1994,ಮಂಗಳೂರು,,ಸುಭಾಷ್ ಚಂದ್ರ ಕಣ್ವತೀರ್ಥ,ಮಾಸಿಕ,ಕನ್ನಡ,,
1479,ಸವಿತ ವಾಣಿ,1994,ದಕ್ಷಿಣಕನ್ನಡ,ವಿಟ್ಟಲ ಭಂದ್ರಿ ಕುಲೈ,ವಿಟ್ಟಲ ಭಂದ್ರಿ ಕುಲೈ,ಮಾಸಿಕ,ಕನ್ನಡ,,
1480,ಸೃಜನ ವಿಜನ,1994,ದಕ್ಷಿಣಕನ್ನಡ,ಸರಿತಾ ಜ್ಞಾನಾನಂದ,ಸರಿತಾ ಜ್ಞಾನಾನಂದ,ಮಾಸಿಕ,ಕನ್ನಡ,,
1481,ಸುಜಾತಾ ಸಂಚಿಕೆ,1994,ಮಂಗಳೂರು,ರಾಘವ ಹೆಬ್ಬಾರ್ ಆಗಲಿ,ಜಿ ಕೆ ಹೆಬ್ಬಾರ್,ಮಾಸಿಕ,ಕನ್ನಡ,,
1482,ತಾಯಿಯ ಆಶೀರ್ವಾದ,1994,ಶಿಗ್ಗಾವಿ,,ಕೆ ಎಸ ಮೀರಾಸಾಬನವರ,ಸಾಪ್ತಾಹಿಕ,ಕನ್ನಡ,,
1483,ಕಲಬುರ್ಗಿ ಪ್ರತಿನಿಧಿ,1994,ಕಲಬುರ್ಗಿ,ನಾಗಲಾಂಬಿಕಾ ರ್ ಹೊನ್ನ,ರವಿಕುಮಾರ್ ಜಿ ಹೊನ್ನಾ,ದೈನಿಕ,ಕನ್ನಡ,,
1484,ನಿತ್ಯ ಸಂಗತಿ,1994,ಕಲಬುರ್ಗಿ,ವಿ ಲಿಂಗಾ ರೆಡ್ಡಿ,ವಿ ಲಿಂಗಾ ರೆಡ್ಡಿ,ದೈನಿಕ,ಕನ್ನಡ,,
1485,ಪ್ರಿಯಾ ಪತ್ರಿಕೆ,1994,ಕೋಲಾರ,ಕೊ. ನಾ ಮಂಜುನಾಥ್,ಕೊ. ನಾ ಮಂಜುನಾಥ್,ದೈನಿಕ,ಕನ್ನಡ,,
1486,ಶಿಂಷಾ ಪ್ರಭಾ,1994,ಮಂಡ್ಯ,ಗುರುಬಸಯ್ಯ,ಗುರುಬಸವಯ್ಯ/ ಯು ಎಂ ನಿಂಗೇಗೌಡಮ್,ದೈನಿಕ,ಕನ್ನಡ,,
1487,ಕನ್ನಡ ಬೆಳಕು,1994,ಮೈಸೂರು,ಮೂಗೂರು ನಂಜುಂಡಸ್ವಾಮಿ,ಮೂಗೂರು ನಂಜುಂಡಸ್ವಾಮಿ,ಸಾಪ್ತಾಹಿಕ,ಕನ್ನಡ,,
1488,ರಾಯಚೂರು ವಾರ್ತೆ,1994,ರಾಯಚೂರು,ಎಂ.ಕಿಶನ್ ರಾವ್,ಎಂ.ಕಿಶನ್ ರಾವ್,ದೈನಿಕ,ಕನ್ನಡ,,
1489,ಒಡೆಯರ್ ಪಕ್ಷ,1994,ಬಿಡದಿ,ಬಿ.ಆರ್.ವಿಜಯಕುಮಾರ್ ಒಡೆಯರ್,ಬಿ.ಆರ್.ವಿಜಯಕುಮಾರ್ ಒಡೆಯರ್,ದೈನಿಕ,ಕನ್ನಡ,,
1490,ಅಗ್ನಿಪಥ್,1994,ಸಾಗರ,ಯು.ಎನ್. ಲಕ್ಷ್ಮೀಕಾಂತಪ್ಪ,ಯು.ಎನ್. ಲಕ್ಷ್ಮೀಕಾಂತಪ್ಪ,ಮಾಸಿಕ,ಕನ್ನಡ,,
1491,ಮಲೆನಾಡು ಮಿತ್ರ,1994,ಶಿವಮೊಗ್ಗ,ಎನ್ ಆರ್ ವೆಂಕಟೇಶ್,ಎನ್ ಆರ್ ವೆಂಕಟೇಶ್,ದೈನಿಕ,ಕನ್ನಡ,,1993
1492,ವಾರ್ತಾ ಪತ್ರ,1994,ಶಿವಮೊಗ್ಗ,ಕನ್ನಡ ವೈದ್ಯ ಸಾಹಿತ್ಯ ಪರಿಷತ್ತು,,ಮಾಸಿಕ,ಕನ್ನಡ,,
1493,ರೋಟೊ ಗ್ರಾಫ್,1994,ತುಮಕೂರು,ರೋಟರಿ ಕ್ಲಬ್,ಬಿ.ಜಿ.ಶ್ರೀನಿವಾಸ್ ರಾವ್,ಮಾಸಿಕ,ಕನ್ನಡ,,
1494,ವಿಪ್ರ ವಾಣಿ,1994,ಉಡುಪಿ,ದ್ರಾವಿಡ ಬ್ರಾಹ್ಮಣ ಮಹಾಸಭಾ,ಬಳ್ಕೂರು ಭಾಸ್ಕರ ಉಡುಪ,ತ್ರೈಮಾಸಿಕ,ಕನ್ನಡ,,
1495,ದಾಂಡೇಲಿ ನಹತ್ರಾ,1994,ದಾಂಡೇಲಿ,ವಿ.ಎಸ್. ಕುಪ್ಪದ,ವಿ.ಎಸ್. ಕುಪ್ಪದ,ಸಾಪ್ತಾಹಿಕ,ಕನ್ನಡ,,
1496,ಜನ್ಮನಾ,1994,ಶಿರಸಿ,ಗಣಪತಿ ಶಿರಳಗಿ,ಗಣಪತಿ ಶಿರಳಗಿ,ಸಾಪ್ತಾಹಿಕ,ಕನ್ನಡ,,
1497,ಕನ್ನಡ ಜನನತರಂಗ,1994,ಶಿರಸಿ,,,ದೈನಿಕ,ಕನ್ನಡ,,
1498,ಪ್ರಸ್ಪುಟ,1994,ಯಲ್ಲಾಪುರ,ಪರಮೇಶ್ವರ ಗುಂಡ್ಕಲ್,ಪರಮೇಶ್ವರ ಗುಂಡ್ಕಲ್,,ಕನ್ನಡ,,
1499,ಅಕ್ಷರ ಗೋಪುರ,1994,ವಿಜಯಪುರ,ಎಂ ಮದಗೋಪಾಲ್ / ರಾಜಕಮಲ್,ಎಸ್ ಎಂ ಕಣಬೋರ,ಪಾಕ್ಷಿಕ,ಕನ್ನಡ,,
1500,ಕನ್ನಡ ದೀಪಾ,1994,ವಿಜಯಪುರ,ಕೆ ಕುಲಕರ್ಣಿ,ಕೆ ಕುಲಕರ್ಣಿ,ದೈನಿಕ,ಕನ್ನಡ,,
1501,ಭೂಮಿ,1994,ವಿಜಯಪುರ,ಹನುಮಂತ ಬಾಗೇವಾಡಿ,ಹನುಮಂತ ಬಾಗೇವಾಡಿ,ಪಾಕ್ಷಿಕ,ಕನ್ನಡ,,
1502,ಸತ್ಯಕಮ,1994,ವಿಜಯಪುರ,ಪಿ ಎಂ ಮಣ್ಣೂರು,ಪಿ ಎಂ ಮಣ್ಣೂರು,ದೈನಿಕ,ಕನ್ನಡ,,
1503,ಅಮರ್ ಭಾರತಿ,1995,ಬಾಗಲಕೋಟೆ,,ಪ್ರಕಾಶ್ ಜಿ ಬಳಕ್ಕನವರ,ದೈನಿಕ,ಕನ್ನಡ,,
1504,ರಾಮನಗರ ಸುದ್ದಿ,1995,ಬೆಂಗಳೂರುಗ್ರಾಮೀಣ,,ಎಲ್ ರವೀಂದ್ರ ರೆಡ್ಡಿ,ಪಾಕ್ಷಿಕ,ಕನ್ನಡ,,
1505,ಯುಗ ಸಂದೇಶ,1995,ಬೆಳಗಾವಿ,ವಿರುಪಾಕ್ಷಪ್ಪ ಎಸ್ ಅಂಗಡಿ,ವಿರುಪಾಕ್ಷಪ್ಪ ಎಸ್ ಅಂಗಡಿ,ಸಾಪ್ತಾಹಿಕ,ಕನ್ನಡ,,
1506,ಆರೋಗ್ಯ ರಂಗ,1995,ಬಳ್ಳಾರಿ/ಹೊಸಪೇಟೆ,ಎಚ್ ಎಸ್ ಹರೀಶ್/ ಶ್ರೀ ಸಿದ್ದೇಶ್ವರ ಪವರ್ ಪ್ರಿಂಟ್ಸ್,ಡಾ.ಕೆ ರಾಮಮೂರ್ತಿ,ಮಾಸಿಕ,ಕನ್ನಡ,,
1507,ಅಂದು ಇಂದು ನಾಳೆ,1995,ಬೆಂಗಳೂರು,ಡಾ.ವಿ.ಎನ್.ಹೆಗಡೆ,ಡಾ.ವಿ.ಎನ್.ಹೆಗಡೆ,ಪಾಕ್ಷಿಕ,ಕನ್ನಡ,,
1508,ಆರೋಗ್ಯ ತರಂಗ,1995,ಬೆಂಗಳೂರು,ಡಾ ಬಿ ವಿಜಯಲಕ್ಷ್ಮಿ ಚಂದ್ರಶೇಖರ್,ಡಾ. ಚಂದ್ರಶೇಖರ,ಮಾಸಿಕ,ಕನ್ನಡ,,
1509,ಬಲಿಜ ಬಾಂಧವಾ,1995,ಬೆಂಗಳೂರು,ಮಂಜುನಾಥ,ಮಂಜುನಾಥ,ಮಾಸಿಕ,ಕನ್ನಡ,,
1510,ದಲಿತ ಧ್ವನಿ,1995,ಬೆಂಗಳೂರು,ವಿ ಟಿ ರಾಜಶೇಖರ್,ವಿ ಟಿ ರಾಜಶೇಖರ್,ಮಾಸಿಕ,ಕನ್ನಡ,,
1511,ಇಂಜಿನಿಯರ್ಸ್ ನ್ಯೂಸ್,1995,ಬೆಂಗಳೂರು,ಎಂ ಆರ್ ಶ್ರೀನಿವಾಸ್,ಎಂ ಆರ್ ಶ್ರೀನಿವಾಸ್,,ಕನ್ನಡ,,
1512,ಇದು ನಿರಂತರ ಸಮಾರಾ,1995,ಬೆಂಗಳೂರು,ಜಿ ವಿ ವಿರೂಪಾಕ್ಷ,ಜಿ ವಿ ವಿರೂಪಾಕ್ಷ,ಸಾಪ್ತಾಹಿಕ,ಕನ್ನಡ,,
1513,ಜನಂತರಂಗ,1995,ಬೆಂಗಳೂರು,ಚಂದ್ರಶೇಖರ ಎ,ಚಂದ್ರಶೇಖರ ಎ,ಸಾಪ್ತಾಹಿಕ,ಕನ್ನಡ,,
1514,ಕಮಲವಾಣಿ,1995,ಬೆಂಗಳೂರು,ಟಿ ಎಂ ನರಸಿಂಹ,ಟಿ ಎಂ ನರಸಿಂಹ,ಸಾಪ್ತಾಹಿಕ,ಕನ್ನಡ,,
1515,ನಿಷ್ಠುರ ಸತ್ಯ,1995,ಬೆಂಗಳೂರು,ಯಶಪತಿ,ಯಶಪತಿ,ಪಾಕ್ಷಿಕ,ಕನ್ನಡ/ ಇಂಗ್ಲೀಷ್,,
1516,ಸಾರ್ವಜನಿಕ ಧ್ವನಿ,1995,ಬೆಂಗಳೂರು,ಎಂ ವಿ ರೇವಣಸಿದ್ದಯ್ಯ,ಎಂ ವಿ ರೇವಣಸಿದ್ದ,ಮಾಸಿಕ,ಕನ್ನಡ,,
1517,ಪ್ರಜ ಪ್ರಸಾರ,1995,ಬೆಂಗಳೂರು,,ಬಿ ಆರ್ ಸುಜೇಂದ್ರ ರಾಜು,ಮಾಸಿಕ,ಕನ್ನಡ,,
1518,ಪ್ರಜ್ರಂಜಕ,1995,ಬೆಂಗಳೂರು,,ಬಿ ಎ ಶ್ರೀನಿವಾಸ ಭಟ್,ಮಾಸಿಕ,ಕನ್ನಡ,,
1519,ಸಮಾಜ ಬಾಂಧವರು,1995,ಬೆಂಗಳೂರು,ಪಿ ಬಿ ಲಕ್ಷ್ಮಿ ಮುರಳೀಧರ್,ಪಿ ಬಿ ಲಕ್ಷ್ಮಿ ಮುರಳೀಧರ್,ಮಾಸಿಕ,ಕನ್ನಡ,,
1520,ಸಮೃದ್ಧಿ,1995,ಬೆಂಗಳೂರು,,,,ಕನ್ನಡ,,
1521,ಸಿಂಹ ಲೋಕ,1995,ಬೆಂಗಳೂರು,ಆರ್.ಜೈಕುಮಾರ್,ಆರ್.ಜೈಕುಮಾರ್,,ಕನ್ನಡ,,
1522,ಶ್ರೀ ಮಲೈ ಮಹದೇಶ್ವರ ವಾರ್ತೆ,1995,ಬೆಂಗಳೂರು,,ವೇಲಾಯುಧ,ಮಾಸಿಕ,ಕನ್ನಡ,,
1523,ಸ್ತ್ರೀ ವಿಮೋಚನೆ,1995,ಬೆಂಗಳೂರು,,ಎಚ್ ಜಿ ಜಯಲಕ್ಷ್ಮಿ,ತ್ರೈಮಾಸಿಕ,ಕನ್ನಡ,,
1524,ಸುದ್ಧಿ ಪ್ರಪಂಚ,1995,ಬೆಂಗಳೂರು,ಸುದ್ಧಿ  ಪ್ರಪಂಚ ಪ್ರಕಾಶ,ಎರಡನಹಳ್ಳಿ ಅಶ್ವಥ್ ನಾರಾಯಣ,ಪಾಕ್ಷಿಕ,ಕನ್ನಡ,,
1525,ಟಿಪ್ಪು ಖಡ್ಗ,1995,ಬೆಂಗಳೂರು,,,,ಕನ್ನಡ,,
1526,ವಾರ್ಷಿಕೋತ್ಸವ,1995,ಬೆಂಗಳೂರು,ಇ.ದೇವಪ್ಪ,ಇ.ದೇವಪ್ಪ,ಮಾಸಿಕ,ಕನ್ನಡ,,
1527,ವಾರ್ತಾ ದೂತ,1995,ಬೆಂಗಳೂರು,ಎಸ್ ವಿ ಜಗನ್ನಾಥ್,ಎಸ್ ವಿ ಜಗನ್ನಾಥ್,,ಕನ್ನಡ,,
1528,ವೇದ ತರಂಗ,1995,ಬೆಂಗಳೂರು,ಬಿ ವಿ ಯತಿರಾಜು,ಶ್ರುತಿ ಪ್ರಿಯ,ಮಾಸಿಕ,(ದ್ವಿಭಾಷಿಕ),,
1529,ಈ-ಸಮಾಚಾರ,1995,ಚಾಮರಾಜನಗರ,ಸತ್ಯನಾರಾಯಣ,ಸತ್ಯನಾರಾಯಣ,ಸಾಪ್ತಾಹಿಕ,ಕನ್ನಡ,,
1530,ಗುಂಡೂಲುವಾರ್ತೆ,1995,ಗುಂಡ್ಲುಪೇಟೆ,,ನಾಗಭೂಷಣ ಬಸವಾಪುರ,ಸಾಪ್ತಾಹಿಕ,ಕನ್ನಡ,,
1531,ಪಾಲಾರ್ ಪತ್ರಿಕೆ,1995,ಚಿಕ್ಕಬಳ್ಳಾಪುರ,ಪ್ರಪಂಚದ ಪ್ರಕಾಶ,ಬಿ.ಪುಟ್ಟರಾಜು,ದೈನಿಕ,ಕನ್ನಡ,,
1532,ಕವಿಶೀಲ,1995,ಕೊಪ್ಪ/ಚಿಕ್ಕಮಗಳೂರು,,ಅಕ್ಷರ ಪ್ರಿಂಟರ್ಸ್ & ಪಬ್ಲಿಷರ್ಸ್,ಸಾಪ್ತಾಹಿಕ,ಕನ್ನಡ,,"Editor -
 Umesh Gudikallu"
1533,ಗಾಣಿಗರ ಸಹೋದರರು,1995,ಚಿಕ್ಕಮಗಳೂರು,ಎಸ್ ಮೋಹನ್,ಎಸ್ ಮೋಹನ್,ಮಾಸಿಕ,ಕನ್ನಡ,,
1534,ಘಂಟಾನಾದ,1995,ಹಿರೇಮಗಳೂರು/ಚಿಕ್ಕಮಗಳೂರು,ಎಚ್ ಎಸ್ ಮಲ್ಲೇಶ್,ಎಚ್ ಎಸ್ ಮಲ್ಲೇಶ್,,ಕನ್ನಡ,,
1535,ವರದಾ ಮಲೆನಾಡು,1995,ಕೊಪ್ಪ/ಚಿಕ್ಕಮಗಳೂರು,ಸಂಜೀವ,ಸಂಜೀವ,ಸಾಪ್ತಾಹಿಕ,ಕನ್ನಡ,,
1536,ಹೊಸದುರ್ಗ ಬಿಂಬ,1995,ಹೊಸದುರ್ಗ,ಎಚ್ ಎಸ್ ಸಂಜೀವ ಮೂರ್ತಿ,ಎಚ್ ಎಸ್ ಸಂಜೀವ ಮೂರ್ತಿ,ದೈನಿಕ,ಕನ್ನಡ,,
1537,ಶಿಲುಬೆಯ ಸಂದೇಶ,1995,ದಾವಣಗೆರೆ,,ಪಾದ್ರಿ ಎಂ. ಇಮ್ಯಾನುಯಲ್,ಮಾಸಿಕ,ಕನ್ನಡ,,
1538,ದಲಿತ ಕ್ರಾಂತಿ,1995,ಹುಬ್ಬಳ್ಳಿ/ಧಾರವಾಡ,ಪಿ ಎಸ್ ದೊಡ್ಡಮನಿ,ಪಿ ಎಸ್ ದೊಡ್ಡಮನಿ,ಪಾಕ್ಷಿಕ,ಕನ್ನಡ,,
1539,ಭಕ್ತಿಪೂರ್ವಕ,1995,ಬೆಳ್ತಂಗಡಿ/ದಕ್ಷಿಣಕನ್ನಡ,,,ಸಾಪ್ತಾಹಿಕ,ಕನ್ನಡ,,
1540,ದಿವೂ,1995,ಮಂಗಳೂರು,ಲಾರೆನ್ಸ್ ಕೊಯೆಲೊ,ಲಾರೆನ್ಸ್ ಕೊಯೆಲೊ,ಸಾಪ್ತಾಹಿಕ,ಕೊಂಕಣಿ,,
1541,ಹಾರಿಜಾನ್,1995,ಉಡುಪಿ/ದಕ್ಷಿಣಕನ್ನಡ,ರವಿಚಂದ್ರ ಚಂದ್ರರಾವ್ ಮಾದವಿ,ಕೆ ಶಶಿಧರ ಹೆಮ್ಮಣ್ಣ ಕಲ್ಮುಂಜೆ,ಸಾಪ್ತಾಹಿಕ,ಕನ್ನಡ,,
1542,ಮಾಧ್ಯಮ ಮಂಗಳ,1995,ದಕ್ಷಿಣಕನ್ನಡ,ಕೆ ವಿ ನಾಗರಾಜ್ ಪತ್ರಿಕೋದ್ಯಮ ವಿಭಾಗ ಮಂಗಳೂರು ವಿಶ್ವವಿದ್ಯಾನಿಲಯ,ಕೆ ವಿ ನಾಗರಾಜ,,ಕನ್ನಡ,,
1543,ಉದ್ಯೋಗ ದರ್ಶಕ,1995,ಮಂಗಳೂರು,ನಳಿನ್ ಕುಮಾರ್ ರಾಯ್,ನಳಿನ್ ಕುಮಾರ್ ರಾಯ್,ಸಾಪ್ತಾಹಿಕ,ಕನ್ನಡ,,
1544,ಯಕ್ಷ ಪ್ರಭಾ,1995,ಮಂಗಳೂರು,ಕುಬಣೂರು ಶ್ರೀಧರ ರಾವ್,ಕುಬಣೂರು ಶ್ರೀಧರ ರಾವ್,ಮಾಸಿಕ,ಕನ್ನಡ,,
1545,ಹಾಸನ ಮಿತ್ರ,1995,ಹಾಸನ,ವೈ ಪಿ ರಾಜೇಗೌಡ,ವೈ ಪಿ ರಾಜೇಗೌಡ/ ಎಸ್ ಆರ್ ಪ್ರಸನ್ನ ಕುಮಾರ್,ದೈನಿಕ,ಕನ್ನಡ,,Editor - H.S. Prabhaka r
1546,ಆಕ್ರೋಶ,1995,ಕಲಬುರ್ಗಿ,,Bharathi S Reshmi,ದೈನಿಕ,ಕನ್ನಡ,,
1547,ಕಲ್ಬುರ್ಗಿ ಕರೆ,1995,ಕಲಬುರ್ಗಿ,ಕೆ ಮಹದೇವಪ್ಪ,ಕೆ ಮಹದೇವಪ್ಪ,ದೈನಿಕ,ಕನ್ನಡ,,
1548,ಕಲ್ಯಾಣ ನಾಡು,1995,ಕಲಬುರ್ಗಿ,ಬಿ.ಆರ್.ಪಾಟೀಲ್ ಹಲ್ಲಿಸಲಾಗರ,ಬಿ.ಆರ್.ಪಾಟೀಲ್ ಹಲ್ಲಿಸಲಾಗರ,ದೈನಿಕ,ಕನ್ನಡ,,
1549,ಕನ್ನಡ ಶಕ್ತಿ ಸಂಜೆ ಸಂಚಿಕೆ,1995,ಕಲಬುರ್ಗಿ,,,ದೈನಿಕ,ಕನ್ನಡ,,
1550,ಪ್ರಚಾರ ಸಾಹಸ,1995,ಕಲಬುರ್ಗಿ,ರಮೇಶ್ ಎನ್.ಕಮಿಟ್ಕರ್,ರಮೇಶ್ ಎನ್.ಕಮಿಟ್ಕರ್,ದೈನಿಕ,ಕನ್ನಡ,,
1551,ಪ್ರತಿನಿಧಿ,1995,ಕಲಬುರ್ಗಿ,,ರವಿ ಕುಮಾರ್ ಜಿ ಹೊನ್ನಾ,ದೈನಿಕ,ಕನ್ನಡ,,
1552,ಇಂಕ್ವಿಲಾಬ್-ಎ-ಡೆಕ್ಕನ್,1995,ಕಲಬುರ್ಗಿ,,,ದೈನಿಕ,ಉರ್ದು,,
1553,ಬೆಳಗಿನ ಸುದ್ದಿ,1995,ಮಾಲೂರು/ಕೋಲಾರ,,ಮಾಲೂರು ವಿಜಿ,ದೈನಿಕ,ಕನ್ನಡ,,
1554,ಸಂಚಿಕೆ,1995,ಕೋಲಾರ,ಸಿ ಎಂ ಮುನಿಯಪ್ಪ,ಸಿ ಎಂ ಮುನಿಯಪ್ಪ,ದೈನಿಕ,ಕನ್ನಡ,,
1555,ಮಟ್ಟಿ ವಿದ್ಯಾ,1995,ಮಂಡ್ಯ,,,ತ್ರೈಮಾಸಿಕ,ಕನ್ನಡ,,
1556,ಸಿಂಹ ಲೋಕ,1995,ಮಂಡ್ಯ,,ಆರ್ ಜಯಕುಮಾರ್,,ಕನ್ನಡ,,
1557,ಗುಂಡ್ಲು ವಾರ್ತೆ,1995,ಗುಂಡ್ಲುಪೇಟೆ,ನಾಗಭೂಷಣ ಬಸವಾಪುರ,ನಾಗಭೂಷಣ ಬಸವಾಪುರ,ಸಾಪ್ತಾಹಿಕ,ಕನ್ನಡ,,
1558,ಜನಪಾಲಕ,1995,ಟಿ.ನರಸೀಪುರ,,,ಸಾಪ್ತಾಹಿಕ,ಕನ್ನಡ,,
1559,ಮೈಸೂರು ದಿಗಂತ,1995,ಮೈಸೂರು,ಮಲ್ಲಾಳಿ ನಟರಾಜ್ ಕುಮಾರ್,ಮಲ್ಲಾಳಿ ನಟರಾಜ್ ಕುಮಾರ್,,,,
1560,ಮೈಸೂರು ರತ್ನ,1995,ಮೈಸೂರು,ಪಿ. ಮರದೇಶ್ ಮೂರ್ತಿ,,,ಕನ್ನಡ,,
1561,ನಿಜ್ಜದಾನಿ,1995,ಮೈಸೂರು,ಶಾಂತರಾಜು,ಶಾಂತರಾಜು,ದೈನಿಕ,ಕನ್ನಡ,,
1562,ವಾಣಿ ಸಾಮ್ರಾಟ್,1995,ರಾಯಚೂರು,,ಶ್ರೀ ಭಾರತ ಗೋವಿಂದ ರಾವ್ ಅಮಿತಾಕಾರ,ದೈನಿಕ,ಕನ್ನಡ,,
1563,ಅಭ್ಯಾಗತ,1995,ಸಾಗರ,ಎಸ್ ಆರ್ ಭಟ್,ರಾಧಾ ಕೃಷ್ಣ,ಸಾಪ್ತಾಹಿಕ,ಕನ್ನಡ,,1996
1564,ಅಕ್ಷರ ದೂತ,1995,ಶಿವಮೊಗ್ಗ,,ಅನಿಲ್ಕುಮಾರ್ ಉ/ ಕಸೋಮಶೇಕರ್,ಸಾಪ್ತಾಹಿಕ,ಕನ್ನಡ,,
1565,ಜನ ವಾರ್ತೆ,1995,ಶಿವಮೊಗ್ಗ,ಎಸ್ ಪಿ ಶೇಷಾದ್ರಿ,ಎಸ್ ಪಿ ಶೇಷಾದ್ರಿ,ದೈನಿಕ,ಕನ್ನಡ,,
1566,ಜನ್ಮನಾ,1995,ಸಾಗರ,ಗಣಪತಿ ಶಿರಳಗಿ,ಗಣಪತಿ ಶಿರಳಗಿ,ಸಾಪ್ತಾಹಿಕ,ಕನ್ನಡ,,1995
1567,ಕವಿ ಶೈಲಾ,1995,ತೀರ್ಥಹಳ್ಳಿ,ಎಚ್ ಎಂ ರವಿಕಾಂತ್,ಸಿ ಎಸ್ ಉಮೇಶ್,,ಕನ್ನಡ,,
1568,ಖಾದಿ ಕಿರಣ,1995,ಸೊರಬ,ಎಂ ಜಗನ್ನಾಥ್,ಎಂ ಜಗನ್ನಾಥ್,ಮಾಸಿಕ,ಕನ್ನಡ,,
1569,ಲಕ್ಷ್ಮೀಶ ಪತ್ರಿಕೆ,1995,ತೀರ್ಥಹಳ್ಳಿ,ಕೆ ಎಸ್ ಲಕ್ಷ್ಮೀಶ,ಕೆ ಎಸ್ ಲಕ್ಷ್ಮೀಶ,ಸಾಪ್ತಾಹಿಕ,ಕನ್ನಡ,,
1570,ಮಾಹಿತಿ,1995,ಶಿವಮೊಗ್ಗ,ಕೆ ಜಿ ಸುಬ್ರಮಣ್ಯ ಫಾರ್ ಕರ್ನಾಟಕ ಸಂಘ ವರ್ಥ ಪತ್ರಿಕೆ,ಟಿ ಆರ್ ಪಾಂಡುರಂಗ,ಮಾಸಿಕ,ಕನ್ನಡ,,
1571,ಮಲೆನಾಡು ಮಲ್ಲಿಗೆ,1995,ಶಿವಮೊಗ್ಗ,ರಾಜೇಶನೊಂದಿಗೆ ಬೆಳೆಯುತ್ತಿದ್ದ,ರಾಜೇಶನೊಂದಿಗೆ ಬೆಳೆಯುತ್ತಿದ್ದ,ಸಾಪ್ತಾಹಿಕ,ಕನ್ನಡ,,1996
1572,ಪುದೂಪ್,1995,ಹೊಸನಗರ,ವೆಂಕಟರಮಣ,ವೆಂಕಟರಮಣ,ದೈನಿಕ,ಕನ್ನಡ,,
1573,ಸಿಡಿ ಗುಂಡು,1995,ಸಾಗರ,ಎಸ್ ಶ್ರೀನಿವಾಸ ಮೂರ್ತಿ,ಎಸ್ ಶ್ರೀನಿವಾಸ ಮೂರ್ತಿ,ದೈನಿಕ,ಕನ್ನಡ,,
1574,ಗಿರಿ ಗಹರ್ಜನೆ,1995,ಅಂಕೋಲ,,ಪ್ರಕಾಶ್.ಎಸ್.ಪ್ರಭು,ಸಾಪ್ತಾಹಿಕ,ಕನ್ನಡ,,
1575,ಮಂಗಳವಾಣಿ,1995,ಸಿದ್ಧಾಪುರ,ಅರ.ಎಸ ಭಟ್ಟ ಶಿರಳಾಗಿ,ಅರ.ಎಸ ಭಟ್ಟ ಶಿರಳಾಗಿ,ಮಾಸಿಕ,ಕನ್ನಡ,,
1576,ಸ್ವಾಧೀನ,1995,ವಿಜಯಪುರ,ಪರಶುರಾಮ ಎಂ. ಶಕ್ತಿ,ಪರಶುರಾಮ ಎಂ. ಶಕ್ತಿ,ದೈನಿಕ,ಕನ್ನಡ,,
1577,ಬೀದರ್ ರಹಸ್ಯ,1996,ಬೀದರ್,ವಿಜಯಲಕ್ಷ್ಮಿ ಪ್ರಿಂಟರ್ಸ್‌ಗಾಗಿ ಡಿ ಕೆ ಗಣಪತಿ,ಗಣಪತಿ ಡಿ.ಕೆ.,ದೈನಿಕ,ಕನ್ನಡ,,
1578,ಗೌರವ,1996,ಬೆಳಗಾವಿ,ಮುರುಗೇಶ್ ಬಿ ಶಿವಪೂಜಿ,ಮುರುಗೇಶ್ ಬಿ ಶಿವಪೂಜಿ,ಸಾಪ್ತಾಹಿಕ,ಕನ್ನಡ,,
1579,ಕನ್ನಡ ಅದಿಪತಿ,1996,ಬೆಳಗಾವಿ/ಗೋಕಾಕ್,ಬಸವರಾಜ ಪಟ್ಟಣ ಶೆಟ್ಟಿ,ಬಸವರಾಜ ಪಟ್ಟಣ ಶೆಟ್ಟಿ,ಮಾಸಿಕ,ಕನ್ನಡ,,
1580,ಈ ನಮ್ಮ ಕನ್ನಡನಾಡು,1996,ಬಳ್ಳಾರಿ,ಜೆ.ಜನಾರ್ದನ ರೆಡ್ಡಿ,ಜೆ.ಜನಾರ್ದನ ರೆಡ್ಡಿ,ದೈನಿಕ,ಕನ್ನಡ,,
1581,ನೆರಳು,1996,ಹಗರಿಬೊಮ್ಮನಹಳ್ಳಿ,ಬಿ.ಬಸವರಾಜ,ಬಿ.ಬಸವರಾಜ,ಪಾಕ್ಷಿಕ,ಕನ್ನಡ,,
1582,ವಿಜ್ಞಾನ ಫೆಲೋಶಿಪ್,1996,ಹಂಪಿ/ಬಳ್ಳಾರಿ,ಹಂಪಿ ವಿಶ್ವವಿದ್ಯಾಲಯಕ್ಕೆ ಸಿ ಮಹದೇವ,ಎಚ್.ಎಸ್.ಬೋರಲಿಂಗಯ್ಯ/ಜೈನುಲ್ಲಾ ಬಳ್ಳಾರಿ,ಮಾಸಿಕ,ಕನ್ನಡ,,
1583,ಆದರ್ಶ ಗಂಡ ಹೆಂಡತಿ,1996,ಬೆಂಗಳೂರು,ಎಂ ಮಲಿಕಾರ್ಜುನಯ್ಯ,ಎಂ ಮಲಿಕಾರ್ಜುನಯ್ಯ,ಮಾಸಿಕ,ಕನ್ನಡ,,
1584,ಅರೋಗ್ಯ ಅನುರಾಗ,1996,ಬೆಂಗಳೂರು,ಆರ್.ಬಾಲಕೃಷ್ಣ,ಆರ್.ಬಾಲಕೃಷ್ಣ,,ಕನ್ನಡ,,
1585,ಗಗನ ಕುಸುಮ,1996,ಬೆಂಗಳೂರು,ಎಂ.ಪಿ. ಶರತ್ ಚಂದ್ರ,ಎಂ.ಪಿ. ಶರತ್ ಚಂದ್ರ,,ಕನ್ನಡ,,
1586,ಸಂಧ್ಯಾಕಾಲ,1996,ಬೆಂಗಳೂರು,,ಬಿ ವಿ ವೈಕುಂಟರಾಜು,ದೈನಿಕ,ಕನ್ನಡ,,
1587,ಹಾಯ್ ಬೆಂಗಳೂರು,1996,ಬೆಂಗಳೂರು,,ರವಿ ಬೆಳಗೆರೆ,ಸಾಪ್ತಾಹಿಕ,ಕನ್ನಡ,,
1588,ಹರ್ಷ ವಾಣಿ,1996,ಬೆಂಗಳೂರು,,,ಮಾಸಿಕ,ಕನ್ನಡ,,
1589,ಹಿತಶ್ರೀ,1996,ಬೆಂಗಳೂರು,,ಎಸ್ ವಿ ಭೀಮ್ ಸೇನ್,ಮಾಸಿಕ,ಕನ್ನಡ,,
1590,ಹೊಸ ಸಂದೇಶ,1996,ಬೆಂಗಳೂರು,ಎಂ.ಪಿ. ಶಶಿಕುಮಾರ್,ಎಂ.ಪಿ. ಶಶಿಕುಮಾರ್,ಮಾಸಿಕ,ಕನ್ನಡ,,
1591,ನವಕರ ಮಿತ್ರ,1996,ಬೆಂಗಳೂರು,,ಕೆ.ಸಿ.ವೇದಮೂರ್ತಿ,,ಕನ್ನಡ,,
1592,ರೂಪಾ ದರ್ಶಿನಿ,1996,ಬೆಂಗಳೂರು,ಜಿ.ಆರ್. ಚನ್ನವೀರಪ್ಪ,ಜಿ.ಆರ್. ಚನ್ನವೀರಪ್ಪ,ಮಾಸಿಕ,ಕನ್ನಡ,,
1593,ಸರ್ಕಾರಿ ನೌಕರರ ಮಿತ್ರ,1996,ಬೆಂಗಳೂರು,ಕೆ.ಸಿ. ವೇದಮೂರ್ತಿ,ಕೆ.ಸಿ. ವೇದಮೂರ್ತಿ,ಮಾಸಿಕ,ಕನ್ನಡ,,
1594,ತಾಂತ್ರಿಕ ಮೌಸ್,1996,ಬೆಂಗಳೂರು,ಆರ್ ಎನ್ ಸ್ವಾಮಿ,ಆರ್ ಎನ್ ಸ್ವಾಮಿ,ಮಾಸಿಕ,ಕನ್ನಡ,,
1595,ಇಂಚರ,1996,ಕೊಪ್ಪ/ಚಿಕ್ಕಮಗಳೂರು,ಕಲರಾವ ಕನ್ನಡ ಕೂಟ,ಎಂ ಎಸ್ ದ್ಯಾವೇಗೌಡ,ತ್ರೈಮಾಸಿಕ,ಕನ್ನಡ,,
1596,ಮಲೆನಾಡು ಜ್ಯೋತಿ,1996,ತರಿಕೆರೆ/ಚಿಕ್ಕಮಗಳೂರು,ಎಸ್.ಸುರೇಶ್ ಚಂದ್ರ,ಎಸ್.ಸುರೇಶ್ ಚಂದ್ರ,ಸಾಪ್ತಾಹಿಕ,ಕನ್ನಡ,,
1597,ನಮ್ಮ ಲೋಕ,1996,ಶೃಂಗೇರಿ/ಚಿಕ್ಕಮಗಳೂರು,ಕೆಳಕುಪ್ಪ ಕೃಷ್ಣಮೂರ್ತಿ,ಕೆಳಕುಪ್ಪ ಕೃಷ್ಣಮೂರ್ತಿ,ಸಾಪ್ತಾಹಿಕ,ಕನ್ನಡ,,
1598,ಅಕ್ಷರ ವಾಣಿ,1996,ಚಿತ್ರದುರ್ಗ,ಅಮಿತಾ ಪ್ರಸಾದ್,ಅಮಿತಾ ಪ್ರಸಾದ್,,ಕನ್ನಡ,,
1599,ಈ ನಮ್ಮ ಕನ್ನಡ ನಾಡು,1996,ಚಿತ್ರದುರ್ಗ,,,ದೈನಿಕ,ಕನ್ನಡ,,
1600,ರಾಜಸ್ಥಾನ್ ಪತ್ರಿಕೆ,1996,ಚಿತ್ರದುರ್ಗ,ಕರ್ಪೂರ್ ಚಂದ್ರ ಕುಲೀಶ್,ಕರ್ಪೂರ್ ಚಂದ್ರ ಕುಲೀಶ್,ದೈನಿಕ,ಹಿಂದಿ,,
1601,ದಾವಣಗೆರೆ ಜನತಾ ಮಿತ್ರ,1996,ದಾವಣಗೆರೆ,ಶ್ರೀ ಆನಂದ ಭೈರವಿ,ಎ ನಾಗರಾಜ,ಸಾಪ್ತಾಹಿಕ,ಕನ್ನಡ,,
1602,ಜನಪರವಾದ,1996,ದಾವಣಗೆರೆ,,ಕೆ ಬಿ ನಾಗರಾಜ್,ಸಾಪ್ತಾಹಿಕ,ಕನ್ನಡ,,
1603,ನಿಮ್ಮ ಮಿತ್ರ,1996,ಜಗಳೂರು,,ಎಂ.ಸಿ.ಬಸವರಾಜು,ದೈನಿಕ,ಕನ್ನಡ,,
1604,ಸಾರ್ವಜನಿಕ ಧ್ವನಿ,1996,ದಾವಣಗೆರೆ,,ಪಿಸಲೇ ಕೃಷ್ಣರಜಿರಾವ್/ಬಿ ರ್ ದಯಾನಂದ,ಸಾಪ್ತಾಹಿಕ,ಕನ್ನಡ,,
1605,ಸಮಾಧಾನ ವಾಣಿ,1996,ದಾವಣಗೆರೆ,,ಬಿ ಶಫಿ ಅಹಮದ್,ಸಾಪ್ತಾಹಿಕ,ಕನ್ನಡ,,
1606,ಜಿನೇಂದ್ರ ವಾಣಿ,1996,ಹುಬ್ಬಳ್ಳಿ/ಧಾರವಾಡ,ನಿರ್ಮಲಕುಮಾರ್ ಕೆ.ಹೊತ್ತಪೇಟೆ,ಶಾಂತಿನಾಥ ಕೆ.ಹೊಟ್ಪಾಟೆ,ಮಾಸಿಕ,ಕನ್ನಡ,,
1607,ಸಮನ್ವಯ ಜ್ವಾಲೆ,1996,ಧಾರವಾಡ,ಚನ್ನಮಲ್ಲಿಗೆ: ಸ್ವಾಮಿ ಪೂಜಾರಿ,ಚನ್ನಮಲ್ಲಿಗೆ: ಸ್ವಾಮಿ ಪೂಜಾರಿ,ಸಾಪ್ತಾಹಿಕ,ಕನ್ನಡ,,
1608,ಅಜೇಯ ವಾಹಿನಿ,1996,ಮಂಗಳೂರು,ಪರಮಾನಂದ ಸಾಲ್ಯಾನ್,ಕೆ ಪಿ ಮಂಜುನಾಥ್,ಸಾಪ್ತಾಹಿಕ,ಕನ್ನಡ,,
1609,ಬಲ ಕ್ಷಿತಿಜ,1996,ಪುತ್ತೂರು/ದಕ್ಷಿಣಕನ್ನಡ,ಎಸ್ ಬಾಲಕೃಷ್ಣ ಭಟ್,ಎಸ್ ಬಾಲಕೃಷ್ಣ ಭಟ್,ಪಾಕ್ಷಿಕ,ಕನ್ನಡ,,
1610,ಬ್ಯಾರಿ,1996,ದಕ್ಷಿಣಕನ್ನಡ,ಅಕ್ಬರ್ ಉಲಾಳ್,ಅಕ್ಬರ್ ಉಲಾಳ್,ಮಾಸಿಕ,ಕನ್ನಡ,,
1611,ಹವ್ಯಕ ವಾರ್ತೆ,1996,ಮಂಗಳೂರು,ದಕ್ಷಿಣ ಕನ್ನಡ ಅಂಡ್ ಕಸರಗೂದು ಹವ್ಯಕ ಮಹಾ ಸಭಾ,ಪಿ ವಿ ಭಟ್,ಮಾಸಿಕ,ಕನ್ನಡ,,
1612,ಜನಬಿಂಬ,1996,ಮಂಗಳೂರು,ರಾಧಾಕೃಷ್ಣ,ರಾಧಾಕೃಷ್ಣ,ಸಾಪ್ತಾಹಿಕ,ಕನ್ನಡ,,
1613,ಕರಾವಳಿ ಮಾಧ್ಯಮ,1996,ಮಂಗಳೂರು,,,ಸಾಪ್ತಾಹಿಕ,ಕನ್ನಡ,,
1614,ಕರಾವಳ್ಳಿ ವಾರ್ತೆ,1996,ಕಾಸರಗೋಡು,,,,ಕನ್ನಡ,,
1615,ಮೊಹರಂ ವಿಶೇಷಾಂಕ,1996,ಪುತ್ತೂರು/ದಕ್ಷಿಣಕನ್ನಡ,SKSSF,,,ಕನ್ನಡ,,
1616,ನಿಸರ್ಗ ಲೋಕ,1996,ದಕ್ಷಿಣಕನ್ನಡ,ಕೆ ಸೋಮನಾಥ ನಾಯಕ್,ಆರ್ ಎನ್ ಭಿಡೆ,ಮಾಸಿಕ,ಕನ್ನಡ,,
1617,ಪವಿತ್ರ ಸಂದೇಶ,1996,ಮಂಗಳೂರು,,ಜಮಾದಿಲ್ ಅಫ್ಜಲ್,ಪಾಕ್ಷಿಕ,ಕನ್ನಡ,,
1618,ಕುರಲ್ ಭಂಗಿ,1996,ದಕ್ಷಿಣಕನ್ನಡ,ವೇದ್ವಿಸಾ ಕೋಟ್ಕರ್,ವೇದ್ವಿಸಾ ಕೋಟ್ಕರ್,ಮಾಸಿಕ,ತುಳು,,
1619,ಉದ್ಯೋಗ ಮಾರ್ಗದರ್ಶಿ,1996,ಮಂಗಳೂರು,ರಾಮ ಹೆಗಡೆ,ರಾಮ ಹೆಗಡೆ,ಪಾಕ್ಷಿಕ,ಕನ್ನಡ,,
1620,ಉದ್ಯೋಗ ವಾಣಿ,1996,ಮಂಗಳೂರು,,ನಳಿನ್ ಕುಮಾರ್ ರಾಯ್,ಪಾಕ್ಷಿಕ,ಕನ್ನಡ,,
1621,ವಿಪ್ರವಾಣಿ,1996,ಕುಂದಾಪುರ/ದಕ್ಷಿಣಕನ್ನಡ,ಕುಂದಾಪುರ ದ್ರಾವಿಡ ಬ್ರಾಹ್ಮಣ ಪರಿಷತ್,ಬಳ್ಕೂರು ಬಾಸ್ಕರ ಉಡುಪ,ತ್ರೈಮಾಸಿಕ,ಕನ್ನಡ,,
1622,ವಿದ್ಯಾಧಿಪತಿ,1996,ರೊನ/ಗದಗ,,ಎಫ್.ಎಸ್. ಕ್ರುಡಿಗಿ,ಸಾಪ್ತಾಹಿಕ,ಕನ್ನಡ,,
1623,ಎಸ್ ಚಿತ್ರಾ ಅಮೃತ್,1996,ಕಲಬುರ್ಗಿ,ಯಡ್ಡಳ್ಳಿ ವೀರಣ್ಣಗೌಡ ಪಾಟೀಲ್,ಯಡ್ಡಳ್ಳಿ ವೀರಣ್ಣಗೌಡ ಪಾಟೀಲ್,ದೈನಿಕ,ಕನ್ನಡ,,
1624,ಶಿಕ್ಷಣ ಧ್ವನಿ,1996,ಕಲಬುರ್ಗಿ,ಮಹಾದೇವಪ್ಪ ಭೂನ್ಯಾರ್,ಮಹಾದೇವಪ್ಪ ಭೂನ್ಯಾರ್,ಮಾಸಿಕ,ಕನ್ನಡ,,
1625,ಮಹಾದೇವಪ್ಪ ಭೂನ್ಯಾರ್,1996,ವಿರಾಜಪೇಟೆ,ಎನ್. ಮನು ಶೆಣೈ,ಎನ್. ಮನು ಶೆಣೈ,,ಕನ್ನಡ,,
1626,ಪೂಮಾಲೆ,1996,ಮಡಿಕೇರಿ/ವಿರಾಜಪೇಟೆ,,ಅಜನಿಕಾಂಡದಿಂದ ಮಹೇಶ್ ನಾಚಯ್ಯ,ಸಾಪ್ತಾಹಿಕ,ಕೊಡವ,,
1627,ಕಬ್ಬಿನ ಜೊಲ್ಲೆ,1996,ಮಂಡ್ಯ,,ಜೆ.ಬಿ.ಪುಟ್ಟಸ್ವಾಮಯ್ಯ,ಸಾಪ್ತಾಹಿಕ,ಕನ್ನಡ,,
1628,ಮಂಡ್ಯದ ತಾರೆ,1996,ಮಂಡ್ಯ,ಜೆ.ಬಿ.ಪುಟ್ಟಸ್ವಾಮಯ್ಯ,ಜೆ.ಬಿ.ಪುಟ್ಟಸ್ವಾಮಯ್ಯ,ದೈನಿಕ,ಕನ್ನಡ,,
1629,ಮಲೆನಾಡು ವಾರ್ತೆ,1996,ಮೈಸೂರು,ಪಿ ಎಂ ಮುತ್ತಣ್ಣ,ಎಚ್.ಟಿ. ಅನಿಲ್,ಪಾಕ್ಷಿಕ,ಕನ್ನಡ,,
1630,ಪದ ಪ್ರಪಂಚ,1996,ಮೈಸೂರು,ರವೀಂದ್ರ ಜೋಶಿ,ರವೀಂದ್ರ ಜೋಶಿ,ಪಾಕ್ಷಿಕ/Dail,ಕನ್ನಡ,,
1631,ರಾಮ್ನಗರ ಸುದ್ದಿ,1996,ರಾಮನಗರ,,ಎಲ್ ರವೀಂದ್ರ ರೆಡ್ಡಿ,ಪಾಕ್ಷಿಕ,ಕನ್ನಡ,,
1632,ಭುವನ ಜ್ಯೋತಿ,1996,‌ಭದ್ರಾವತಿ,ಕೆ.ನಾರಾಯಣ್,ಕೆ.ನಾರಾಯಣ್,ದೈನಿಕ,ಕನ್ನಡ,,
1633,ಜನರಲ್ ಎಕ್ಸ್‌ಪ್ರೆಸ್,1996,ಸಾಗರ,,ಬಿ.ಮಂಜುನಾಥ್,ದೈನಿಕ,ಕನ್ನಡ,,
1634,ಕೆಂಪು ತಾವರೆ,1996,ಸೊರಬ,ಶಿವಾಜಿ ಕೊಂಡಲಿಯಾರ್,ಶಿವಾಜಿ ಕೊಂಡಲಿಯಾರ್,ಪಾಕ್ಷಿಕ,ಕನ್ನಡ,,1985
1635,ಮಲೆನಾಡು ವ್ಯಾಪಾರಿಗಳ ವರದಿ,1996,ಶಿವಮೊಗ್ಗ,ಸೋಮೇಶ್ವರ: ಬುಳ್ಳಣ್ಣನವರ್,ಸೋಮೇಶ್ವರ: ಬುಳ್ಳಣ್ಣನವರ್,ದೈನಿಕ,ಕನ್ನಡ,,
1636,ಮೂಡಣ,1996,ಸಾಗರ,ಎಸ್ ಎಸ್ ನಿರ್ವಾಣ ಸಿದ್ಧಯ್ಯ:,ಎಸ್ ಎಸ್ ನಿರ್ವಾಣ ಸಿದ್ಧಯ್ಯ:,ಸಾಪ್ತಾಹಿಕ,ಕನ್ನಡ,,
1637,ಪ್ರಜಾವಿನಿ,1996,ಶಿವಮೊಗ್ಗ,ಕೃಷ್ಣಾಜಿ,ಕೃಷ್ಣಾಜಿ,ಮಾಸಿಕ,ಕನ್ನಡ,,
1638,ಗುಬ್ಬಿ ಚೆನ್ನುಡಿ,1996,ಗುಬ್ಬಿ,"ಕನ್ನಡ ಸಾಹಿತ್ಯ ಪರಿಷತ್ತು, ಗುಬ್ಬಿ",ಸಿದ್ದಲಿಂಗಪ್ಪ,ತ್ರೈಮಾಸಿಕ,ಕನ್ನಡ,,
1639,ಹೆಬ್ಬೇರಿ,1996,ಉಡುಪಿ,ಎಚ್ ರಾಜೀವ ಶೆಟ್ಟಿ,ಸಾಮಾನ್ಯ ಕರೆನ್ಸಿ,ಸಾಪ್ತಾಹಿಕ,ಕನ್ನಡ,,
1640,ಜನರ ಪ್ರತಿನಿಧಿ,1996,ಉಡುಪಿ,ಸುಬ್ರಹ್ಮಣ್ಯ ಪಡುಕೋಣ,ಸುಬ್ರಹ್ಮಣ್ಯ ಪಡುಕೋಣ,ಸಾಪ್ತಾಹಿಕ,ಕನ್ನಡ,,
1641,ಕೂತ ಬಂದು,1996,ಬಂಟ್ವಾಳ,ಬಿ ನಾರಾಯಣ ಸೋಮಯಾಜಿ,ಕೃಷ್ಣ ಮೂರ್ತಿ ನೀಟಿಲಪುರ,ದ್ವೈಮಾಸಿಕ,ಕನ್ನಡ,,
1642,ಹಾರಿಜಾನ್,1996,ಉಡುಪಿ,ರಾಮಚಂದ್ರರಾವ್ ಮಾಧವ್,ಕೆ ಶಶಿಧರ ಹೆಮ್ಮಣ್ಣ,,ಕನ್ನಡ,,
1643,ಜಾಗ ಜೀವನ,1996,ಸಿದ್ಧಾಪುರ,ಕೃಷ್ಣಮೂರ್ತಿ ಹೆಗಡೆ,ಕೃಷ್ಣಮೂರ್ತಿ ಹೆಗಡೆ,ಸಾಪ್ತಾಹಿಕ,ಕನ್ನಡ,,
1644,ಸಿದ್ದಾಪುರ ಸುದ್ದಿ,1996,ಸಿದ್ಧಾಪುರ,ನಾಗೇಶ್ ಅನಂತ್,ನಾಗೇಶ್ ಅನಂತ್: ಭಟ್,ಸಾಪ್ತಾಹಿಕ,ಕನ್ನಡ,,
1645,ಉತ್ತರ ಕನ್ನಡ ಜಿಲ್ಲಾ ಪಾಕ್ಷಿಕ,1996,ಶಿರಸಿ,ಭಟ್,ಉಷಾ ಕಿರಣ ದಿ ನಾಯಕ್,ಪಾಕ್ಷಿಕ,ಕನ್ನಡ,,
1646,ಸಪ್ತಸ್ವರ,1997,ಬೀದರ್,,ಮಹಾಲಿಂಗ ಶೀಲವಂತ,ದೈನಿಕ,ಕನ್ನಡ,,
1647,ಅರುಣ್ ಭೇರಿ,1997,ಬಾಗಲಕೋಟೆ,ನಾಗರಾಜ್ ಬಿ.ಹೊನ್ನುಟಗಿ,ನಾಗರಾಜ್ ಬಿ.ಹೊನ್ನುಟಗಿ,ದೈನಿಕ,ಕನ್ನಡ,,
1648,ಜೀವ ನಾಡಿ,1997,ನಯಾಪುರ/ಬಳ್ಳಾರಿ,,ನಿಜಲಿಂಗಪ್ಪ ಕೆ ಸ್ /ನಿಜಗುಣ ಶಿವಯೋಗಿ,ಮಾಸಿಕ,ಕನ್ನಡ,,
1649,Ad Mag,1997,ಬೆಂಗಳೂರು,,,ಸಾಪ್ತಾಹಿಕ,,,
1650,ಅಂಬೇಡ್ಕರ್ ಭಾಗ್ಯ,1997,ಬೆಂಗಳೂರು,,ವೆಂಕಟೇಶ್,ಪಾಕ್ಷಿಕ,ಕನ್ನಡ,,
1651,ಬಾಳಿನ ಸಂಗತಿ,1997,ಬೆಂಗಳೂರು,ಎಂ ಆರ್ ಬಹದ್ದೂರ್,ಆರ್ ಜಯಪ್ರಕಾಶ್,ಮಾಸಿಕ,ಕನ್ನಡ,,
1652,ಬ್ರೂನಾ,1997,ಬೆಂಗಳೂರು,ಸಿ ಎಸ್ ಮಧುಸೂದನ್,ಸಿ ಎಸ್ ಮಧುಸೂದನ್,ಪಾಕ್ಷಿಕ,ಕನ್ನಡ,,
1653,ಸಿ ಎಸ್ ಮಧುಸೂದನ್,1997,ಬೆಂಗಳೂರು,ಶ್ರೀಮತಿ ಯುಮುನಾ,ಮೈಸೂರು ಹರೀಶ್,ಪಾಕ್ಷಿಕ,ಕನ್ನಡ,,1985
1654,ಕ್ರಿಕೆಟ್,1997,ಬೆಂಗಳೂರು,ಬಿ.ಸಿದ್ದೇಗೌಡ,ಬಿ.ಸಿದ್ದೇಗೌಡ,ಪಾಕ್ಷಿಕ,ಕನ್ನಡ,,
1655,ಹಣತೆ,1997,ಬೆಂಗಳೂರು,,,ತ್ರೈಮಾಸಿಕ,ಕನ್ನಡ,,
1656,ಹೊರ್ಟ ಸುದ್ದಿ,1997,ಬೆಂಗಳೂರು,ಚೆಲುವನಾರಾಯಣ,ಚೆಲುವನಾರಾಯಣ,ಮಾಸಿಕ,ಕನ್ನಡ,,
1657,ಇಬ್ಬನಿ ಜನರ ಧ್ವನಿ,1997,ಬೆಂಗಳೂರು,ಪಿ ಪಿ ಬಾಬುರಾಜು,ಪಿ ಪಿ ಬಾಬುರಾಜು,,ಕನ್ನಡ,,
1658,ಶುದ್ಧೀಕರಣ,1997,ಬೆಂಗಳೂರು,,ರಾಮಚಂದ್ರ ಉಪಾಧ್ಯಾಯ,ಮಾಸಿಕ,ಕನ್ನಡ,,
1659,ಜನ,1997,ಬೆಂಗಳೂರು,,,ಮಾಸಿಕ,ಕನ್ನಡ,,
1660,ಜೈ ಭೀಮ್ ಸೂಕ್ ಅವರಿಂದ,1997,ಬೆಂಗಳೂರು,ಎನ್ ಮೂರ್ತಿ,ಎನ್ ಮೂರ್ತಿ,ಪಾಕ್ಷಿಕ,ಮರಾಠಿ,,
1661,ಕನ್ನಡ ಜ್ಯೋತಿ 1,1997,ಬೆಂಗಳೂರು,,ಪಿ ರಾಮಕೃಷ್ಣ/ಸುಮಾ ರಾಮಕೃಷ್ಣ,ಮಾಸಿಕ,ಕನ್ನಡ,,
1662,ಕನ್ನಡಿಗರ ಪ್ರಜಾನುಡಿ ೧,1997,ಬೆಂಗಳೂರು,ಕೆ ಎಸ್ ಜಯರಾಮನ್,ಕೆ ಎಸ್ ಜಯರಾಮನ್,,ಕನ್ನಡ,,
1663,ಮಧುರಾ ಪಲ್ಲವಿ,1997,ಬೆಂಗಳೂರು,ಎಂ ಗುರುಪ್ರಸಾದ್,ಎಂ ಎಲ್ ರಾಘವೇಂದ್ರ ರಾವ್,ಮಾಸಿಕ,ಕನ್ನಡ,,
1664,ಮರಾಠ ಧ್ವನಿ,1997,ಬೆಂಗಳೂರು,ವಿ .ಕೆ.ಪವಾರ್,ವಿ .ಕೆ.ಪವಾರ್,ಮಾಸಿಕ,ಕನ್ನಡ,,
1665,ಮುಗ್ಧ ಸ್ವರ,1997,ಬೆಂಗಳೂರು,,ಕೃಷ್ಣಪ್ಪ ಎಚ್ ಕೆ/ ದ್ಯಾವಪಟ್ಟಣ ಮಲ್ಲೇಶ್,ಪಾಕ್ಷಿಕ,ಕನ್ನಡ,,
1666,ನಂದು ನುಡಿ,1997,ಬೆಂಗಳೂರು,ಕನ್ವಿನರ್ ಪ್ರಚಾರ ಸಮಿತಿ,ಎನ್.ವಿಶ್ವನಾಥನ್,ಮಾಸಿಕ,ಕನ್ನಡ,,
1667,ನಂದು ಸ್ಪೀಕ್ಸ್,1997,ಬೆಂಗಳೂರು,,,,ಇಂಗ್ಲೀಷ್,,
1668,ನನ್ವಾಣಿ,1997,ಬೆಂಗಳೂರು,ಡಿ ಪಿ ಜಯಂತ್,ಎಸ್ ನನ್ವಾಣಿ,,ಕನ್ನಡ/ಇಂಗ್ಲೀಷ್/ತಮಿಳು/ತೆಲುಗು/ಹಿಂದಿ/ಮರಾಠಿ,,
1669,ನರ ಹರಿ,1997,ಬೆಂಗಳೂರು,,ಭಾಗ್ಯಲಕ್ಷ್ಮಿ ಎಸ್,ಮಾಸಿಕ,ಕನ್ನಡ,1972-76,
1670,ಒಂದು ಸಲ್ಲಾಪ,1997,ಬೆಂಗಳೂರು,ಎಂ.ಶ್ರೀನಿವಾಸ್,ಎಂ.ಶ್ರೀನಿವಾಸ್,ಪಾಕ್ಷಿಕ,ಕನ್ನಡ,,
1671,ಓಶೋ ವಚನ,1997,ಬೆಂಗಳೂರು,ಓಸ್ ನಿಸರ್ಗಮ್ ವೈದ್ಯಕೀಯ ಕೇಂದ್ರದಲ್ಲಿ,ಟಿ ಪಿ ಕಿರಣ್ ಕುಮಾರ್,ಮಾಸಿಕ,ಕನ್ನಡ,,
1672,ರಾಜ್ಯ ಸುದ್ದಿ,1997,ಬೆಂಗಳೂರು,,ಪ್ರಭಾಕರ ದೇಸಾಯಿ,ಸಾಪ್ತಾಹಿಕ,ಕನ್ನಡ,,
1673,ಥ್ರಿಲ್,1997,ಬೆಂಗಳೂರು,ಆರ್. ಬಾಲಕೃಷ್ಣ,ಆರ್. ಬಾಲಕೃಷ್ಣ,ಮಾಸಿಕ,ಕನ್ನಡ,,
1674,ಉದ್ಯೋಗ ನೋಟ,1997,ಬೆಂಗಳೂರು,,,,ಕನ್ನಡ,,
1675,ಉದ್ಯೋಗ ಪ್ರಭಾ,1997,ಬೆಂಗಳೂರು,,ಬಿ ಸುರೇಶ್,,ಕನ್ನಡ,,
1676,ಚಾನಲ್ ಧ್ವನಿ,1997,ಬೆಂಗಳೂರು,ವಿ ವೆಂಕಟೇಶ್,ವಿ ವೆಂಕಟೇಶ್,,ಕನ್ನಡ,,
1677,ವಿಶ್ವ ಸಮಚಾರ,1997,ಬೆಂಗಳೂರು,,ಡಿ ಆರ್. ಸತ್ಯನಾರಾಯಣ,,ಕನ್ನಡ,,
1678,ಯುವ ಜಾಗೃತಿ,1997,ಬೆಂಗಳೂರು,ಬಿ ಎನ್ ರಮೇಶ್,ಬಿ ಎನ್ ರಮೇಶ್,ಮಾಸಿಕ,ಕನ್ನಡ,,
1679,ಮೈಸೂರು ಸಿಪಾಯಿ,1997,ಕೊಳ್ಳೆಗಾಲ,,ಎಸ್. ಮಹೇಶ್,ಮಾಸಿಕ,ಕನ್ನಡ,,
1680,ರಹಸ್ಯ ಸಮಾಜ,1997,ಕೊಳ್ಳೆಗಾಲ,ಎನ್ ರಾಜೇಶ್,ಎನ್ ರಾಜೇಶ್,ಸಾಪ್ತಾಹಿಕ,ಕನ್ನಡ,,
1681,ಮನುಜಮತ,1997,ಚಿಕ್ಕಮಗಳೂರು,ಕೆ.ಕೆ ಮೂರ್ತಿ,ಕೆ.ಕೆ ಮೂರ್ತಿ,ಸಾಪ್ತಾಹಿಕ,ಕನ್ನಡ,,
1682,ನಗರಿ,1997,ಕೊಪ್ಪ/ಚಿಕ್ಕಮಗಳೂರು,ಕಿರಣಕೆರೆ ಉಮೇಶಚಂದ್ರ,ಕಿರಣಕೆರೆ ಉಮೇಶಚಂದ್ರ,ಪಾಕ್ಷಿಕ,ಕನ್ನಡ,,
1683,ಜಿಲ್ಲಾ ಜ್ವಾಲೆ,1997,ತರಿಕೆರೆ/ಚಿಕ್ಕಮಗಳೂರು,ಎಚ್ ಜಗದೀಶ್,ಎಚ್ ಜಗದೀಶ್,ಸಾಪ್ತಾಹಿಕ,ಕನ್ನಡ,,
1684,ಜಿಲ್ಲಾ ಕಹಲೆ,1997,ಚಿಕ್ಕಮಗಳೂರು,,ಎಂ ಬಿ ಅಶೋಕ್ ಕುಮಾರ್,ಪಾಕ್ಷಿಕ,ಕನ್ನಡ,,Editor - Mahesh Kumar
1685,ಜಿಲ್ಲಾ ಸೊಗಡು,1997,ಬೀರೂರು/ಚಿಕ್ಕಮಗಳೂರು,ಬಿ ಆರ್ ಬಾಲಕೃಷ್ಣ,ಬಿ ಆರ್ ಬಾಲಕೃಷ್ಣ,ಸಾಪ್ತಾಹಿಕ,ಕನ್ನಡ,,
1686,ಗೋರ್ವಿಂಕಾಲು,1997,ಚಿತ್ರದುರ್ಗ,ಎಚ್ ಎಂ ರಾಜಣ್ಣ,ಎಚ್ ಎಂ ರಾಜಣ್ಣ,ಪಾಕ್ಷಿಕ,ಕನ್ನಡ,,
1687,ಅವಶ್ಯಕತೆ,1997,ದಾವಣಗೆರೆ,,ಪಿ ಜೆ ನಾಗರಾಜ,ಸಾಪ್ತಾಹಿಕ,ಕನ್ನಡ,,
1688,ದಾವಣಗೆರೆ ಜಿಲ್ಲಾ ಸಮಾಚಾರ,1997,ದಾವಣಗೆರೆ,ಎಸ್ ನಾಗರಾಜ,ಎಸ್ ನಾಗರಾಜ,ಸಾಪ್ತಾಹಿಕ,ಕನ್ನಡ,,
1689,ಮಲಂದ ವಾಣಿ,1997,ದಾವಣಗೆರೆ,,ಕೆ. ಏಕಾಂತಪ್ಪ,ದೈನಿಕ,ಕನ್ನಡ,,
1690,ಈ ದೇಶ,1997,ಮಂಗಳೂರು,ಎಚ್ ಕೇಶವ ಶೆಣೈ,ಎಂ ಎಸ್ ರಾವ್,ಸಾಪ್ತಾಹಿಕ,ಕನ್ನಡ,,
1691,ಈ ನಾಡಿನ ಮುಂಗಾರು,1997,ಮಂಗಳೂರು,ಗಂಗಾಧರ ಪಾಡಿದ್ರ,ಗಂಗಾಧರ ಪಾಡಿದ್ರ,ಸಾಪ್ತಾಹಿಕ,ಕನ್ನಡ,,
1692,ಗ್ರಾಮೀಣ ಸಮಾಚಾರ,1997,ಮಂಗಳೂರು,ಕುಮಾರ್ ಕೆ ಶೆಟ್ಟಿ,ಕುಮಾರ್ ಕೆ ಶೆಟ್ಟಿ,ದ್ವೈಮಾಸಿಕ,ಕನ್ನಡ,,
1693,ಜೈ ಕನ್ನಡಮ್ಮ,1997,ಬೆಳ್ತಂಗಡಿ/ದಕ್ಷಿಣಕನ್ನಡ,,ದೇವಿ ಪ್ರಸಾದ್,ಪಾಕ್ಷಿಕ/Wee kly,ಕನ್ನಡ,,
1694,ಕನ್ನಡಿಗರ ಸಂಗತಿ,1997,ಮಂಗಳೂರು,ರಾಮ ವೆಂಕಟ ನಾಯಕ್,ಸುಮುಖಾನಂದ ಜಲವಳ್ಳಿ,ಪಾಕ್ಷಿಕ,ಕನ್ನಡ,,
1695,ಕರಾವಳಿ ಡೈರಿ,1997,ಕಾಸರಗೋಡು/ದಕ್ಷಿಣಕನ್ನಡ,,ರಾಜೇಶ್ ಆಳ್ವ,ಸಾಪ್ತಾಹಿಕ,ಕನ್ನಡ,,
1696,ಕರಾವಳಿ ಮಿತ್ರ,1997,ಮಂಗಳೂರು,ಶಶಿದರ್ ಪೋಯತ್ತಬೈಲ್,ಶಶಿದರ್ ಪೋಯತ್ತಬೈಲ್,ಪಾಕ್ಷಿಕ,ಕನ್ನಡ,,
1697,ಮಂಗಳೂರು ಮಲ್ಲ,1997,ಮಂಗಳೂರು,ಪ್ರಭಾಕರ್,ಪ್ರಭಾಕರ್,,ಕನ್ನಡ,,
1698,ಪಟ್ಟಾಂಗ ಪತ್ರಿಕೆ,1997,ಪುತ್ತೂರು,,ಅಂಡೊ ಪೊಲ್,,ಕನ್ನಡ,,
1699,ಪ್ರಗತಿಶೀಲ ಸಮುದಾಯ,1997,ಮಂಗಳೂರು,ಕೆ ಯಾದವ ಶೆಟ್ಟಿ,ಕೃಷ್ಣಪ್ಪ ಕೊಂಚದಿ,,ಕನ್ನಡ,,
1700,ಮಲೆನಾಡ ಕೂಗು,1997,ಹಾಸನ,,ಎಚ್.ಆರ್.ಪ್ರಕಾಶ್ ಗೌಡ/ ಮೋಹನಾಚಾರಿ,ದೈನಿಕ,ಕನ್ನಡ,,
1701,ನಡಸಹ್ಯಾದ್ರಿ,1997,ಹಾಸನ,ಬಿ.ಜೆ ಗೋಪಾಲ ಕೃಷ್ಣ/ ಸಹ್ಯಾದ್ರಿ ಪ್ರಕಾಶನ,ಬಿ.ಜೆ.ಗೋಪಾಲ್ ಕೃಷ್ಣ/ ಕೆ.ಎಸ್.ಸತೀಶ್ ಕುಮಾರ್,ದೈನಿಕ,ಕನ್ನಡ,,
1702,ನಾಡ ಸೇವೆ,1997,ಕಲಬುರ್ಗಿ,ತಮ್ಮಣ್ಣ ಬಿ ಬಾಗೇವಾಡಿ,ತಮ್ಮಣ್ಣ ಬಿ ಬಾಗೇವಾಡಿ,ದೈನಿಕ,ಕನ್ನಡ,,
1703,ಶಿವಕ್ರೋಶ್,1997,ಕಲಬುರ್ಗಿ,,ಸುಭಾಷಾ ಗಡೇಲೆಗಾವ,ದೈನಿಕ,ಕನ್ನಡ,,
1704,ಉದಯ ಗರ್ಜನೆ,1997,ಕಲಬುರ್ಗಿ,ಅನಿಲಾ ಮಾಲಮ್,ಅನಿಲಾ ಮಾಲಮ್/ಪರಶುರಾಮ ಮಹೇಶ್ವರಿ,ದೈನಿಕ,ಕನ್ನಡ,,
1705,ಕೊಡಗು ಮುಂಭಾಗ,1997,ಮಡಿಕೇರಿ,ಜಿ ಚಿದ್ವಿಲ್,ಬಿ.ಜಿ.ಅನಂತ ಸಾಯನ,ದೈನಿಕ,ಇಂಗ್ಲೀಷ್,,
1706,ನೊವಿನ ದನಿ,1997,ಮಂಡ್ಯ,,ದೇಶಹಳ್ಳಿ ಆರ್ ಮೋಹನ ಕುಮಾರ್,ಸಾಪ್ತಾಹಿಕ,ಕನ್ನಡ,,
1707,ಉದಯಕಾಲ,1997,ಮಂಡ್ಯ,ಕೆ ಎನ್ ಪುಟ್ಟಲಿಂಗೈ,ಪ್ರಕಾಶ್/ ಕೆ ಎನ್ ಪುಟ್ಟಲಿಂಗಯ್ಯ,ದೈನಿಕ,ಕನ್ನಡ,,1998
1708,ಆಲಾಪನೆ,1997,ಮೈಸೂರು,,ಬಿ ಎಸ್ ಮೀರಾ/ ಸುಮನಾ,ಸಾಪ್ತಾಹಿಕ,ಕನ್ನಡ,,
1709,ಸುಕನ್ಯ ವಾಣಿ,1997,ಮೈಸೂರು,ಗಜೇಂದ್ರ,ಗಜೇಂದ್ರ/ ಕೆ ಪಿ ಸುಕನ್ಯಾ,ಮಾಸಿಕ,ಕನ್ನಡ,,
1710,ಚರಣ,1997,ತೀರ್ಥಹಳ್ಳಿ,,ಮಂಜುನಾಥ ಶೆಟ್ಟಿ ಟಿ ಕೆ,ಸಾಪ್ತಾಹಿಕ,ಕನ್ನಡ,,
1711,ನಾನಾವಾಣಿ,1997,ಶಿವಮೊಗ್ಗ,,,ಪಾಕ್ಷಿಕ,ಕನ್ನಡ,,
1712,ವಾಯು ಧೂತ,1997,ಶಿವಮೊಗ್ಗ,ಡಿ ಹಾಲಪ್ಪ,ಡಿ ಹಾಲಪ್ಪ,ದೈನಿಕ,ಕನ್ನಡ,,
1713,ವಿನೂತನ ಮಾತುಕಥೆ,1997,ಶಿವಮೊಗ್ಗ,ನೆನಪೆ ದೇವರಾಜ್,ನೆನಪೆ ದೇವರಾಜ್,ಪಾಕ್ಷಿಕ,ಕನ್ನಡ,,
1714,ರಾಕ್ಲೈನ್,1997,ತುಮಕೂರು,ಕೆ.ರವಿಕುಮಾರ್,ಕೆ.ರವಿಕುಮಾರ್,,ಕನ್ನಡ,,
1715,ಜಾನ್ಬಿಂಬಾ,1997,ಮೂಡುಬಿದ್ರೆ/ಉಡುಪಿ,ಬಿಂಬಾ ಪಬ್ಲಿಕೇಷನ್ಸ್,ರಾಧಾಕೃಷ್ಣ ಕೆಲವು,ಸಾಪ್ತಾಹಿಕ,ಕನ್ನಡ,,
1716,ಕುಂದಾಪುರ ಸುದ್ದಿ,1997,ಉಡುಪಿ,ಚಂದ್ರಶೇಖರ ಹೆಗಡೆ,ಚಂದ್ರಶೇಖರ ಹೆಗಡೆ,,ಕನ್ನಡ,,
1717,ಸುಯಿಲ್,1997,ಉಡುಪಿ,ಸ್ಮಿತಾ ಪಬ್ಲಿಕೇಷನ್ಸ್,ಸಂಜೀವ ಕೆ ಶೆಟ್ಟಿ ಕಲ್ಯಾ,ಮಾಸಿಕ,ತುಳು,,
1718,ಬೋಧಕರ ಪುಟ,1997,ದಕ್ಷಿಣಕನ್ನಡ/ಉಡುಪಿ,ಮನು ಪಬ್ಲಿಕೇಷನ್ಸ್,ಟಿ ಆರ್ ಗೋಪಾಲ ಕೃಷ್ಣ,ಮಾಸಿಕ,ಕನ್ನಡ,,
1719,ಸಂಪ್ರಭ,1997,ಹೊನ್ನಾವರ,ರಾಮ ವೆಂಕಟನಾಯಕ,ಸುಮುಕಾನಂದ ಜಲವಳ್ಳಿ,ಮಾಸಿಕ,ಕನ್ನಡ,,
1720,ಕ್ರಾಂತಿ ಧ್ವನಿ,1997,ವಿಜಯಪುರ,ದಾನಪ್ಪ ಜಿ.ಸೊರಗೋನ್‌ನಲ್ಲಿ,ದಾನಪ್ಪ ಜಿ.ಸೊರಗೋನ್‌ನಲ್ಲಿ,ದೈನಿಕ,ಕನ್ನಡ,,
1721,ನೆಗೆಡ್ ನಾರಿ,1997,ವಿಜಯಪುರ,ಡಿ.ಎಸ್.ನಂದ್ಯಾಲ್,ಡಿ.ಎಸ್.ನಂದ್ಯಾಲ್,ಸಾಪ್ತಾಹಿಕ,ಕನ್ನಡ,,
1722,ಬಹಮನಿ ಕೋಟಾ,1998,ಬೀದರ್,ಶಿವಕುಮಾರ್ ವಾನಗ್ರಿ,ಶಿವಕುಮಾರ್ ವಾನಗ್ರಿ,ದೈನಿಕ,ಕನ್ನಡ,,
1723,ಬಸವ ದಾನಿ,1998,ಬೀದರ್,,ದಿಲೀಪ್ ಕುಮಾರ್ ಮಥಾನೆ,ದೈನಿಕ,ಕನ್ನಡ,,
1724,ಬೀದರ್ ಜಾಗೃತಿ,1998,ಬೀದರ್,ಶ್ರೀನಿವಾಸ ಚೌಧರಿ,ಶ್ರೀನಿವಾಸ ಚೌಧರಿ,ದೈನಿಕ,ಹಿಂದಿ,,
1725,ಬೀದರ್ ಸಂಪರ್ಕ,1998,ಬೀದರ್,ಬಸವರಾಜ ಕಾಮಶೆಟ್ಟಿ,ಬಸವರಾಜ ಕಾಮಶೆಟ್ಟಿ,ದೈನಿಕ,ಕನ್ನಡ,,
1726,ಈ ಸೂರ್ಯಸ್ತ,1998,ಬೀದರ್,ವಿಜಯಕುಮಾರ ಪಾಟೀಲ,ವಿಜಯಕುಮಾರ ಪಾಟೀಲ,ದೈನಿಕ,ಕನ್ನಡ,,
1727,ಸಂಜೆ ಅಂತರಂಗ ಶುದ್ದಿ,1998,ಬೀದರ್,,ಮಾಳಪ್ಪ ಅಡಸಾರೆ,ದೈನಿಕ,,,
1728,ರೇಷ್ಮೆ ಸೀಮೆ,1998,ಬೆಂಗಳೂರುಗ್ರಾಮೀಣ,,ರಮೇಶ್ ಗೌಡ,ದೈನಿಕ,ಕನ್ನಡ,,
1729,ಉಮೇಶ್ ಪತ್ರಿಕೆ,1998,ಹೊಸಕೋಟೆ/ನಂದಗುಡಿ,ಎಂ ಜ್ಯೋತಿಶ್ವರಪ್ಪ,ಎಂ ಜ್ಯೋತಿಶ್ವರಪ್ಪ,ಮಾಸಿಕ,ಕನ್ನಡ,,
1730,ಚಿರಂತನ ಸ್ಪೂರ್ತಿ,1998,ಬೆಳಗಾವಿ,ಎಸ್ ವಿ ಹೆರಿಮತ್,ಎಸ್ ವಿ ಹೆರಿಮತ್,ಮಾಸಿಕ,ಕನ್ನಡ/ ಹಿಂದಿ,,
1731,ಆಲ್ ರೌಂಡರ್,1998,ಬೆಂಗಳೂರು,ಪಿ ಎಲ್ ಇಂದ್ರಜಿತ್,ಪಿ ಎಲ್ ಇಂದ್ರಜಿತ್,ಪಾಕ್ಷಿಕ,ಕನ್ನಡ,,
1732,ಅನನ್ಯ ಅಭಿವ್ಯಕ್ತಿ,1998,ಬೆಂಗಳೂರು,ಅನನ್ಯ ಜಿಎಂಎಲ್ ಕಲ್ಚರಲ್ ಅಕಾಡೆಮಿ,,ಮಾಸಿಕ,ಕನ್ನಡ,,
1733,ಭಾರತ: ಭೂಷಣ ಡಾ. ಅಂಬೇಡ್ಕರ್,1998,ಬೆಂಗಳೂರು,ಚೆಲುವನಾರಾಯಣ,ಚೆಲುವನಾರಾಯಣ,ಪಾಕ್ಷಿಕ,ಕನ್ನಡ,,
1734,ಭಾರತದ ರಾಜಕೀಯ,1998,ಬೆಂಗಳೂರು,ರಾಮಣ್ಣ,ರಾಮಣ್ಣ,ಮಾಸಿಕ,ಕನ್ನಡ,,
1735,ಅಪರಾಧ ಮತ್ತು ಪತ್ತೆದಾರ,1998,ಬೆಂಗಳೂರು,ಎ ವಿಜಯಕುಮಾರ್,ಎ ವಿಜಯಕುಮಾರ್,ಪಾಕ್ಷಿಕ,ಕನ್ನಡ,,
1736,ಜ್ಞಾನ ದರ್ಶಿನಿ,1998,ಬೆಂಗಳೂರು,ಎ ವಿಜಯಕುಮಾರ್,ಎ ವಿಜಯಕುಮಾರ್,ಮಾಸಿಕ,ಕನ್ನಡ,,
1737,ಕನ್ನಡ ವಾಣಿ,1998,ಬೆಂಗಳೂರು,ಟಿ.ಜಯರಾಮ್,ಟಿ.ಜಯರಾಮ್,ಮಾಸಿಕ,ಕನ್ನಡ,,
1738,ಕರ್ನಾಟಕ ಧೂತ: 1,1998,ಬೆಂಗಳೂರು,ಡಿ ತುಳಸಿರಾಮ್ ಮತ್ತು ಟಿ ವಿ ಪುರುಷೋತ್ತಮ್,ಡಿ ತುಳಸಿರಾಮ್ ಮತ್ತು ಟಿ ವಿ ಪುರುಷೋತ್ತಮ್,ಪಾಕ್ಷಿಕ,ಕನ್ನಡ,,
1739,ಮಂಜು ವಾಯ್ಸ್,1998,ಬೆಂಗಳೂರು,ವೈ ಎಸ್ ಮಂಜುನಾಥ್,ವೈ ಎಸ್ ಮಂಜುನಾಥ್,ಪಾಕ್ಷಿಕ,ಕನ್ನಡ,,
1740,ನಾಡ ವಾರ್ತೆ,1998,ಬೆಂಗಳೂರು,ಎ.ಚಂದ್ರಶೇಖರ್,ಎ.ಚಂದ್ರಶೇಖರ್,ಪಾಕ್ಷಿಕ,ಕನ್ನಡ,,
1741,ನಾಟಕ,1998,ಬೆಂಗಳೂರು,,ಎಲ್.ಕೃಷ್ಣಪ್ಪ,ಮಾಸಿಕ,ಕನ್ನಡ,,
1742,ನಿಶ್ಚಯ,1998,ಬೆಂಗಳೂರು,ಪಿ.ಸುಬ್ರಹ್ಮಣ್ಯ,ಪಿ.ಸುಬ್ರಹ್ಮಣ್ಯ,ಪಾಕ್ಷಿಕ,ಕನ್ನಡ,,
1743,ಪದವಿಪೂರ್ವ ಶಿಕ್ಷಣ ಚಿಂತನ,1998,ಬೆಂಗಳೂರು,ಪದವಿಪೂರ್ವ ಶಿಕ್ಶಣ ಇಲಾಖೆ,ಬಿ ಎಂ ಹರೀಶ್ ಗೌಡ,ತ್ರೈಮಾಸಿಕ,ಕನ್ನಡ,,
1744,ಪುಷ್ಪಕವನಿ,1998,ಬೆಂಗಳೂರು,ಎಸ್ ರಾಜೇಂದ್ರ,ಆರ್ ಸಂತೋಷ್,ಪಾಕ್ಷಿಕ,ಕನ್ನಡ,,
1745,ರಾಜಧನಿ ನಮ್ಮದು,1998,ಬೆಂಗಳೂರು,ಕೆ ಎಂ ನಾರಾಯಣಸ್ವಾಮಿ,ಕೆ ಎಂ ನಾರಾಯಣಸ್ವಾಮಿ,ಮಾಸಿಕ,ಕನ್ನಡ,,
1746,ರಾಜಕಿಯ ಕಿಡಿ,1998,ಬೆಂಗಳೂರು,ಎಂ.ಪಿ.ಶಶಿಕುಮಾರ್,ಎಂ.ಪಿ.ಶಶಿಕುಮಾರ್,ಮಾಸಿಕ,ಕನ್ನಡ,,
1747,ಸಂಪನ್ಮೂಲ ಅಭಿರುದ್ದಿ,1998,ಬೆಂಗಳೂರು,ಡಾ. ಟಿ ಗೋವಿಂದಯ್ಯ,ಡಾ. ಟಿ ಗೋವಿಂದಯ್ಯ,ಮಾಸಿಕ,ಕನ್ನಡ,,
1748,ಸಿಡಿದ ಗುಂಡು,1998,ಬೆಂಗಳೂರು,ಎಸ್ ಬಾಲರಾಜು,ಎಸ್ ಬಾಲರಾಜು,,ಕನ್ನಡ,,
1749,ಥೌದೂರ್ ಪತ್ರಿಕೆ,1998,ಬೆಂಗಳೂರು,ಚಂದ್ರಶೇಖರ ತೌಡೂರು,ಚಂದ್ರಶೇಖರ ತೌಡೂರು,,ಕನ್ನಡ,,
1750,ವಚನ ಜ್ಯೋತಿ,1998,ಬೆಂಗಳೂರು,ಎಸ್ ಪಿನಾಕಪಾನಿ,ಎಸ್ ಪಿನಾಕಪಾನಿ,,ಕನ್ನಡ,,
1751,ಶ್ರೀ ಜಮುರಾ,1998,ಚಿತ್ರದುರ್ಗ,ಎಸ್.ಕೆ.ಬಸವರಾಜನ್,ಎಂ ಜೆ ರುದ್ರ ಮೂರ್ತಿ,ಮಾಸಿಕ,ಕನ್ನಡ,,
1752,ಸಂಜೆ ದರ್ಶನ್,1998,ಹುಬ್ಬಳ್ಳಿ/ಧಾರವಾಡ,,ಪಾಂಡುರಂಗ ಪಾಟೀಲ,ದೈನಿಕ,ಕನ್ನಡ,,
1753,ಅನಂತ ಹೊಳಪು,1998,ಕಿನ್ನಿಗೋಳಿ/ದಕ್ಷಿಣಕನ್ನಡ,ಸಚ್ಚಿದಾನಂದ ಉಡುಪ ಅವರಿಗೆ,ಸಚ್ಚಿದಾನಂದ ಉಡುಪ ಅವರಿಗೆ,ಮಾಸಿಕ,ಕನ್ನಡ,,
1754,ಹಸಿರು ಭೂಮಿ,1998,ಮಂಗಳೂರು,,,ಮಾಸಿಕ,ಕನ್ನಡ,,
1755,ಜನ ವಾಹಿನಿ,1998,ದಕ್ಷಿಣಕನ್ನಡ,ಸ್ಯಾಮ್ಯುಯೆಲ್ ಸಿಕ್ವೇರಾ,ಸ್ಯಾಮ್ಯುಯೆಲ್ ಸಿಕ್ವೇರಾ,ದೈನಿಕ,ಕನ್ನಡ,,
1756,ಪ್ರಶ್ನಾರ್ಥಕ ಚಿನ್ಹೆ(?????),1998,ಮಂಗಳೂರು,,,ದೈನಿಕ,ಕನ್ನಡ,,
1757,ತುಳು ದರ್ಶನ,1998,ದಕ್ಷಿಣಕನ್ನಡ,ಎಸ ಎಚ್ ಶಿವರುದ್ರಪ್ಪ ಫಾರ್ ಕರ್ನಾಟಕ ತುಳು ಸಾಹಿತ್ಯ ಅಕಾಡೆಮಿ,ಗಣೇಶ ಅಮೀನ್ ಸಂಕುಮಾರ್,ತ್ರೈಮಾಸಿಕ,ತುಳು,,
1758,ಅರಸೀಕೆರೆ ಪ್ರಭಾ,1998,ಹಾಸನ,ಬಿ ಎಸ್ ಲಕ್ಷ್ಮಣ್ ರಾವ್,ಬಿ ಎಸ್ ಲಕ್ಷ್ಮಣ್ ರಾವ್,ಮಾಸಿಕ,ಕನ್ನಡ,,
1759,ಐಶ್ವರ್ಯ ಕನ್ನಡ  ನಾಡು,1998,ಕಲಬುರ್ಗಿ/ಹುಬ್ಬಳ್ಳಿ/ಬೆಂಗಳೂರು,,,ಸಾಪ್ತಾಹಿಕ,ಕನ್ನಡ,,
1760,ಕೊಡಗು ದೇಶ,1998,ಕೊಡಗು,,ಎನ್ ಯು ನಾಚಪ್ಪ,ಮಾಸಿಕ,ಕನ್ನಡ,,
1761,ಕೋಲಾರ ಶಕ್ತಿ,1998,ಕೋಲಾರ,ಗೋಪಿಕಾ ಮಲ್ಲೇಶ್,ಎಂ ಮಲ್ಲೇಶ್/ ಕೆ ಗೋಪಿಕಾ ಮಲ್ಲೇಶ್,ದೈನಿಕ,ಕನ್ನಡ,,
1762,ಗಂಗಾವತಿ ಧ್ವನಿ,1998,ಕೊಪ್ಪಳ,ವಿಶ್ವನಾಥ್ ಮಡಗಿರಿ,ವಿಶ್ವನಾಥ್ ಮಡಗಿರಿ,ದೈನಿಕ,ಕನ್ನಡ,,
1763,ಸಲಹೆಗಾರ,1998,ಮಂಡ್ಯ,ಸಿ.ಬಸವರಾಜ್,ಸಿ.ಬಸವರಾಜ್,ಮಾಸಿಕ,ಕನ್ನಡ,,
1764,ಆವಿಷ್ಕಾರ,1998,ಮೈಸೂರು,,ಬೆಳಗುಲಿ ಮಧುಸೂಧನ್/ಜಯಶ್ರೀ,ಸಾಪ್ತಾಹಿಕ,ಕನ್ನಡ,,
1765,ಯುದ್ಧಭೂಮಿ,1998,ಮೈಸೂರು,,ಗಾಗೇನಹಳ್ಳಿ ಕೃಷ್ಣಮೂರ್ತಿ ಅಂಡ್ ಫ್ ಬಾಬು,ಸಾಪ್ತಾಹಿಕ,ಕನ್ನಡ,,
1766,ತಮಟೆ,1998,ಮೈಸೂರು,ಎಚ್ ಆರ್ ಕೃಷ್ಣಾಚಾರ್,ಎಚ್ ಆರ್ ಕೃಷ್ಣಾಚಾರ್,ಸಾಪ್ತಾಹಿಕ,ಕನ್ನಡ,,
1767,ಹನಿ,1998,ಶಿವಮೊಗ್ಗ,ಎಚ್ ಎನ್ ಸೋಮಶೇಖರ್,ಎಚ್ ಎನ್ ಸೋಮಶೇಖರ್,ತ್ರೈಮಾಸಿಕ,ಕನ್ನಡ,,
1768,ಜೈ ಕರುನಾಡು ಕಲಾ,1998,ಶಿವಮೊಗ್ಗ,ಎಲ್ ವೆಂಕಟೇಶ್,ಎಲ್ ವೆಂಕಟೇಶ್,ಸಾಪ್ತಾಹಿಕ,ಕನ್ನಡ,,
1769,ವಿಪ್ರಧರ,1998,ಶಿವಮೊಗ್ಗ,ವಿಪ್ರ ಟ್ರಸ್ಟ್ ಪ್ರಕಾಶನ,ಎಂ ಮದ್ವಾಚಾರ್,ತ್ರೈಮಾಸಿಕ,ಕನ್ನಡ,,
1770,ಗ್ರಾಹಕ ಸೇವೆ,1998,ತುಮಕೂರು,ಟಿ ಎಸ್ ನಿರಂಜನ್,ಟಿ ಎಸ್ ನಿರಂಜನ್,ಮಾಸಿಕ,ಕನ್ನಡ,,
1771,ಜಯ ದುರ್ಗಿ,1998,ತುಮಕೂರು,ವಿಜಯಲಕ್ಷ್ಮಿ ಕೆ ಮರಿಯಪ್ಪ,ವಿಜಯಲಕ್ಷ್ಮಿ ಕೆ ಮರಿಯಪ್ಪ,ಸಾಪ್ತಾಹಿಕ,ಕನ್ನಡ,,
1772,ನೀತಿ ಬಂಧು,1998,ತುಮಕೂರು,,ತಿಮ್ಮರಾಜು,ಸಾಪ್ತಾಹಿಕ,ಕನ್ನಡ,,
1773,ಚಿನ್ನರ ಧ್ವನಿ,1998,ಕುಮಟಾ,ಪ್ರತಿಬೋಧಯ ಕೇಂದ್ರ,ನಾಗವೇಣಿ ಶೆಟ್ಟಿ,ಮಾಸಿಕ,ಕನ್ನಡ,,
1774,ಯಕ್ಷಗಾನ,1998,ಸಿದ್ಧಾಪುರ,ಕನ್ನಡ ಸಂಸ್ಕೃತಿ ಕಲಾ ಕೇಂದ್ರ,ಆರ್ ಎಸ್ ಭಟ್ ಶಿರಳಗಿ,ಮಾಸಿಕ,ಕನ್ನಡ,"1956 - 60. Pub - Yakshagana Karlaya, Editor - Manjunatha Shamsa","1981 , 1956"
1775,ಬಂಜಾರ ಘರ್ಜನೆ,1999,ಬೀದರ್,ಬಸವರಾಜ ಪವಾರ್,ಬಸವರಾಜ ಪವಾರ್,ದೈನಿಕ,ಹಿಂದಿ,,
1776,ರಬಕವಿ ಬನಹಟ್ಟಿ ವಾರ್ತೆ,1999,ಬಾಗಲಕೋಟೆ,ರಾಮು ಬಿ ಕಡಾಪುರ,ರಾಮು ಬಿ ಕಡಾಪುರ,ಸಾಪ್ತಾಹಿಕ,ಕನ್ನಡ,,
1777,ಇದು ಸುದ್ದಿ ಜಲ,1999,ಬೆಂಗಳೂರುಗ್ರಾಮೀಣ,,ಗೋಪಾಲ್ ದಿವಪಟ್ಣ,ದೈನಿಕ,ಕನ್ನಡ,,
1778,ಸುಗ್ಗಿ ಸುದ್ದಿ,1999,ಹೊಸಕೋಟೆ,ಈಶ್ವರ ವಿಶ್ವಕರ್ಮ,ಈಶ್ವರ ವಿಶ್ವಕರ್ಮ,ಮಾಸಿಕ,ಕನ್ನಡ,,
1779,ಬಡವರ ಭಾಗ್ಯ,1999,ಬೆಳಗಾವಿ,ಪಿ ಜಿ ವಝೆ,ಕಲ್ಲಪ್ಪ ಬಸಪ್ಪ ಗೋಧಿ,ಸಾಪ್ತಾಹಿಕ,ಕನ್ನಡ,,
1780,ಸ್ವತಂತ್ರ ಪ್ರಗತಿ,1999,ಬೆಳಗಾವಿ,ಬಬಿತಾ ರಾಜೇಂದ್ರ ಪವರ್,ಡಾ. ರಾಜೇಂದ್ರ ಪವರ್/ ಜನಾರ್ದನ ನೋಟೋಜಿ ಪವರ್,ದೈನಿಕ,ಹಿಂದಿ,,
1781,ಮಹಿಳಾ ಅಧ್ಯಯನಗಳು,1999,ಹಂಪಿ,"ಪ್ರಸಾರಾಂಗ, ಕನ್ನಡ ವಿಶ್ವ ವಿದ್ಯಾಲಯ",,ಮಾಸಿಕ,ಕನ್ನಡ,,
1782,ಬಹುಜನ ಕನ್ನಡಿಗರು,1999,ಬೆಂಗಳೂರು,ರಮ್ಮಣ್ಣ ಹೆಚ್ ಕೋಡಿ ಹೊಸಳ್ಳಿ,ರಮ್ಮಣ್ಣ ಹೆಚ್ ಕೋಡಿ ಹೊಸಳ್ಳಿ,ಪಾಕ್ಷಿಕ,ಕನ್ನಡ,,
1783,ಬೆಂಗಳೂರು ಭಾನುವಾರ,1999,ಬೆಂಗಳೂರು,ಎನ್ ವಸಂತ್ ಕುಮಾರ್,ಎನ್ ವಸಂತ್ ಕುಮಾರ್,ಸಾಪ್ತಾಹಿಕ,ಕನ್ನಡ,,
1784,ಸೀ ಸೀ ಬೀ ನ್ಯೂಸ್,1999,ಬೆಂಗಳೂರು,ಪಿ ಶಿವರಾಜ್,ಪಿ ಶಿವರಾಜ್,ಪಾಕ್ಷಿಕ,ಕನ್ನಡ,,
1785,ಸೀಟು ಸಂದೇಶ,1999,ಬೆಂಗಳೂರು,ವಿ ಜೆ ಕೆ ನಾಯರ್,ವಿ ಜೆ ಕೆ ನಾಯರ್,ಮಾಸಿಕ,ಕನ್ನಡ,,
1786,ದಾರಿ,1999,ಬೆಂಗಳೂರು,ಚಂದ್ರಕಾಂತ ವಡ್ಡು,ಚಂದ್ರಕಾಂತ ವಡ್ಡು,ಸಾಪ್ತಾಹಿಕ,ಕನ್ನಡ/ ಇಂಗ್ಲೀಷ್,,
1787,ಹಂಪೆಯ ನುಡಿ,1999,ಬೆಂಗಳೂರು,,ರಾಮಸ್ವಾಮಿ,ಮಾಸಿಕ,ಕನ್ನಡ,,
1788,ಹೊಸ ಮಿಂಚು,1999,ಬೆಂಗಳೂರು,ಕೆ ಶ್ರೀನಿವಾಸಲು,ಕೆ ಶ್ರೀನಿವಾಸಲು,ಮಾಸಿಕ,ಕನ್ನಡ,,
1789,ಕನ್ನಡದ ಧೀರ,1999,ಬೆಂಗಳೂರು,ಎಸ್ ಜಯರಾಮ ರೆಡ್ಡಿ,ಎಸ್ ಜಯರಾಮ ರೆಡ್ಡಿ,,ಕನ್ನಡ,,
1790,ಕಾದಿ ಕಾಖಿ ಕವಿ,1999,ಬೆಂಗಳೂರು,,ವಿ ವೆಂಕಟೇಶ್,ಸಾಪ್ತಾಹಿಕ,ಕನ್ನಡ,,
1791,KPHRA ವಾರ್ತೆ,1999,ಬೆಂಗಳೂರು,ಕೆ ಎಲ್ ರಾಮಂತ್ ಭಟ್,ಕೆ ಎಲ್ ರಾಮಂತ್ ಭಟ್,ಮಾಸಿಕ,ಕನ್ನಡ,,
1792,ಗಾಂಧಿನಗರದ ಸುದ್ದಿ,1999,ಬೆಂಗಳೂರು,ರಮೇಶ್ ಗುರುದೇವ್,ರಮೇಶ್ ಗುರುದೇವ್,ದೈನಿಕ,ಕನ್ನಡ,,
1793,ಪಾಲ್ಶ್ರೀ,1999,ಬೆಂಗಳೂರು,ಕಲಾಶ್ರೀನಿವಾಸ್,ಕಲಾಶ್ರೀನಿವಾಸ್,ಮಾಸಿಕ,ಕನ್ನಡ,,
1794,ಪಾಪಿಗಳ ಅಪರಾದ ಲೋಕ,1999,ಬೆಂಗಳೂರು,ಎನ್ ಸೋಮಶೇಖರ್,ಎನ್ ಸೋಮಶೇಖರ್,ಪಾಕ್ಷಿಕ,ಕನ್ನಡ,,
1795,ಸಮತಾ ಸಾರಥಿ,1999,ಬೆಂಗಳೂರು,ಬಿ.ರಮೇಶ್,ಬಿ.ರಮೇಶ್,ಮಾಸಿಕ,ಕನ್ನಡ,,
1796,ಶುಭಾ ದಿನಾ,1999,ಬೆಂಗಳೂರು,,ಮಲ್ಲಿಕಾರ್ಜುನಯ್ಯ ಎಂ,ದೈನಿಕ,ಕನ್ನಡ,,
1797,ಸ್ನೇಹ ಸೌರಭ,1999,ಬೆಂಗಳೂರು,ಮೀನಾಕ್ಷಿ ಶಿವರಾಮ ಕೃಷ್ಣ,ಮೀನಾಕ್ಷಿ ಶಿವರಾಮ ಕೃಷ್ಣ,,ಕನ್ನಡ,,
1798,ವಾರ್ತಾ ಸ್ಪೂತ,1999,ಬೆಂಗಳೂರು,ವಿ ಮುನಿನಂಜಪ್ಪ,ನಾಗಪ್ಪ,ಸಾಪ್ತಾಹಿಕ,ಕನ್ನಡ,,
1799,ವಿಜಯ ಕರ್ನಾಟಕ,1999,ಬೆಂಗಳೂರು,ವಿಜಯ ಸಂಕೇಶ್ವರ,ಈಶ್ವರ ದೈತೋಟ,ದೈನಿಕ,ಕನ್ನಡ,,
1800,ವಿಜಯನಗರ ವಾರ್ತೆ,1999,ಬೆಂಗಳೂರು,,,ಸಾಪ್ತಾಹಿಕ,ಕನ್ನಡ,,
1801,ಯಲಹಂಕ ಪ್ರಭು,1999,ಬೆಂಗಳೂರು,ಉಮೇಶ್,ಉಮೇಶ್,ಮಾಸಿಕ,ಕನ್ನಡ,,
1802,ಯುವಲೋಕ,1999,ಚಿಕ್ಕಮಗಳೂರು,ಎಂ.ಸಿ.ಶಿವಾನಂದ ಸ್ವಾಮಿ,ಎಂ.ಸಿ.ಶಿವಾನಂದ ಸ್ವಾಮಿ,ಪಾಕ್ಷಿಕ,ಕನ್ನಡ,,
1803,ನಾಗೇಶ ಪತ್ರಿಕೆ,1999,ಶೃಂಗೇರಿ/ಚಿಕ್ಕಮಗಳೂರು,ಟಿ.ನಾಗೇಶ್,ಟಿ.ನಾಗೇಶ್,ಸಾಪ್ತಾಹಿಕ,ಕನ್ನಡ,,
1804,ಜೈನ್ ಗೆಜೆಟ್,1999,ಹುಬ್ಬಳ್ಳಿ/ಧಾರವಾಡ,"ಶ್ರೀ ಭರತವರ್ಷೀಯ ಜೈನ ಮಹಾಸಭಾ, ಕರ್ನಾಟಕ ಪ್ರಾಂತೀಯ ಶೇ",ಶ್ರೀ ಕೃಷ್ಣ ಕುಲಕರ್ಣಿ,ಪಾಕ್ಷಿಕ,ಕನ್ನಡ,,
1805,ಅಲ್ ಎಹ್ಸಾನ್,1999,ಮಂಗಳೂರು,ಮಹಮ್ಮದ್ ಉಳ್ಳಾಲ್,ಮಹಮ್ಮದ್ ಉಳ್ಳಾಲ್,ಪಾಕ್ಷಿಕ,ಕನ್ನಡ,,
1806,ಗಡಿನಾಡ ನುಡಿ,1999,,ಕೇರಳ ಗಡಿನಾಡ ಗತಕ,,ತ್ರೈಮಾಸಿಕ,ಕನ್ನಡ,,
1807,ಜನ ಈ ದಿನಾ,1999,ಮಂಗಳೂರು,ಎಸ್ ಗೋಪಾಲ ಕೃಷ್ಣ ಭಕ್ತ,ಎಸ್ ಗೋಪಾಲ ಕೃಷ್ಣ ಭಕ್ತ,ದೈನಿಕ,ಕನ್ನಡ,,
1808,ಕಚುರುವಾಣಿ,1999,ಮಂಗಳೂರು,ಎ.ಕೆ ಭಂಡಾರಿ,ಎ.ಕೆ ಭಂಡಾರಿ,ಮಾಸಿಕ,ಕನ್ನಡ,,
1809,ಪಯಸ್ವಿನಿ,1999,ದಕ್ಷಿಣಕನ್ನಡ,ಅಬ್ದುಲ್ ಸತ್ತಾರ್ ಗೋರಡ್ಕ,ಜೆ ಕೆ ರೈ ಸುಳ್ಯ,ಸಾಪ್ತಾಹಿಕ,ಕನ್ನಡ,,
1810,ವರದಾ ಡಂಗೂರ,1999,ಮಂಗಳೂರು,ಕುಂಟಾಡಿ ದಯಾನಂದ ಪೈ,ಕುಂಟಾಡಿ ದಯಾನಂದ ಪೈ,ಸಾಪ್ತಾಹಿಕ,ಕನ್ನಡ,,
1811,ವಿಪ್ರ ವಾಹಿನಿ,1999,ಹಾಸನ,ಪ್ರಕೃತಿ ಪ್ರಕಾಶನಕ್ಕಾಗಿ ಕೆ ಎಸ್ ಗಿರಿಜಾಂಬ,ಶ್ರೀಮತಿ ಕೆ ಎಸ್ ಗಿರಿಜಾಂಬ,ಪಾಕ್ಷಿಕ,ಕನ್ನಡ,,
1812,ದೇಶದ ಋಣ,1999,ಕಲಬುರ್ಗಿ,ಹನುಮಂತರಾಯ ರೆಡ್ಡಿ,ಹನುಮಂತರಾಯ ರೆಡ್ಡಿ,ದೈನಿಕ,ಕನ್ನಡ,,
1813,ಇಲ್ಲಿಯ ಜನ,1999,ಕಲಬುರ್ಗಿ,ಚಂದ್ರಕಾಂತ ಕೆ ಹಾವನೂರ,ಚಂದ್ರಕಾಂತ ಕೆ ಹಾವನೂರ,ದೈನಿಕ,ಕನ್ನಡ,,
1814,ಜನತಾ ಟೈಮ್ಸ್,1999,ಕಲಬುರ್ಗಿ,ಕಲ್ಯಾಣ ರಾವ್ ಸಿದ್ದರಾಮಯ್ಯ,ಕಲ್ಯಾಣ ರಾವ್ ಸಿದ್ದರಾಮಯ್ಯ,ದೈನಿಕ,ಕನ್ನಡ,,
1815,ಶೋಷಿತರ ಕೂಗು,1999,ಕಲಬುರ್ಗಿ,ವಿಜಯಲಕ್ಷ್ಮಿ ಎಸ್. ಮೂಲಭಾರತಿ,ವಿಜಯಲಕ್ಷ್ಮಿ ಎಸ್. ಮೂಲಭಾರತಿ,ದೈನಿಕ,ಕನ್ನಡ,,
1816,ಕಾಫಿಲ್ಯಾಂಡ್ ನ್ಯೂಸ್,1999,ಮಡಿಕೇರಿ,"ಕಾಫಿ ಲ್ಯಾಂಡ್ ನ್ಯೂಸ್ ಪ್ರೈವೇಟ್ ಲಿಮಿಟೆಡ್‌ಗಾಗಿ ಐ ಕೆ ಅನಿಲ್,",ಐ ಕೆ ಅನಿಲ್,ಸಾಪ್ತಾಹಿಕ,ಇಂಗ್ಲೀಷ್,,1995
1817,ಕೋಲಾರಧ್ವನಿ,1999,ಕೋಲಾರ,ಎಚ್ ಎನ್ ಮುರಳೀಧರ,ಎಚ್ ಎನ್ ಮುರಳೀಧರ,ದೈನಿಕ,ಕನ್ನಡ,,
1818,ಭುವನ ಸಂಗತಿ,1999,ಮೈಸೂರು,ಸೋಮಯ್ಯ ಮಲೆಯರ್,ಸೋಮಯ್ಯ ಮಲೆಯರ್,ಪಾಕ್ಷಿಕ/Mon thly,ಕನ್ನಡ,,
1819,ನಮಸ್ಕಾರ ಶಿವಾ,1999,ಮೈಸೂರು,,ಕೆ ಶಿವಣ್ಣಗೌಡ,ಪಾಕ್ಷಿಕ,ಕನ್ನಡ,,
1820,ಶೋಷಕ ಧ್ವನಿ,1999,ಮೈಸೂರು,ಎಲ್ ಶಿವಶಂಕರ್,ಎಲ್ ಶಿವಶಂಕರ್,ಪಾಕ್ಷಿಕ,ಕನ್ನಡ,,
1821,ದಿ ಡೆಸ್ಟ್ರಾಯರ್,1999,ಮೈಸೂರು,,ಆರ್ ವಿ ಗೋಪಾಲ್,ಸಾಪ್ತಾಹಿಕ,ಕನ್ನಡ,,
1822,ರೇಷ್ಮೆ ಗಡಿ,1999,ಚನ್ನಪಟ್ಟಣ,ರಮೇಶ್ ಗೌಡ,ರಮೇಶ್ ಗೌಡ,ದೈನಿಕ,ಕನ್ನಡ,,
1823,ನಿಶ್ಚಾಯ,1999,ಶಿವಮೊಗ್ಗ,ಪಿ ಸುಬ್ಬರಮಣ್ಯ,ಪಿ ಸುಬ್ಬರಮಣ್ಯ,ಪಾಕ್ಷಿಕ,ಕನ್ನಡ,,
1824,ಸಂಗೀತ ಸಂಗ್ಮಾ,1999,ಶಿವಮೊಗ್ಗ,ಎಸ್ ನಾಗರಾಜು,ರಾಜಾರಾಮ್ ಮೂರ್ತಿ,ಮಾಸಿಕ,ಕನ್ನಡ,,
1825,ಅಗ್ನೇಯ ವಾಣಿ,1999,ಕೊರಟಗೆರೆ/ತುಮಕೂರು,ನಾಗಮಣಿ ಪದ್ಮನಾಬ್,ನಾಗಮಣಿ ಪದ್ಮನಾಬ್,ಸಾಪ್ತಾಹಿಕ,ಕನ್ನಡ,,
1826,ನಮಸ್ಕಾರ ತುಮಕೂರು,1999,,,,ಸಾಪ್ತಾಹಿಕ,ಕನ್ನಡ,,
1827,ಸನಾತನ ಪ್ರಭಾತ್,1999,ಮಂಗಳೂರು/ಉಡುಪಿ,ಡಿಚೋಳಿ ಸನಾತನ ಸಂಸ್ಥೆಗಾಗಿ ಕೆ ಉಮೇಶ ಶೆಣೈ,ಕೆ ಉಮೇಶ ಶೆಣೈ,ಸಾಪ್ತಾಹಿಕ,ಕನ್ನಡ,,
1828,ಉಡುಪಿ ಜಿಲ್ಲಾ ಪಂಚಾಯತ್ ವಾರ್ತಾ ಪತ್ರ,1999,,,,ಮಾಸಿಕ,ಕನ್ನಡ,,
1829,ಸ್ವರ್ಣವಲ್ಲೀ ಪ್ರಭಾ,1999,ಶಿರಸಿ,ಶ್ರೀ ಭಗವತ್ಪಾದ ಪಬ್ಲಿಕೇಷನ್ಸ್,ಎನ್.ಎಸ್.ಭರತನಹಳ್ಳಿ,ಮಾಸಿಕ,ಕನ್ನಡ,,
1830,ಉದ್ಯಮ ದರ್ಶಿ,1999,ಶಿರಸಿ,,ಜಿ ಸುಬ್ರಾಯ ಭಟ್ಟ ಬಕಲ,ಮಾಸಿಕ,ಕನ್ನಡ,,
1831,ದಲಿತ ಸೈನಿಕ,2000,ಬಾಗಲಕೋಟೆ,,,,ಕನ್ನಡ,,
1832,ಬೊಂಬಾಟ್ ಸುದ್ದಿ,2000,ದೊಡ್ಡಬಳ್ಳಾಪುರ,ಆರ್ ಪ್ರಕಾಶ್,ಆರ್ ಪ್ರಕಾಶ್,,ಕನ್ನಡ,,
1833,ಗೆಳೆಯರ ಗುಂಪು,2000,ದೊಡ್ಡಬಳ್ಳಾಪುರ,ಎಂ ಜೆ ರಾಜಶೇಖರ್ ಶೆಟ್ಟಿ,ಎಂ ಜೆ ರಾಜಶೇಖರ್ ಶೆಟ್ಟಿ,ಸಾಪ್ತಾಹಿಕ,ಕನ್ನಡ,,
1834,ಹಾಯ್ ದೊಡ್ಡಬಳ್ಳಾಪುರ,2000,ದೊಡ್ಡಬಳ್ಳಾಪುರ,ಎಂ ಜೆ ರಾಜಶೇಖರ್ ಶೆಟ್ಟಿ,ಎಂ ಜೆ ರಾಜಶೇಖರ್ ಶೆಟ್ಟಿ,ಸಾಪ್ತಾಹಿಕ,ಕನ್ನಡ,,
1835,ಓದುಗರ ವೇದಿಕೆ,2000,ದೊಡ್ಡಬಳ್ಳಾಪುರ,ಎಂ ಜೆ ರಾಜಶೇಖರ್ ಶೆಟ್ಟಿ,ಎಂ ಜೆ ರಾಜಶೇಖರ್ ಶೆಟ್ಟಿ,ಸಾಪ್ತಾಹಿಕ,ಕನ್ನಡ,,
1836,ರಾಮ ರಾಜ್ಯ ಪತ್ರಿಕೆ,2000,ದೇವನಹಳ್ಳಿ,ಪಿ ಕೃಷ್ಣನಾಯಕ್,ವಿ ಮೀನಾಕುಮಾರಿ / ಪಿ ಕೃಷ್ಣ ನಾಯಕ್,ಮಾಸಿಕ,ಕನ್ನಡ,,
1837,ಅಶ್ವಿನಿ ಪತ್ರಿಕೆ,2000,ಬೆಂಗಳೂರು,ಎ.ಆಂಜನೇಯುಲು,ಎ.ಆಂಜನೇಯುಲು,ಮಾಸಿಕ,ಕನ್ನಡ,,
1838,ಬೆಂಗಳೂರು ಸೂರ್ಯ,2000,ಬೆಂಗಳೂರು,ಸಿದ್ದೇಶ್ವರ ಪ್ರಿಂಟರ್ಸ್,ಎಸ್. ಶಿವದೇವ್,-,ಕನ್ನಡ,,
1839,ಚಂದ್ರ ವಿಕ್ರಮ,2000,ಬೆಂಗಳೂರು,ಎಸ್ ಮೂರ್ತಿ,ಎಸ್ ಮೂರ್ತಿ,ಸಾಪ್ತಾಹಿಕ,ಕನ್ನಡ,,
1840,ಅಪರಾಧ ಪ್ರಪಂಚ,2000,ಬೆಂಗಳೂರು,ವಿ. ಬಸವರಾಜ,ವಿ. ಬಸವರಾಜ,ಪಾಕ್ಷಿಕ,ಕನ್ನಡ,,
1841,ದಲಿತ ಚೇತನ,2000,ಬೆಂಗಳೂರು,ಆರ್.ರಂಗಸ್ವಾಮಿ,ಆರ್.ರಂಗಸ್ವಾಮಿ,ತ್ರೈಮಾಸಿಕ,ಕನ್ನಡ,,
1842,ಇ ಮಾಸ ನಾಟಕ,2000,ಬೆಂಗಳೂರು,ಎಲ್.ಕೃಷ್ಣಪ್ಪ,ಎಲ್.ಕೃಷ್ಣಪ್ಪ,ಮಾಸಿಕ,ಕನ್ನಡ,,
1843,ನ್ಯಾಯವನ್ನು ಹುಡುಕಿ,2000,ಬೆಂಗಳೂರು,,ಆರ್ ಶ್ರೀನಿವಾಸನ್,ಮಾಸಿಕ,ಕನ್ನಡ,,
1844,ಗಾನಕಲಾ ಸಿರಿ,2000,ಬೆಂಗಳೂರು,ವಿ ಸುಬ್ರಹ್ಮಣ್ಯ,ವಿ ಸುಬ್ರಹ್ಮಣ್ಯ,ಮಾಸಿಕ,ಕನ್ನಡ,,
1845,ಹೆದರದ ಧೀರ,2000,ಬೆಂಗಳೂರು,ಎಂ.ಎಸ್. ಶಂಕರ್,ಎಂ.ಎಸ್. ಶಂಕರ್,ಮಾಸಿಕ,ಕನ್ನಡ,,
1846,ನಮಸ್ಕಾರ ಡಾಕ್ಟರ್,2000,ಬೆಂಗಳೂರು,ಶ್ರೀ ರಂಗ ಪಬ್ಲಿಕೇಷನ್ಸ್,ಎ.ಆರ್.ನಾಗರಾಜ್,ಮಾಸಿಕ,ಕನ್ನಡ,,
1847,ಜನ ಸಾಮನ್ಯ,2000,ಬೆಂಗಳೂರು,ಪಿ ಟಿ ನೂಲಾ,ಪಿ ಟಿ ನೂಲಾ,ಪಾಕ್ಷಿಕ,ಕನ್ನಡ,,
1848,ಕಲಾಸ್ಥಿತಿ,2000,ಬೆಂಗಳೂರು,ಸಿ.ಜಿ. ರಾಮಚಂದ್ರ ಮೂರ್ತಿ,ಸಿ.ಜಿ. ರಾಮಚಂದ್ರ ಮೂರ್ತಿ,ಪಾಕ್ಷಿಕ,ಕನ್ನಡ,,
1849,ಕನ್ನಡಿಗರ ಪ್ರಜಾನುಡಿ,2000,ಬೆಂಗಳೂರು,ವಾಸು,ಡಿ ಮಹದೇವ್,ದೈನಿಕ,ಕನ್ನಡ,,
1850,ಕಿಡಿ ನುಡಿ,2000,ಬೆಂಗಳೂರು,ಡಿ.ಎಸ್.ವೀರಯ್ಯ,ಡಿ.ಎಸ್.ವೀರಯ್ಯ,ಮಾಸಿಕ,ಕನ್ನಡ/ ಇಂಗ್ಲೀಷ್,,
1851,ಕ್ಷತ್ರಿಯ ಧ್ವನಿ,2000,ಬೆಂಗಳೂರು,ಕೆ ಜಿ ರಾಮಚಂದ್ರನ್,ಕೆ.ಎಲ್.ಶ್ರೀ ಹರಿ,ಸಾಪ್ತಾಹಿಕ,ಕನ್ನಡ,,
1852,ಮಾಯಾ ದರ್ಪಣ,2000,ಬೆಂಗಳೂರು,ಬಿ.ಎಸ್. ಸರಸ್ವತಿ,ಟಿ ಕೆ ತ್ಯಾಗರಾಜು,,ಕನ್ನಡ,,
1853,ನಿಕ್ಷೇಪ,2000,ಬೆಂಗಳೂರು,ಎಂ ವಿನುತ ಗೌಡ,ಎಂ ವಿನುತ ಗೌಡ,ಸಾಪ್ತಾಹಿಕ,ಕನ್ನಡ,,
1854,ರಾಜ್ಯ ಸ್ಥಾನ,2000,ಬೆಂಗಳೂರು,ಮಹೇಶ ಸುರ್ವೆ,ಮಹೇಶ ಸುರ್ವೆ,ಪಾಕ್ಷಿಕ,ಕನ್ನಡ,,
1855,ಸಂಬಂಧ,2000,ಬೆಂಗಳೂರು,ಬಿ ಎಸ್ ಪ್ರಭಾಕರ ಪ್ರಸಾದ್,ಬಿ ಎಸ್ ಪ್ರಭಾಕರ ಪ್ರಸಾದ್,ಮಾಸಿಕ,ಕನ್ನಡ,,
1856,ಸ್ನೇಹಮೃತ,2000,ಬೆಂಗಳೂರು,ಎಸ್ ಎಲ್ ಶಿವರಾಮ್,ಎಸ್ ಎಲ್ ಶಿವರಾಮ್,ಮಾಸಿಕ,ಕನ್ನಡ,,
1857,ಉತ್ತಮ ರಾಜಕೇಯ,2000,ಬೆಂಗಳೂರು,ವಿಜಯ್ ಕುಮಾರ್,ವಿಜಯ್ ಕುಮಾರ್,ಪಾಕ್ಷಿಕ,ಕನ್ನಡ,,
1858,ವೈಕುಂಠ ವಾರ್ತೆ,2000,ಬೆಂಗಳೂರು,ಶ್ರೀ ವೆಂಕಟೇಶ್ವರ ಧ್ಯಾನ ಕೇಂದ್ರ,ಎಂ ಎನ್ ರಾಜೀವ್,,ಕನ್ನಡ,,
1859,ವಿಜಯ ವಿದ್ಯಾರ್ಥಿ,2000,ಬೆಂಗಳೂರು,ಸರ್ಕಾರಿ ಪ್ರಥಮ ದರ್ಜೆ ಕಾಲೇಜು ವಿಜಯನಗರ ಬೆಂಗಳೂರು,ಪ್ರೊ. ಆರ್ ಲಕ್ಷ್ಮೀನಾರಾಯಣ / ಹರ್ಷ ಕುಮಾರ್,Private Circulation,ಕನ್ನಡ,,
1860,ಕನ್ನಡ ತಿಲಕ,2000,ಚಿಕ್ಕಬಳ್ಳಾಪುರ,ಕಲಾವಿದ ವಿಷ್ಣು,ಕಲಾವಿದ ವಿಷ್ಣು,ದೈನಿಕ,ಕನ್ನಡ,,
1861,ಕ್ರಾಂತಿ ಮಾರುತ,2000,ಚಿಕ್ಕಮಗಳೂರು,ವಿಷ್ಣು ಉಪಾಧ್ಯಾಯ,ವಿಷ್ಣು ಉಪಾಧ್ಯಾಯ,ಸಾಪ್ತಾಹಿಕ,ಕನ್ನಡ,,
1862,ಆಕೃತಿ,2000,ಚಿತ್ರದುರ್ಗ,ಕಿರಣ್ ಕುಮಾರ್,ಕಿರಣ್ ಕುಮಾರ್,ಪಾಕ್ಷಿಕ,ಕನ್ನಡ,,
1863,ಜನ ಮಿಡಿತಾ,2000,ದಾವಣಗೆರೆ,ಜಿ.ಎಂ.ಆರ್.ಆರಾದ್ಯ,ಜಿ.ಎಂ.ಆರ್.ಆರಾದ್ಯ,ದೈನಿಕ,ಕನ್ನಡ,,
1864,ಗುಬ್ಬಚ್ಚಿ ಗೂಡು,2000,ಧಾರವಾಡ,ರತ್ನಾ ಹಲಗತ್ತಿ,ರೇಣುಕಾ ಬರದೇಲಿ,ಮಾಸಿಕ,ಕನ್ನಡ,,
1865,ಕನ್ನಡ ದೇವಾಲಯ,2000,ಹುಬ್ಬಳ್ಳಿ/ಧಾರವಾಡ,ವಿ.ಜಿ.ಬೊಮ್ಮನಹಳ್ಳಿ,ವಿ.ಜಿ.ಬೊಮ್ಮನಹಳ್ಳಿ,ಮಾಸಿಕ,ಕನ್ನಡ,,
1866,ನವಚಿಂತನ,2000,ಧಾರವಾಡ,ರಾಮಕೃಷ್ಣ ವಿವೇಕಾನಂದ ಆಶ್ರಮ,,ತ್ರೈಮಾಸಿಕ,ಕನ್ನಡ,,
1867,ನೂತನ,2000,ಹುಬ್ಬಳ್ಳಿ/ಧಾರವಾಡ,ವಿಜಯ ಸಂಕೇಶ್ವರ,ಸಂತೋಷ್ ಕುಮಾರ್ ಗುಲ್ವಾಡಿ/ ವಿಜಯ ಸಂಕೇಶ್ವರ್/ ಎಸ್ ಎಂ ಕೃಷ್ಣ ರಾವ್,ಸಾಪ್ತಾಹಿಕ,ಕನ್ನಡ,"1951, Pub & Edi-H K Kidiyura",
1868,ಸಂಜೆ ಕನ್ನಡಿ,2000,ಧಾರವಾಡ,ಗಣಪತಿ ಎಸ್ ಗಂಗೊಳ್ಳಿ,ಗಣಪತಿ ಎಸ್ ಗಂಗೊಳ್ಳಿ,ದೈನಿಕ,ಕನ್ನಡ,,
1869,ಅನುಪಮ್,2000,ಮಂಗಳೂರು,ಎಂ.ಸದುಲ್ಲಾ,ಶಹನಾಜ್‌ನಲ್ಲಿ,ಮಾಸಿಕ,ಕನ್ನಡ,,
1870,ಭುವನವಾಹಿನಿ ಜಿನ ಮಿತ್ರ,2000,ವೇಣೂರು/ದಕ್ಷಿಣಕನ್ನಡ,ವಿಜಯ್ ಕುಮಾರ್ ಕಥೋಡಿ,ವಿಜಯ್ ಕುಮಾರ್ ಕಥೋಡಿ,ಮಾಸಿಕ,ಕನ್ನಡ,,
1871,ಜನ ಆನಂದೋಲನ,2000,ಮಂಗಳೂರು,ಸಿ.ಎನ್.ಶ್ರೀನಿವಾಸ ರಾವ್,ಸತೀಶ್ ಕಾಂತೂರು,ಸಾಪ್ತಾಹಿಕ,ಕನ್ನಡ,,
1872,ಮಂಧಾರಾ,2000,ಮಂಗಳೂರು,ಅಬ್ದುಲ್ ಅಜೀಜ್,ಅಬ್ದುಲ್ ಅಜೀಜ್,ಸಾಪ್ತಾಹಿಕ,ಕನ್ನಡ,,
1873,ಸನಾತನ ಪ್ರಭಾತ್,2000,ಮಂಗಳೂರು,ಪೃಥ್ವಿರಾಜ್ ಪುರುಷೋತ್ತಮ ಹಜಾರೆ,ಕೆ.ಉಮೇಶ್ ಶೆಣೈ,ಸಾಪ್ತಾಹಿಕ,ಕನ್ನಡ,,
1874,ವಿಶೇಷ ಸುದ್ದಿ,2000,ಮಂಗಳೂರು,ಭಾವ ಪದರಂಗಿ,ಭಾವ ಪದರಂಗಿ,ಪಾಕ್ಷಿಕ,ಕನ್ನಡ,,
1875,ಶ್ರೀ ವಿಶ್ವಕರ್ಮ ದಿನಸಿ,2000,ಗದಗ,,ಭಾಸ್ಕರಾಚಾರ್ಯ ಕೆ ಕೆ ದಲಾಸ್ಕರ್,ಪಾಕ್ಷಿಕ,ಕನ್ನಡ,,
1876,ಒಕ್ಕುಟ,2000,ಹಾಸನ,,ರಾಜಶೇಖರ್ ಬನವಾಸಿ / ರಾಜೇಶ್ ಡಿ ಜಿ,ಸಾಪ್ತಾಹಿಕ,ಕನ್ನಡ,,
1877,ವಾರ್ಷಿಕೋತ್ಸವ,2000,ಹಾವೇರಿ,ಪಿ ಕೆ ಪ್ರಕಾಶ್ ರಾವ್,ಪಿ ಕೆ ಪ್ರಕಾಶ್ ರಾವ್,ಮಾಸಿಕ,ಕನ್ನಡ,,
1878,ಮಳೆ,2000,ಕಲಬುರ್ಗಿ,,ಚಂದ್ರಶೇಖರ್ ಜಂಗಲ್,ಸಾಪ್ತಾಹಿಕ,ಕನ್ನಡ,,
1879,ಉಗುಳು ಮಾತು,2000,ಮಡಿಕೇರಿ/ವಿರಾಜಪೇಟೆ,ಮುಳಂಗಡ ಕುಡುಕ ಪೂವ,ಬಲ್ಲ ಚಂದ ಶಾರಿ ಚಂಗಪ್ಪ / ಮುಲ್ಲೇಂಗಡ. ಸಂಕರಿ ಪೊನಪ್ಪ,,ಕೊಡವ,,1980
1880,ನಾಗರಿಕ,2000,ಕೊಪ್ಪಳ,,ಅಜಿತ ಬದರಿನಾಥ ಸುಟ್ಟ ಬಲಿ,ದೈನಿಕ,ಕನ್ನಡ,,
1881,ಚಂದಸ್ವತಿ,2000,ಮೇಲುಕೋಟೆ,ಕೃಷ್ಣ ಗಣಪತಿ ಭಟ್ಟ,ಉಮಾ ಕಾಂತ ಭಟ,,ಸಂಸ್ಕೃತ,,
1882,ಚಂದಸ್ವತಿ,2000,ಮೇಲುಕೋಟೆ,ಸುರೇಂದ್ರ ಕೌಲಗಿ,ಸುರೇಂದ್ರ ಕೌಲಗಿ,ಮಾಸಿಕ,ಕನ್ನಡ,,1979
1883,ನಮಸ್ಕಾರ ಮೈಸೂರು,2000,ಮೈಸೂರು,ಟಿ ಗುರುರಾಜ್,ಟಿ ಗುರುರಾಜ್,ದೈನಿಕ,ಕನ್ನಡ,,
1884,ಕನ್ನಡಿಗರ ಪ್ರಜಾನುಡಿ,2000,ಮೈಸೂರು,ವಾಸು,ಕೃಷ್ಣ ವಟ್ಟಂ,ದೈನಿಕ,ಕನ್ನಡ,,
1885,ಪಾಪನಾಶಿನಿ,2000,ಮೈಸೂರು,ಪ್ರೇಮಾವತಿ ಕಾವೇರಿಯಪ್ಪ,ಪ್ರೇಮಾವತಿ ಕಾವೇರಿಯಪ್ಪ,ಮಾಸಿಕ/ ಸಾಪ್ತಾಹಿಕ,ಕನ್ನಡ,,
1886,ಶಬ್ದವೇದಿ,2000,ಮೈಸೂರು/ಹೆಚ್.ಡಿ.ಕೋಟೆ,ಎಚ್ ಎನ್ ಚಂದ್ರಶೇಖರ್,ಎಚ್ ಎನ್ ಚಂದ್ರಶೇಖರ್,ಪಾಕ್ಷಿಕ,ಕನ್ನಡ,,
1887,ಗ್ರಂಥಾಲಯದ ಮಾತುಕಥೆ,2000,ಸಾಗರ,ಗ್ರಾಮೀಣ ಸಮುದಾಯ ವಿಜ್ಞಾನ ಕೇಂದ್ರಕ್ಕೆ ಕೆ ವೆಂಕಟೇಶ್,ಕೆ ವಿ ಮಂಜುನಾಥ್,ಮಾಸಿಕ,ಕನ್ನಡ,,
1888,ಹುಡುಕಾಟ,2000,ಸಾಗರ,,ಹೆಚ್ ಬಿ ರಾಘವೇಂದ್ರ,ಮಾಸಿಕ,ಕನ್ನಡ,,
1889,ಜನವಿಜ್ಞಾನ  ,2000,ಸಾಗರ,ಗ್ರಾಮೀಣ ಸಮುದಾಯ ವಿಜ್ಞಾನ ಕೇಂದ್ರಕ್ಕೆ ಕೆ ವೆಂಕಟೇಶ್,ಕೆ ವೆಂಕಟೇಶ್,,ಕನ್ನಡ,,
1890,ಮೇಗಾಹೂತ,2000,ಸಾಗರ,ಬಿ ಪಿ ಮಂಜಪ್ಪ,ಲಕ್ಷ್ಮೀ ನಾರಾಯಣ ಪಿ ಎಂ,ಮಾಸಿಕ,ಕನ್ನಡ,,
1891,ನಮ್ಮ ನಾಡು,2000,ಶಿವಮೊಗ್ಗ,ಕೆ ವಿ ಶಿವಕುಮಾರ್,ಕೆ ವಿ ಶಿವಕುಮಾರ್,ದೈನಿಕ Evening,ಕನ್ನಡ,,
1892,ಒಳನೋಟ,2000,ಶಿವಮೊಗ್ಗ,ಡಿ ಮಂಜುನಾಥ,ಡಿ ಮಂಜುನಾಥ,ಸಾಪ್ತಾಹಿಕ,ಕನ್ನಡ,,
1893,ಪೂಜಾ ಪತ್ರ,2000,ಶಿವಮೊಗ್ಗ,ಸಾಗರ ಅರೆಕಾನೆಟ್ ಮಾರ್ಚ್ಡ್ ಅಸೋಸಿಯೇಷನ್,ಬಂದಗದ್ದೆ ರಾಮಕೃಷ್ಣ,ತ್ರೈಮಾಸಿಕ,ಕನ್ನಡ,,
1894,ಸಹ್ಯಾದ್ರಿ ಸರಣಿ,2000,ಸಾಗರ,ಎನ್ ಡಿ ವಸಂತ್ ಕುಮಾರ್,ಎನ್ ಡಿ ವಸಂತ್ ಕುಮಾರ್,ದೈನಿಕ,ಕನ್ನಡ,,
1895,ನಾಗೇಮುಗುಲು,2000,ತುಮಕೂರು,ಪೂರ್ಣಿಮಾ ರಾಮಣ್ಣ,ಪೂರ್ಣಿಮಾ ರಾಮಣ್ಣ,ಮಾಸಿಕ,ಕನ್ನಡ,,
1896,ಶಿನಾ,2000,ತುಮಕೂರು,ಬಿ ಚೆನ್ನಗೌರಿ,ಬಿ ಚೆನ್ನಗೌರಿ,ಮಾಸಿಕ,ಕನ್ನಡ,,
1897,ಸುಧಿ,2000,ತುಮಕೂರು,ಸಿ ಎಸ್ ಕೋದಂಡ ರಾಮಯ್ಯ,ಸಿ ಎಸ್ ಕೋದಂಡ ರಾಮಯ್ಯ,ಸಾಪ್ತಾಹಿಕ,ಕನ್ನಡ,,
1898,ಆಚಾರ ವಿಚಾರ,2000,ಉಡುಪಿ,ಭಾರತೀಶ ಬಲ್ಲಾಳ್ ಪೇಜಾವರ ಆಡೋಷಜ ಮಟ್ಟಕ್ಕೆ,ಹೆಚ್ ಕೆ ಸುರೇಶ್ ಆಚಾರ್ಯ,ಮಾಸಿಕ,ಕನ್ನಡ,,
1899,ತುಂತುರು,2000,ಉಡುಪಿ,ಮಣಿಪಾಲ್ ಪ್ರಿಂಟರ್ಸ್ ಮತ್ತು ಪಬ್ಲಿಷರ್ಸ್‌ಗಾಗಿ ಟಿ ಗೌತಮ್ ಪೈ,ಸಂಧ್ಯ ಎಸ್. ಪೈ,ಮಾಸಿಕ,ಕನ್ನಡ,,
1900,ನಮಸ್ಕಾರ ಮುಂಡಗೋಡ,2000,ಮುಂಡಗೋಡು,ರಾಜಶೇಖರ್.ಎನ್.ನಾಯ್ಕ್,ರಾಜಶೇಖರ್.ಎನ್.ನಾಯ್ಕ್,ಸಾಪ್ತಾಹಿಕ,ಕನ್ನಡ,,
1901,ಹಂಸ ಪ್ರಭಾ,2000,ವಿಜಯಪುರ,ಎಸ್ ಮುನಯ್ಯ,ಎಸ್ ಮುನಯ್ಯ,ಮಾಸಿಕ,ಕನ್ನಡ,,
1902,ವಿಜಯ್ ದರ್ಪಣ,2000,ವಿಜಯಪುರ,ಎಂ ರಾಜಣ್ಣ,ಎಂ ರಾಜಣ್ಣ,ಪಾಕ್ಷಿಕ,ಕನ್ನಡ,,
1903,ವೈಕುಂಠ ವಾರ್ತೆ,2000,ಮಂಡ್ಯ,ಶ್ರೀ ವೈಕಾಂತೇಶ್ವರ ಧ್ಯಾನ ಕೇಂದ್ರ,,,ಕನ್ನಡ,,
1904,ಕರ್ನಾಟಕ ಸಂದಿಕಾಲ,2001,ಬೀದರ್,ಡಿ.ಶಿವಲಿಂಗಪ್ಪ,ಡಿ.ಶಿವಲಿಂಗಪ್ಪ,ದೈನಿಕ,ಕನ್ನಡ,,
1905,ಕೋಟೆಯ ಕರ್ನಾಟಕ,2001,ಬಾಗಲಕೋಟೆ,ಪರಿಮಳಾ ಆರ್ ಮನಗೋಳಿ,ಪರಿಮಳಾ ಆರ್ ಮನಗೋಳಿ,ದೈನಿಕ,ಕನ್ನಡ,,
1906,ಶಶೀನ್,2001,ಇಳಕಲ್,,ಚಂದ್ರಶೇಖರ ಎಚ್.ಮಾಳಿ,ಸಾಪ್ತಾಹಿಕ,ಕನ್ನಡ/ ಇಂಗ್ಲೀಷ್,,
1907,ಸುದಿನ್,2001,ಬಾಗಲಕೋಟೆ,ಎಸ್.ಎಂ ಹೊದ್ಲೂರ,ಎಸ್.ಎಂ ಹೊದ್ಲೂರ,ದೈನಿಕ,ಕನ್ನಡ,,
1908,ಅಪರಾಧಿಗಳು,2001,ದೊಡ್ಡಬಳ್ಳಾಪುರ,ಆರ್ ಸೋಮಶೇಖರ್,ಆರ್ ಸೋಮಶೇಖರ್,ಮಾಸಿಕ,ಕನ್ನಡ,,
1909,ತಿಗಳ ವೈಭವ,2001,ವಿಜಯಪುರ/ದೇವನಹಳ್ಳಿ,,ಜೆ ಆರ್ ಮುನಿವೀರಣ್ಣ,ಮಾಸಿಕ,ಕನ್ನಡ,,
1910,ವಿಜಯ ಖಡ್ಗ,2001,ದೇವನಹಳ್ಳಿ,ಎಂ ಆರ್ ನಾಗರಾಜ್,ಎಂ ಆರ್ ನಾಗರಾಜ್,ಮಾಸಿಕ,ಕನ್ನಡ,,
1911,ಭಾರತದ ಧ್ವನಿ,2001,ಅನೇಕಲ್,ಜಗನಾಥರೆಡ್ಡಿ ಎಸ್. ಸಿ,ಜಗನಾಥರೆಡ್ಡಿ ಎಸ್. ಸಿ,ಮಾಸಿಕ,ಕನ್ನಡ,,1989
1912,ಸರಳಾ ಮಾತು,2001,ಬೆಳಗಾವಿ,ಅನಂತ್ ಗೊನ್ಬಾಲ್,ಪುಂಡಲೀಕ ಪಾಟೀಲ,ಸಾಪ್ತಾಹಿಕ,ಕನ್ನಡ,,
1913,ವಜ್ರ ಪ್ರತಾಪ,2001,ಬೆಳಗಾವಿ,ವಿ ಎಂ ಪಾಟೀಲ,ವಿ ಎಂ ಪಾಟೀಲ,ಸಾಪ್ತಾಹಿಕ,ಕನ್ನಡ,,
1914,ಅಭಿವೃದ್ಧಿ ಅಧ್ಯಾಯನ,2001,ಹಂಪಿ,"ಪ್ರಸಾರಾಂಗ, ಕರ್ನಾಟಕ ವಿಶ್ವವಿದ್ಯಾಲಯ",,,ಕನ್ನಡ,,
1915,ದ್ರಾವಿಡ ಅಧ್ಯಾಯನ,2001,ಹಂಪಿ,"ಪ್ರಸಾರಾಂಗ, ಕನ್ನಡ ಮತ್ತು ವಿಶ್ವವಿದ್ಯಾ ನಿಲಯ",ಮಲ್ಲೇಪುರಂ ಜಿ ವೆಂಕಟೇಶ್,ಮಾಸಿಕ,ಕನ್ನಡ,,
1916,ವಜ್ರ ಪ್ರತಾಪ,2001,ಬಳ್ಳಾರಿ,ವೀರಕುಮಾರ ಎಂ ಪಾಟೀಲ್,ವೀರಕುಮಾರ ಎಂ ಪಾಟೀಲ್,ಸಾಪ್ತಾಹಿಕ,ಕನ್ನಡ,,
1917,ಅಗ್ನಿ ಸ್ಪರ್ಷ,2001,ಬೆಂಗಳೂರು,ಎಂ.ವಜ್ರಮೂರ್ತಿ,ಎಂ.ವಜ್ರಮೂರ್ತಿ,ಪಾಕ್ಷಿಕ,ಕನ್ನಡ,,
1918,ಆಪ್ತ ಸಂವಾದ,2001,ಬೆಂಗಳೂರು,ಚಂದ್ರಶೇಖರ ಭಂಡಾರಾಯ,ಚಂದ್ರಶೇಖರ ಭಂಡಾರಾಯ,ಸಾಪ್ತಾಹಿಕ,ಕನ್ನಡ,,
1919,ಆಯುರ್ವೇವ್,2001,ಬೆಂಗಳೂರು,ಡಾ. ಗಿರಿಧರ ಕಜೆ,ಡಾ. ಗಿರಿಧರ ಕಜೆ,ಮಾಸಿಕ,ಇಂಗ್ಲೀಷ್,,
1920,ಬನಶಂಕರಿ ವಾರ್ತೆ,2001,ಬೆಂಗಳೂರು,ಎಚ್ ಸಿ ಕುಶಾಲಾ,ಎಚ್ ಸಿ ಕುಶಾಲಾ,ಮಾಸಿಕ,ಕನ್ನಡ,,
1921,ಚರ್ಚೆಗೊಂದು ಚಾವಡಿ,2001,ಬೆಂಗಳೂರು,ಬಿ ಎಸ್ ವೆಂಕಟಲಕ್ಷ್ಮಿ,ಬಿ ಎಸ್ ವೆಂಕಟಲಕ್ಷ್ಮಿ,,ಕನ್ನಡ,,
1922,ಚಿಕ್ಕಮಂಗಳೂರ್ ವಾಣಿ,2001,ಬೆಂಗಳೂರು,,ಶೃಂಗೇರಿ ಗಣೇಶ್ ರಾಜ್,ಮಾಸಿಕ,ಕನ್ನಡ,,
1923,ಧರ್ಮ ಭಾರತಿ,2001,ಬೆಂಗಳೂರು,"ಶ್ರೀ ಭಾರತಿ
 ಪ್ರಕಟಣೆ / ತಿಮ್ಮಪ್ಪಯ್ಯ ಮಾಡಿಯಾಳ",ಜಗದೀಶ್ ಶರ್ಮಾ,ಮಾಸಿಕ,ಕನ್ನಡ,,
1924,ಎನು ಸುದ್ದಿ,2001,ಬೆಂಗಳೂರು,ಎಸ್ ಬಿ ವನಿತಾ,ಎನ್ ನಾರಾಯಣಗೌಡ,ಮಾಸಿಕ,ಕನ್ನಡ,,
1925,ಅಬಕಾರಿ ಲೋಕ,2001,ಬೆಂಗಳೂರು,ವೇಣುಗೋಪಾಲ ಕೆ ನಾಯಕ್,ವೇಣುಗೋಪಾಲ ಕೆ ನಾಯಕ್,ಮಾಸಿಕ,ಕನ್ನಡ,,
1926,ಗಡಿ ಭಾಗ,2001,ಬೆಂಗಳೂರು,ಎಂ ಲಕ್ಷ್ಮಣ್,,ಮಾಸಿಕ,ಕನ್ನಡ,,
1927,ಗಂಗಾ ಯಮುನಾ ಸರಸ್ವತಿ,2001,ಬೆಂಗಳೂರು,ಎ.ಸುಶೀಲ,ಎ.ಸುಶೀಲ,ಮಾಸಿಕ,ಕನ್ನಡ,,
1928,ಗ್ರಾಮ ಸಮಾಚಾರ,2001,ಬೆಂಗಳೂರು,,,ಪಾಕ್ಷಿಕ,ಕನ್ನಡ,,
1929,ಗ್ರಾಮಾಂತರ ಶಕ್ತಿ,2001,ಬೆಂಗಳೂರು,ಶ್ರೀರಾಮ ಪ್ರಕಾಶನ,ಬಿಜ್ಜಾವರ ಸುಬ್ರಹ್ಮಣ್ಯ,ಮಾಸಿಕ,ಕನ್ನಡ,,
1930,ಹಾಯ್ ದೆಲ್ಲಿ,2001,ಬೆಂಗಳೂರು,ಸದಾನಂದ ಬಿ ಬಾಮ್ನೆ,ಸದಾನಂದ ಬಿ ಬಾಮ್ನೆ,ಪಾಕ್ಷಿಕ,ಕನ್ನಡ,,
1931,ಹಿರಿಯ ಪ್ರಜೆಗಳು,2001,ಬೆಂಗಳೂರು,ವೈ ಎನ್ ರಾಮನಾಥ್,ವೈ ಎನ್ ರಾಮನಾಥ್,ಮಾಸಿಕ,ಕನ್ನಡ,,
1932,ಹೊಂಬಾಳೆ,2001,ಬೆಂಗಳೂರು,ಎಚ್ ಪಾಲ್ಗುಣ,ಎಚ್ ಪಾಲ್ಗುಣ,ಮಾಸಿಕ,ಕನ್ನಡ,,
1933,ಹೊಯ್ಸಳ,2001,ಬೆಂಗಳೂರು,ಜಿ ವಿ ರಾಮರಾವ್,ಜಿ ವಿ ರಾಮರಾವ್,,ಕನ್ನಡ,,
1934,ಜನ ಸ್ಪರ್ಶ,2001,ಬೆಂಗಳೂರು,,ಆರ್.ನಂಜೇಗೌಡ,ಮಾಸಿಕ,ಕನ್ನಡ,,
1935,ಕನ್ನಡ ತಿಲಕ ನಿಜವಿಶ್ವಕರ್ಮ,2001,ಬೆಂಗಳೂರು,,,,ಕನ್ನಡ,,
1936,ಕರ್ನಾಟಕ ನಾಡು,2001,ಬೆಂಗಳೂರು,ಟಿ ಸಿ ಹೇಮಂತ್ ಕುಮಾರ್,ಟಿ ಸಿ ಹೇಮಂತ್ ಕುಮಾರ್,ಮಾಸಿಕ,ಕನ್ನಡ,,
1937,ಕರ್ನಾಟಕ ರಾಜಕೀಯ,2001,ಬೆಂಗಳೂರು,ಬಿ ಆರ್ ಜಯಪ್ರಕಾಶ್,ಬಿ ಆರ್ ಜಯಪ್ರಕಾಶ್,ಪಾಕ್ಷಿಕ,ಕನ್ನಡ,,
1938,ಕೃಷ್ಣರಾಜಪುರ ಪತ್ರಿಕೆ,2001,ಬೆಂಗಳೂರು,ಹೆಚ್ ಸಿ ನಾರಾಯಣಸ್ವಾಮಿ,ಹೆಚ್ ಸಿ ನಾರಾಯಣಸ್ವಾಮಿ,,,,
1939,ಮಹಾಮನೆ,2001,ಬೆಂಗಳೂರು,ಅಕಿಲ ಭಾರತ ಶರಣ ಸಾಯಿತ್ಯ ಪರಿಷತ್ತು,ಎಂ ಜಿ ನಾಗರಾಜ್,ಮಾಸಿಕ,ಕನ್ನಡ,,
1940,ಮಲ್ಲಾರ,2001,ಬೆಂಗಳೂರು,ಜಯರಾಮ್ ಎಂ ಆರ್,ಜಯರಾಮ್ ಎಂ ಆರ್,,ಕನ್ನಡ,,
1941,ಮಂದಾರ ಮಲ್ಲಿಗೆ,2001,ಬೆಂಗಳೂರು,ವತ್ಸಲಾ ಮೋಹನ್,ವತ್ಸಲಾ ಮೋಹನ್,ಮಾಸಿಕ,ಕನ್ನಡ,,
1942,ಮುಕ್ತಿವಾಣಿ,2001,ಬೆಂಗಳೂರು,ಫಾ.ಜಾಕೋಬ್ ಪಿ ಜೆ,ಫಾ.ಜಾಕೋಬ್ ಪಿ ಜೆ,ಪಾಕ್ಷಿಕ,ಕನ್ನಡ,,
1943,ನಗರ ನಾಡಿ,2001,ಬೆಂಗಳೂರು,ಎನ್ ನಾರಾಯಣ ಗೌಡ,ಎನ್ ನಾರಾಯಣ ಗೌಡ,ಮಾಸಿಕ,ಕನ್ನಡ,,
1944,ನಮ್ಮ ದೇಶ,2001,ಬೆಂಗಳೂರು,ಶೇಷರಾಘವಾಚಾರ್,ಶೇಷರಾಘವಾಚಾರ್,,ಕನ್ನಡ,,
1945,ನಮ್ಮೂರ ಸುದ್ದಿ,2001,ಬೆಂಗಳೂರು,ಎ.ಎಂ. ಗೋವಿಂದಯ್ಯ,ಎ.ಎಂ. ಗೋವಿಂದಯ್ಯ,ಮಾಸಿಕ,ಕನ್ನಡ,,
1946,ನಿಮ್ಮ ಅನಂತ್ ಕುಮಾರ್,2001,ಬೆಂಗಳೂರು,,,,ಕನ್ನಡ,,
1947,ಒಂಟಿ ಚಿರತೆ,2001,ಬೆಂಗಳೂರು,ಡಿ.ಮಹದೇವ್,ಡಿ.ಮಹದೇವ್,ಸಾಪ್ತಾಹಿಕ,ಕನ್ನಡ,,
1948,ಪ್ರಜಾ ಜಗತು,2001,ಬೆಂಗಳೂರು,ರಾಜೇಂದ್ರ,ರಾಜೇಂದ್ರ,ಸಾಪ್ತಾಹಿಕ,ಕನ್ನಡ,,
1949,ರಜನ್ ಸೂರ್ಯ,2001,ಬೆಂಗಳೂರು,ಎ.ಬಾಲಚಂದ್ರ,ಎ.ಬಾಲಚಂದ್ರ,ಮಾಸಿಕ,ಕನ್ನಡ,,
1950,ರಜನ್ ಸೂರ್ಯ,2001,ಬೆಂಗಳೂರು,ಎ.ಬಾಲಚಂದ್ರ,ಎ.ಬಾಲಚಂದ್ರ,ಮಾಸಿಕ,ಕನ್ನಡ,,
1951,ರತ್ನ ರಾಗ ಕನ್ನಡ,2001,ಬೆಂಗಳೂರು,ಟಿ.ಗೋಪಾಲ ಪೂಜಾರಿ,ಟಿ.ಗೋಪಾಲ ಪೂಜಾರಿ,,ಕನ್ನಡ,,
1952,ಸದಾವಾಣಿ,2001,ಬೆಂಗಳೂರು,ಎನ್ ತಿಮ್ಮಪ್ಪ,ಎನ್ ತಿಮ್ಮಪ್ಪ,ಮಾಸಿಕ,ಕನ್ನಡ/ ಇಂಗ್ಲೀಷ್,,
1953,ಸಾಧನ ಸೌರಭ,2001,ಬೆಂಗಳೂರು,,,ತ್ರೈಮಾಸಿಕ,ಕನ್ನಡ,,
1954,ಸಹ ಪಯಣ,2001,ಬೆಂಗಳೂರು,ಸತೀಶ್ ಆರ್.ಇನಾಮದಾರ,ಸತೀಶ್ ಆರ್.ಇನಾಮದಾರ,ತ್ರೈಮಾಸಿಕ,ಕನ್ನಡ,,
1955,ಸಹಕಾರ ಸುದ್ದಿ,2001,ಬೆಂಗಳೂರು,ಎನ್ ಎಚ್ ವಾದ್ವಿ,ಹೇಳ್ಗೆರೆ ಶಂಕರ,ಪಾಕ್ಷಿಕ,ಕನ್ನಡ,,
1956,ಸಂಚಾರ ಗೀತೆ,2001,ಬೆಂಗಳೂರು,ಬಿ ಸತೀಶ್ ಬಾಬು,ಬಿ ಸತೀಶ್ ಬಾಬು,ಮಾಸಿಕ,ಕನ್ನಡ,,
1957,ಶಾಸಕರ ಲೋಕ,2001,ಬೆಂಗಳೂರು,ಬಿ ಬಸವರಾಜ,ಬಿ ಬಸವರಾಜ,,ಕನ್ನಡ,,
1958,ಶಿಕ್ಷಣ ವಾರ್ತೆ,2001,ಬೆಂಗಳೂರು,ಸಾರ್ವಜನಿಕ ಶಿಕ್ಷಣ ಆಯುಕ್ತರು ಮತ್ತು ರಾಜ್ಯ ಯೋಜನಾ ನಿರ್ದೇಶಕರು,,ಮಾಸಿಕ,ಕನ್ನಡ,,
1959,ಸ್ಲಂ ಜಗತ್ತು,2001,ಬೆಂಗಳೂರು,,,,ಕನ್ನಡ,,
1960,ಸುಗಂಧ ಸಂದೇಶ,2001,ಬೆಂಗಳೂರು,,ಹರಿಕೃಷ್ಣ,ಪಾಕ್ಷಿಕ,ಕನ್ನಡ,,
1961,ಎನು ಸಮಾಚಾರ,2001,ಬೆಂಗಳೂರು,,ಎನ್ ನಾರಾಯಣಗೌಡ,ಮಾಸಿಕ,ಕನ್ನಡ,,
1962,ಯುವ ಚಳುವಳಿ,2001,ಬೆಂಗಳೂರು,ಎಸ್ ಕುಮಾರ್/ ಎ ರಾಮಾಂಜುನಪ್ಪ,ಎಸ್ ಕುಮಾರ್/ ಎ ರಾಮಾಂಜುನಪ್ಪ,,ಕನ್ನಡ,,
1963,ಸೂಜಿಗಲ್ಲು,2001,ಕೊಳ್ಳೆಗಾಲ,ಜಾನ್ ಪೀಟರ್,ಜಾನ್ ಪೀಟರ್,ಸಾಪ್ತಾಹಿಕ,ಕನ್ನಡ,,
1964,ದರ್ಪಣ,2001,ಮೂಡಿಗೆರೆ/ಚಿಕ್ಕಮಗಳೂರು,ಪ್ರಸನ್ನ ಗೌಡಹಳ್ಳಿ,ಪ್ರಸನ್ನ ಗೌಡಹಳ್ಳಿ,ಪಾಕ್ಷಿಕ,ಕನ್ನಡ,,
1965,ಹಾಯ್ ದೆಹಲಿ ,2001,ಹುಬ್ಬಳ್ಳಿ/ಧಾರವಾಡ,ಸದಾನಂದ ಬಿ,ಸದಾನಂದ ಬಿ,ಪಾಕ್ಷಿಕ,ಕನ್ನಡ,,
1966,ಮುಕ್ತಿವಾಣಿ,2001,ಕಲಘಟಗಿ,,ಜಾಕೋಬ್ ಪಿ ಜೆ,ಪಾಕ್ಷಿಕ,ಕನ್ನಡ/ ಇಂಗ್ಲೀಷ್,,
1967,ನಮ್ಮ ಚೈತನ್ಯ,2001,ಹುಬ್ಬಳ್ಳಿ,ದತ್ತ ವಧೂತ,ದತ್ತ ವಧೂತ,ತ್ರೈಮಾಸಿಕ,ಕನ್ನಡ,,
1968,ನವ ಹೆಜ್ಜೆ,2001,ಹುಬ್ಬಳ್ಳಿ/ಧಾರವಾಡ,ಪಾರ್ವತಿ ಎನ್ ಶೇರುಗಾರ್,ರಂಗನಾಥ ಗಂಗೊಳ್ಳಿ,ಮಾಸಿಕ,ಕನ್ನಡ,,
1969,ಪ್ರಜಾ ಘರ್ಜನೆ,2001,ಹುಬ್ಬಳ್ಳಿ,,ಬಸವರಾಜ ಎಸ್ ಚಿಕ್ಕಮಠ,ಮಾಸಿಕ,ಕನ್ನಡ,,
1970,ಶಿಕ್ಷಣ ಪ್ರಭೆ,2001,ಧಾರವಾಡ,ಜೆ ಬಿ ಎನ್ ಪ್ರಕಟಣೆ,ಎನ್ ವಿ ಕೊಂಗವಾಡ,ಮಾಸಿಕ,ಕನ್ನಡ,,
1971,ವಿಜಯ ಸಂದೇಶ,2001,ಧಾರವಾಡ,ಚಂದ್ರಕಾಂತ ಬಿ ಅಂಗಡಿ,ಸುಮಂಗಲಾ ಸಿ ಅಂಗಡಿ/ ಚಂದ್ರಕಾಂತ ವಿ ಅಂಗಡಿ,ಸಾಪ್ತಾಹಿಕ,ಕನ್ನಡ,,
1972,ಚಿಗುರು,2001,ದಕ್ಷಿಣಕನ್ನಡ,,,Yearly,ಕನ್ನಡ,,
1973,ಎನ್ಕ್ಲೇನ್ ಚಾವಡಿ,2001,ದಕ್ಷಿಣಕನ್ನಡ,ಯು ಆರ್ ಪಿ ರಾವ್,,,ಕನ್ನಡ,,
1974,ಗಂಗಾ ಯಮುನಾ ಸರಸ್ವತಿ,2001,ಮಂಗಳೂರು,ಎ ಸುಶೀಲಾ,ಎ ಸುಶೀಲಾ,ಮಾಸಿಕ,ಕನ್ನಡ,,
1975,ನಮಸ್ಕಾರ ಮಂಗಳೂರು,2001,ಮಂಗಳೂರು,ರೋಹಿತ್ ರಾಜ್,ರೋಹಿತ್ ರಾಜ್,ಪಾಕ್ಷಿಕ,ಕನ್ನಡ,,
1976,ಐ ವಿಶೇಷ ಸುದ್ದಿ,2001,ಮಂಗಳೂರು,ಎಂ.ಎ.ಬಾವ ಪದರಂಗಿ,ಎಂ.ಎ.ಬಾವ ಪದರಂಗಿ,ಪಾಕ್ಷಿಕ,ಕನ್ನಡ,,
1977,ಕಾನೂನು ಜಾರಿ,2001,ಮಂಗಳೂರು,ಹರೀಶ್ ಆಳ್ವ,ಹರೀಶ್ ಆಳ್ವ,ಮಾಸಿಕ,ಕನ್ನಡ,,
1978,ಕೊಲ್ಯ ದರ್ಶನ,2001,ಮಂಗಳೂರು,,,ದ್ವೈಮಾಸಿಕ,ಕನ್ನಡ,,
1979,ಪ್ರಜಾ ಕ್ಷೇಮ,2001,ದಕ್ಷಿಣಕನ್ನಡ,ಪ್ರೇಮತನಯ್ ಶ್ರೀನಿವಾಸ್,ಪ್ರೇಮತನಯ್ ಶ್ರೀನಿವಾಸ್,ಪಾಕ್ಷಿಕ,ಕನ್ನಡ,,
1980,ಪುತ್ತೂರು ಅಡ್-ಮ್ಯಾಗ್,2001,ದಕ್ಷಿಣಕನ್ನಡ,,,ಮಾಸಿಕ,ಕನ್ನಡ,,
1981,ಪುತ್ತೂರು ಟಾಲಿಕ್ ನ್ಯೂಸ್,2001,ಪುತ್ತೂರು/ದಕ್ಷಿಣಕನ್ನಡ,ಪುತ್ತೂರು ಟೌನ್ ಅಧಿಕೃತ ಭಾಷಾ ಅನುಷ್ಠಾನ ಸಮಿತಿ,,,ಕನ್ನಡ,,
1982,ಶಿಕ್ಷಕ ಸಂಗತಿ,2001,ಮಂಗಳೂರು,ಎಂ.ವಾಸುದೇವ ರಾವ್,ಎಂ.ವಾಸುದೇವ ರಾವ್,ಮಾಸಿಕ,ಕನ್ನಡ,,
1983,ಶಿಕ್ಷಣ ಮಾತುಕಥೆ,2001,ಮಂಗಳೂರು,ರೆನೀ ಪೀಟರ್ ಡಿಸೋಜಾ,ಗೋಪಾಲ ಪೆರಾಜೆ,ದ್ವೈಮಾಸಿಕ,ಕನ್ನಡ,,
1984,ಮಿನುಗುವ ಚಿಕ್ಕಿ,2001,ಹಾಸನ,,ಆರ್ ರಾಜೇಂದ್ರ,ದೈನಿಕ,ಕನ್ನಡ,,
1985,ಬಸವ ಮಾರ್ಗ,2001,ಕಲಬುರ್ಗಿ,ಬಸವಮಾರ್ಗ ಪಬ್ಲಿಕೇಷನ್ಸ್,ಲಿಂಗಣ್ಣ ಸತ್ಯಂಪೇಟೆ,ಮಾಸಿಕ,ಕನ್ನಡ,,
1986,ಕರ್ನಾಟಕ ಸಂಧ್ಯಕಾಲ,2001,ಕಲಬುರ್ಗಿ,ಡಿ ಶಿವಲಿಂಗಪ್ಪ,ಡಿ ಶಿವಲಿಂಗಪ್ಪ,ದೈನಿಕ,ಕನ್ನಡ,,
1987,ಕನ್ನಡತಿಲಕ ನಿಜವಿಶ್ವಕರ್ಮ,2001,ಕೋಲಾರ,ವಿಷ್ಣು ಪ್ರಕಾಶನಕ್ಕಾಗಿ ಕಲಾವಿದ ವಿಷ್ಣು,ಕಲಾವಿದ ವಿಷ್ಣು,ದೈನಿಕ,ಕನ್ನಡ,,
1988,ಕೊಪನ ಕಿರಣ,2001,ಕೊಪ್ಪಳ,ವಿಟ್ಟಪ್ಪ ಗೋರಂಟ್ಲಿ,ವಿಟ್ಟಪ್ಪ ಗೋರಂಟ್ಲಿ,ಸಾಪ್ತಾಹಿಕ,ಕನ್ನಡ,,
1989,ಕಾನೂನು ಮಾರ್ಗದರ್ಶಿ,2001,ಮೈಸೂರು,ಎಚ್ ಎನ್ ವೆಂಕಟೇಶ್,ಎಚ್ ಎನ್ ವೆಂಕಟೇಶ್,,ಕನ್ನಡ,,
1990,ಮುಕ್ತ ವಾಹಿನಿ,2001,ಮೈಸೂರು,"KSOU, ಮೈಸೂರು",,ತ್ರೈಮಾಸಿಕ,ಕನ್ನಡ,,
1991,ಮೈಸೂರು ಸಾಧ್ವಿ,2001,ಮೈಸೂರು,ಗೋವಿಂದರಾಜು ಆರ್,ಗೋವಿಂದರಾಜು ಆರ್,ಮಾಸಿಕ,ಕನ್ನಡ,,
1992,ಕರ್ನಾಟಕ ಸಂಧ್ಯಕಾಲ,2001,ರಾಯಚೂರು,ಡಿ.ಶಿವಲಿಂಗಪ್ಪ,ಡಿ.ಶಿವಲಿಂಗಪ್ಪ,ದೈನಿಕ,ಕನ್ನಡ,,
1993,ಕೃಷ್ಣ ತುಂಗೆ,2001,ರಾಯಚೂರು,ತ್ರಿವಿಕ್ರಮ್ ಜೋಶಿ,ತ್ರಿವಿಕ್ರಮ್ ಜೋಶಿ,,ಕನ್ನಡ,,
1994,ಜ್ಞಾನಮಿತ್ರ,2001,ರಾಮನಗರ,ಉಷಾ ನಾರಾಯಣಸ್ವಾಮಿ,ಉಷಾ ನಾರಾಯಣಸ್ವಾಮಿ,ಸಾಪ್ತಾಹಿಕ,ಕನ್ನಡ,,
1995,ಧರ್ಮ ಭಾರತಿ,2001,ಶಿವಮೊಗ್ಗ,ತಿಮ್ಮಪ್ಪೈಃ ಮಡಿಯಾಳ್,ವಿದ್ವಾನ್ ಜಗದೀಶ್ ಶರ್ಮಾ,ಮಾಸಿಕ,ಕನ್ನಡ,,
1996,ಈ-ಪತ್ರಿಕೆ,2001,ಶಿವಮೊಗ್ಗ,ಕೆ ಜೆ ನಾಗೇಶ್ ನಾಯ್ಕ್,ಕೆ ಜೆ ನಾಗೇಶ್ ನಾಯ್ಕ್,ದೈನಿಕ,ಕನ್ನಡ,,
1997,ಪರಿಶಕೃತ,2001,ಸಾಗರ,ಕೆ ಎಸ್ ಅಣ್ಣಪ್ಪ ಬೆಳಗುಂದಿ,ಕೆ ಎಸ್ ಅಣ್ಣಪ್ಪ ,ಸಾಪ್ತಾಹಿಕ,ಕನ್ನಡ,,
1998,ತುಂಗ ಎಕ್ಸ್ ಪ್ರೆಸ್,2001,‌ಭದ್ರಾವತಿ,,ಎಸ್ ಜೆ ಪಾಷಾ,ಸಾಪ್ತಾಹಿಕ,ಕನ್ನಡ,,
1999,ನಮ್ಮೂರ ಸುದ್ದಿ,2001,ತುಮಕೂರು,ಎ ಎಂ ಗೋವಿಂದಯ್ಯ,ಎ ಎಂ ಗೋವಿಂದಯ್ಯ,ಮಾಸಿಕ,ಕನ್ನಡ,"1928/29/30, Pub & Editor - Ganjam Thimmannayya",
2000,ಚಿಗುರು ಚಿಂಗಾರಿ,2001,ಕುಂದಾಪುರ/ಉಡುಪಿ,ಕೇಶವ ಸಸಿಹಿತ್ಲು,ಕೇಶವ ಸಸಿಹಿತ್ಲು,ಮಾಸಿಕ,ಕನ್ನಡ,,
2001,ಉಡುಪಿ ಮಿತ್ರ,2001,ಉಡುಪಿ,ಪ್ರಭಾಕರ್ ಆಚಾರ್ಯ ,ಪ್ರಭಾಕರ್ ಆಚಾರ್ಯ,ಪಾಕ್ಷಿಕ,ಕನ್ನಡ,,
2002,ಹೊಸ ದೃಷ್ಟಿ ,2001,ಹೊನ್ನಾವರ,ಗಂಗಾಧರ್ ಶಾಸ್ತ್ರಿ ,ವೆಂಕಟೇಶ್ ಭಟ್,,ಕನ್ನಡ,,
2003,ರಂಗ ದರ್ಶನ,2001,ಉತ್ತರಕನ್ನಡ,,,ಮಾಸಿಕ,ಕನ್ನಡ,,
2004,ಯುವರಂಗ,2002,ಬೀದರ್,ಶಶಿಕುಮಾರ್ ಪಾಟೀಲ್,ಶಶಿಕುಮಾರ್ ಪಾಟೀಲ್,ದೈನಿಕ,ಕನ್ನಡ,,
2005,ಅಗ್ನಿ ಗಾನ,2002,ಹೂವಿನಹಡಗಲಿ,ಎಸ್. ನಾಗರಾಜ್,ಎಸ್. ನಾಗರಾಜ್,ಪಾಕ್ಷಿಕ,ಕನ್ನಡ,,
2006,ಸ್ಟೇಟ್ ಎಕ್ಸ್ ಪ್ರೆಸ್,2002,ಬಾಗಲಕೋಟೆ,ಎಸ್. ಹೆಚ್. ಮುದಕವಿ,ಎಸ್. ಹೆಚ್. ಮುದಕವಿ,ದೈನಿಕ,ಕನ್ನಡ,,
2007,ಗಡಿ ಕನ್ನಡಿಗ,2002,ಬೆಳಗಾವಿ,ಮುರುಗೇಶ್ ಬಿ ಶಿವಪುಜಿ,ಮುರುಗೇಶ್ ಬಿ ಶಿವಪುಜಿ,ದೈನಿಕ,ಕನ್ನಡ,,
2008,ಜಿನ ದರ್ಶನ,2002,ಬೆಳಗಾವಿ,ಬಾಬು ರಾವ್ ತುನಜಗೌಡ,ಬಾಬು ರಾವ್ ತುನಜಗೌಡ,ಪಾಕ್ಷಿಕ,ಕನ್ನಡ,,
2009,ಅಗ್ನಿ ಗಾನ,2002,ಹೂವಿನಹಡಗಲಿ,ಎಸ್. ನಿಂಗರಾಜ್,ಎಸ್. ನಿಂಗರಾಜ್,ಪಾಕ್ಷಿಕ,ಕನ್ನಡ,,
2010,ಜಾನಪದ ಕರ್ನಾಟಕ,2002,ಹಂಪಿ,"ಪ್ರಸಾರಾಂಗ, ಕನ್ನಡ ವಿಶ್ವ ವಿದ್ಯಾಲಯ",,ಮಾಸಿಕ,ಕನ್ನಡ,,
2011,ಆಕ್ರಮಣ,2002,ಬೆಂಗಳೂರು,ಗೋವಿಂದಯ್ಯ,ಗೋವಿಂದಯ್ಯ,ಪಾಕ್ಷಿಕ,ಕನ್ನಡ,,
2012,ಅತಿಥಿದೇವೋಭವ,2002,ಬೆಂಗಳೂರು,ಬಿ.ಚಂದ್ರಶೇಖರ್ ಹೆಬ್ಬಾರ್,ಬಿ.ಚಂದ್ರಶೇಖರ್ ಹೆಬ್ಬಾರ್,ಮಾಸಿಕ,ಕನ್ನಡ,,
2013,ಬೆಂಗಳೂರ್ ತುತ್ತೂರಿ,2002,ಬೆಂಗಳೂರು,ಎಂ. ಎಸ್. ನಟರಾಜನ್,ಎಂ. ಎಸ್. ನಟರಾಜನ್,ಮಾಸಿಕ,ಕನ್ನಡ,,
2014,ಬೆಳಕು,2002,ಬೆಂಗಳೂರು,ಮೋಹನ್ ಧವಾಸ್ಕರ್  ,ಮೋಹನ್ ಧವಾಸ್ಕರ್  ,ಮಾಸಿಕ,ಕನ್ನಡ,,
2015,ಭಗೀರಥ ಸಂಕಲ್ಪ,2002,ಬೆಂಗಳೂರು,ಮಹಿಳಾ ಸಾಹಿತ್ಯಿಕ ಪ್ರಕಾಶನ,ಹೆಚ್.ಸಿ. ನಿರವರಿ / ಎನ್. ಭಾರತಿ,,ಕನ್ನಡ,,
2016,ಭ್ರಷ್ಟಾಚಾರ ಸುದ್ದಿ ಸಮಾಚಾರ,2002,ಬೆಂಗಳೂರು,ರಾಜು ವೆಂಕಟೇಶ್,ರಾಜು ವೆಂಕಟೇಶ್,ಪಾಕ್ಷಿಕ,ಕನ್ನಡ,,
2017,ಗೀತ ವೈಭವ,2002,ಬೆಂಗಳೂರು,,,,ಕನ್ನಡ,,
2018,ಹಿಂದುವಾಣಿ,2002,ಬೆಂಗಳೂರು,ರಮೇಶ್ ಎಂ ಪಾಂಡೆ,ಟಿ. ಎ. ಪಿ. ಶೆಣೈ,ಮಾಸಿಕ,ಕನ್ನಡ,,
2019,ಹೊಯ್ಸಳ ಹುಲಿ,2002,ಬೆಂಗಳೂರು,ಎಸ್. ಸಿದ್ದರಾಜು,ಎಸ್. ಸಿದ್ದರಾಜು,ಮಾಸಿಕ,ಕನ್ನಡ,,
2020,ಕಚಗುಳಿ,2002,ಬೆಂಗಳೂರು,ಆರ್. ಬಾಲಕೃಷ್ಣ,ಆರ್. ಬಾಲಕೃಷ್ಣ,ಮಾಸಿಕ,ಕನ್ನಡ,,
2021,ಕಡಲ ಧಾರೆ ,2002,ಬೆಂಗಳೂರು,ಕೆ. ಸುರೇಂದ್ರ ರಾವ್,ಕೆ. ಸುರೇಂದ್ರ ರಾವ್,ಮಾಸಿಕ,ಕನ್ನಡ,,
2022,ಕರ್ನಾಟಕ ಧೂತ,2002,ಬೆಂಗಳೂರು,ಡಿ. ಶಿವಕುಮಾರ್,ಡಿ. ಶಿವಕುಮಾರ್,ಪಾಕ್ಷಿಕ,ಕನ್ನಡ,,
2023,ಕರ್ನಾಟಕ ರತ್ನ,2002,ಬೆಂಗಳೂರು,ಆರ್. ರಂಗರಾಜ್ ,ಆರ್. ರಂಗರಾಜ್ ,ಮಾಸಿಕ,ಕನ್ನಡ,,
2024,ಕರ್ನಾಟಕ ವೈಭವ,2002,ಬೆಂಗಳೂರು,ಎ. ವಿ. ಬೋರ ಶೆಟ್ಟಿ ,ಎ. ವಿ. ಬೋರ ಶೆಟ್ಟಿ ,,ಕನ್ನಡ,,
2025,ಕರುನಾಡ ಸಂಜೆ,2002,ಬೆಂಗಳೂರು,,ಜಂಗೆರೆ ವೆಂಕಟರಾಮಯ್ಯ,ದೈನಿಕ,ಕನ್ನಡ,,
2026,ಕಾವ್ಯಪ್ರಭ,2002,ಬೆಂಗಳೂರು,ಜಿ. ಎಸ್. ಯಶೋಧಮ್ಮ,ಜಿ. ಎಸ್. ಯಶೋಧಮ್ಮ,ಮಾಸಿಕ,ಕನ್ನಡ,,
2027,ಮುಖಾ ಮುಖಿ,2002,ಬೆಂಗಳೂರು,ವಿ.ಕೆ. ಸಂಗಮೇಶ್,ವಿ.ಕೆ. ಸಂಗಮೇಶ್,ಪಾಕ್ಷಿಕ,ಕನ್ನಡ,,
2028,ನೋಟ,2002,ಬೆಂಗಳೂರು,ಹೆಚ್.ಎಂ. ಸತ್ಯನಾರಾಯಣರೆಡ್ಡಿ,,ಸಾಪ್ತಾಹಿಕ,ಕನ್ನಡ,,
2029,ಪೊಲಿಟಿಕಲ್ ಅಡ್ವೈಸರ್,2002,ಬೆಂಗಳೂರು,ಎಂ. ಶಾಂತರಾಜ್,ಎಂ. ಶಾಂತರಾಜ್,ಪಾಕ್ಷಿಕ,ಕನ್ನಡ,,
2030,ರಕ್ಷಕ,2002,ಬೆಂಗಳೂರು,ಕೆ. ಸುಬ್ರಮಣ್ಯ,ಕೆ. ಸುಬ್ರಮಣ್ಯ,ಸಾಪ್ತಾಹಿಕ,ಕನ್ನಡ,,
2031,ರುದ್ರ ತಾಂಡವ,2002,ಬೆಂಗಳೂರು,ಬಿ.ಆರ್. ನಾರಾಯಣ,ಬಿ.ಆರ್. ನಾರಾಯಣ,ಮಾಸಿಕ,ಕನ್ನಡ,,
2032,ಸಾಮಾಜಿಕ ಕ್ರಾಂತಿ,2002,ಬೆಂಗಳೂರು,ಹನುಮಂತ ರಾಯಪ್ಪ ಎಂ.ಜಿ,ಹನುಮಂತ ರಾಯಪ್ಪ ಎಂ.ಜಿ,ಮಾಸಿಕ,ಕನ್ನಡ,,
2033,ಶರಣ ಧರ್ಮ ಪತ್ರಿಕೆ,2002,ಬೆಂಗಳೂರು,ವೀರಶೈವ ಮೂರ್ತಿ,ವೀರಶೈವ ಮೂರ್ತಿ,ಮಾಸಿಕ,ಕನ್ನಡ,,
2034,ಶ್ರೀ ಮುಖ್ಯಪ್ರಾಣ,2002,ಬೆಂಗಳೂರು,ಕೆ. ಉಮ,ಕೆ. ಉಮ,ಮಾಸಿಕ,ಕನ್ನಡ,,
2035,ಸೂರ್ಯ ವಂಶ,2002,ಬೆಂಗಳೂರು,ಎನ್. ಶಿವಾನಂದ ಕೌಸ್ತುಭ,ಎನ್. ಶಿವಾನಂದ ಕೌಸ್ತುಭ,ಪಾಕ್ಷಿಕ,ಕನ್ನಡ,,
2036,ಸ್ವರಾಜ್ ಪತ್ರಿಕೆ,2002,ಬೆಂಗಳೂರು,ಎನ್. ಶ್ರೀನಾಥ್,ಎನ್. ಶ್ರೀನಾಥ್,ಮಾಸಿಕ,ಕನ್ನಡ,,
2037,ಸ್ವಯಂ ಪ್ರಕಾಶ,2002,ಬೆಂಗಳೂರು,ಬಿ.ಸುಬ್ರಮಣ್ಯಂ,ಬಿ.ಸುಬ್ರಮಣ್ಯಮ್,ಮಾಸಿಕ,ದ್ವಿಭಾಷಿಕ,,
2038,ಟೀಚರ್,2002,ಬೆಂಗಳೂರು,,,ಮಾಸಿಕ,ಕನ್ನಡ,,
2039,ದಿ ಮೈಂಡ್ಸ್ ಐ,2002,ಬೆಂಗಳೂರು,ಮೈಂಡ್ಸ್ ಐ ಕಾನ್ಸೆಪ್ಟ್ ಪ್ರೈವೇಟ್ ಲಿಮಿಟೆಡ್ ,ಮುರಳಿ ಶಾಸ್ತ್ರಿ,ದೈನಿಕ,ಕನ್ನಡ,,
2040,ಟೈಂಪಾಸ್,2002,ಬೆಂಗಳೂರು,ಆರ್. ಬಾಲಕೃಷ್ಣ,ಆರ್. ಬಾಲಕೃಷ್ಣ,ಮಾಸಿಕ,ಕನ್ನಡ,,
2041,ಟಿಪ್ಪು ವರ್ಧನ್,2002,ಬೆಂಗಳೂರು,ಎಂ.ಟಿಪ್ಪು ವರ್ಧನ್,ಎಂ.ಟಿಪ್ಪು ವರ್ಧನ್,-,ಕನ್ನಡ,,
2042,ವಾರ್ತಾ ಪತ್ರ,2002,ಬೆಂಗಳೂರು,ಬಲವಂತ ರಾವ್ ಪಾಟೀಲ್,ಆರ್.ಜಿ. ಹಳ್ಳಿ ನಾಗರಾಜು,ಮಾಸಿಕ,ಕನ್ನಡ,,
2043,ವ್ಯಕ್ತಿತ್ವ ವಿಕಾಸ,2002,ಬೆಂಗಳೂರು,ಎನ್. ವಿಶ್ವರೂಪಾಚಾರ್,ಎನ್. ವಿಶ್ವರೂಪಾಚಾರ್,ಮಾಸಿಕ,ಕನ್ನಡ,,
2044,ಹೊಸ ಸ್ವಾತಂತ್ರದ ಬೆಳಕು ,2002,ಚಾಮರಾಜನಗರ,ಜಸ್ವೀರ್ ಸಿಂಗ್ ಕೊನ್ಸಲ್,ಸುಭಾಷ್ ವೈ ಆರ್ ಮತ್ತು ಇತರರು,ಮಾಸಿಕ,ಕನ್ನಡ,,
2045,ಕರುಣಾ ಕಾವ್ಯ ಸಂಚಿಕೆ,2002,ಚಾಮರಾಜನಗರ,ಕೆ. ಎಸ್. ಪರಮೇಶ್ವರಪ್ಪ,ನೇತ್ರಾವತಿ ಕಲಾಸ್ಕರ್ / ಕೆ. ಎಸ್. ಪರಮೇಶ್ವರಪ್ಪ,ಪಾಕ್ಷಿಕ,ಕನ್ನಡ,,
2046,ವಿಜಯ ಧ್ವನಿ,2002,ಚಿಕ್ಕಬಳ್ಳಾಪುರ,ಅಬ್ಬಣಿ ಶಂಕರ್,ಅಬ್ಬಣಿ ಶಂಕರ್,ದೈನಿಕ,ಕನ್ನಡ,,
2047,ಸ್ವಯಂ ಪ್ರಕಾಶ,2002,ಹರಿಹರಪುರ,ಶ್ರೀಹರಿಹರಪುರ ವಿ. ಸುಬ್ರಮಣ್ಯಂ,ಶ್ರೀಹರಿಹರಪುರ ವಿ. ಸುಬ್ರಮಣ್ಯಂ,ಮಾಸಿಕ,ಕನ್ನಡ,,
2048,ಅವಾಂತರ,2002,ದಾವಣಗೆರೆ,ಹೆಚ್. ದುಗ್ಗಪ್ಪ,ಹೆಚ್. ದುಗ್ಗಪ್ಪ,ಸಾಪ್ತಾಹಿಕ,ಕನ್ನಡ,,
2049,ಪ್ರಜಾ ಸಂದೇಶ,2002,ದಾವಣಗೆರೆ,ವಿ. ಸುರೇಶ್,ವಿ. ಸುರೇಶ್,ಸಾಪ್ತಾಹಿಕ,ಕನ್ನಡ,,
2050,ಭಗೀರಥ ಸಂಕಲ್ಪ,2002,ಹುಬ್ಬಳ್ಳಿ/ಧಾರವಾಡ,,ಹೆಚ್.ಸಿ. ನಿರವರಿ / ಎನ್. ಭಾರತಿ,ಮಾಸಿಕ,ಕನ್ನಡ,,
2051,ಓಂ ಪತ್,2002,ಹುಬ್ಬಳ್ಳಿ/ಧಾರವಾಡ,"ಎಂ.ವಿ. ಬಿಜ್ಜರಗಿ, ಎನ್.ಎಸ್. ಘಳಗಿ","ಎಂ.ವಿ. ಬಿಜ್ಜರಗಿ, ಎನ್.ಎಸ್. ಘಳಗಿ",ಪಾಕ್ಷಿಕ,ಕನ್ನಡ,,
2052,ಪ್ರಜಾ ಜಗತ್ತು,2002,ಧಾರವಾಡ,ವಿಜಯಲಕ್ಷ್ಮಿ  ಧಾರವಾಡ ಕರ್ನಾಟಕ ಅನುರಕ್ಷಿತ ಪ್ರಕಾಶನ,.Rajendra,ಮಾಸಿಕ,ಕನ್ನಡ,,
2053,ಶಲ್ಮಲಾ,2002,ಧಾರವಾಡ,ಅವನಿ ರಸಿಕರ ರಂಗ ಪಬ್ಲಿಕೇಷನ್,ಯಶೋಧ ಭಟ್,ಮಾಸಿಕ,ಕನ್ನಡ,,
2054,ಎಸ್. ಎಸ್. ಕೆ. ಗುರಿ,2002,ಹುಬ್ಬಳ್ಳಿ/ಧಾರವಾಡ,ಆರ್.ಡಿ. ಪವಾರ್,ಆರ್.ಡಿ. ಪವಾರ್,ಸಾಪ್ತಾಹಿಕ,ಕನ್ನಡ,,
2055,ಅಲ್ ಅಕ್ಕಾಸ್ / Al Akkas,2002,ಮಂಗಳೂರು,,ಟಿ.ಎಂ. ಹನೀಫ್ ಮೌಲ್ವಿ ತುಂಬೆ,ಪಾಕ್ಷಿಕ,ಕನ್ನಡ,,
2056,ಕ್ರೈಂ ರಿಪೋರ್ಟರ್,2002,ದಕ್ಷಿಣಕನ್ನಡ,,ಶ್ರೀರಾಮ ದಿವಾನ,ಪಾಕ್ಷಿಕ,ಕನ್ನಡ,,
2057,ಕಾಲ / ಕಲಾ Kala ಸತ್ಯ ,2002,ಮಂಗಳೂರು,ಸುಪರ್ಶ್ವ ಎಂ. ಸಮತಾ ಪ್ರಕಾಶನ,ಸುಪರ್ಶ್ವ ಎಂ.,ಪಾಕ್ಷಿಕ,ಕನ್ನಡ,,
2058,ಕರಾವಳಿ ದ್ವನಿ,2002,ಉಡುಪಿ/ದಕ್ಷಿಣಕನ್ನಡ,,ಬಾಬು ಟಿ  ಹಕ್ಲಡಿ,ಪಾಕ್ಷಿಕ,ಕನ್ನಡ,,
2059,ವನಜ್ಯೋತಿ,2002,ದಕ್ಷಿಣಕನ್ನಡ,ಕೃಷ್ಣಮೂರ್ತಿ,ಚಿಪಗೇರಿ ಲಕ್ಷ್ಮೀಶ,ಮಾಸಿಕ,ಕನ್ನಡ,,
2060,ವಾರ್ತಾ ಸಂಚಯ,2002,ಸುಳ್ಯ/ದಕ್ಷಿಣಕನ್ನಡ,,ಜೆ. ಕೆ. ರೈ,ಸಾಪ್ತಾಹಿಕ,ಕನ್ನಡ,,
2061,ವ್ಯವಸ್ಥೆಯ ಪ್ರತಿಬಿಂಬ,2002,ಮಂಗಳೂರು,ಕೆ.ಶಂಕರ ಭಟ್,ಅಮೃತ ಶಂಕರ ಭಟ್,ಸಾಪ್ತಾಹಿಕ,ಕನ್ನಡ,,
2062,ಯುವ ದರ್ಪಣ,2002,ಮಂಗಳೂರು,ಜಿ.ಆರ್. ಕುರುಪ್ / G.R. Kurup,ಜಿ.ಆರ್. ಕುರುಪ್ /G.R. Kurup,ಪಾಕ್ಷಿಕ,ಕನ್ನಡ,,
2063,ಹಾಯ್ ಸೂರ್ಯ,2002,ಹಾಸನ,,ಸುರೇಶ್ ಬಲಾದರೆ,,ಕನ್ನಡ,,
2064,ಹೆಲೋ ಹಾಸನ್,2002,ಹಾಸನ,ರವಿ ನಾಕಲಗೂಡು,ರವಿ ನಾಕಲಗೂಡು,ಸಾಪ್ತಾಹಿಕ,ಕನ್ನಡ,,
2065,ಬುಧ್ಧ ಲೋಕ,2002,ಕಲಬುರ್ಗಿ,,ದೇವೇಂದ್ರಪ್ಪ ಹೆಚ್ ಕಪನೂರ್ಕರ್,ದೈನಿಕ,ಕನ್ನಡ,,
2066,ಮಾರ್ಗದರ್ಶಿ,2002,ಕಲಬುರ್ಗಿ,ಹನುಮಂತ ಭೂಸನೂರ್,ಹನುಮಂತ ಭೂಸನೂರ್,ಮಾಸಿಕ,ಕನ್ನಡ,,
2067,ಮಾತೃಶ್ರೀ ವಾರ್ತೆ,2002,ಕೋಲಾರ/ಬೆಂಗಳೂರು,ಶಂಕರ್,ಶಂಕರ್,ದೈನಿಕ,ಕನ್ನಡ,,
2068,ಬೈ ಅಂಡ್ ಸೆಲ್ / Buy & Sell,2002,,ಕೆ. ಎನ್. ನಾಗೇಶ್,ಕೆ. ಎನ್. ನಾಗೇಶ್,ಸಾಪ್ತಾಹಿಕ,ಕನ್ನಡ,,
2069,ಕೆಮ್ಮುಗಿಲು,2002,ಮಂಡ್ಯ,ಸೋಮಶೇಖರ್ ಕೆರಗೋಡು,ಸೋಮಶೇಖರ್ ಕೆರಗೋಡು,ದೈನಿಕ,ಕನ್ನಡ,,
2070,ಮಧುರ ಮಂಡ್ಯ,2002,ಮಂಡ್ಯ,ಕೆ.ಸಿ. ಮಂಜುನಾಥ್,ಕೆ.ಸಿ. ಮಂಜುನಾಥ್,ದೈನಿಕ,ಕನ್ನಡ,,
2071,ಟಿಪ್ಪು ಎಕ್ಸ್ ಪ್ರೆಸ್,2002,,,ಗಂಜಾಂ ಶಿವು,ಪಾಕ್ಷಿಕ,ಕನ್ನಡ,,
2072,ರಾಷ್ಟ್ರ ಕ್ರಾಂತಿ,2002,ಮೈಸೂರು,ಮಹದೇವಯ್ಯ,ಮಹದೇವಯ್ಯ,ಸಾಪ್ತಾಹಿಕ,ಕನ್ನಡ,,
2073,ಸಾಕ್ರೆಟ್ಸ್  / Socrates,2002,ಮೈಸೂರು,ಎನ್. ಪರುಶುರಾಮ್,ಎನ್. ಪರುಶುರಾಮ್,ಪಾಕ್ಷಿಕ,ಕನ್ನಡ,,
2074,ಅನ್ವೇಶಣೆ / Unveshane,2002,ಮೈಸೂರು,ಎಸ.ಎಂ. ಮುರುಳೀಧರ,ಎಸ್.ಎಂ. ಮುರುಳೀಧರ,ಪಾಕ್ಷಿಕ,ಕನ್ನಡ,,
2075,ವಿಪ್ರ ವಾಣಿ ,2002,ಮೈಸೂರು,ರಂಗನಾಥ್ ಮೈಸೂರು,ರಂಗನಾಥ್ ಮೈಸೂರು,ಪಾಕ್ಷಿಕ,ಕನ್ನಡ,,
2076,ಮಾತೃಶ್ರೀ ವಾರ್ತೆ,2002,ಬೆಂಗಳೂರು,ಶಂಕರ್,ಶಂಕರ್,ದೈನಿಕ,ಕನ್ನಡ,,
2077,ಕರುಣ ಕಾವ್ಯ ಸಂಚಿಕೆ,2002,ಶಿಕಾರಿಪುರ,ಕೆ. ಎಸ್. ಪರಮೇಶ್ವರಪ್ಪ,ನೇತ್ರಾವತಿ ಕಲಾಸ್ಕರ್ /ಕೆ. ಎಸ್. ಪರಮೇಶ್ವರಪ್ಪ,ಪಾಕ್ಷಿಕ,ಕನ್ನಡ,,
2078,ನಮ್ಮೂರ ವಾರ್ತೆ,2002,ಸಾಗರ,ಕೆ. ಎನ್. ವೆಂಕಟೇಶ್ ಕೋಣನ ಕಟ್ಟೆ ,ಕೆ. ಎನ್. ವೆಂಕಟೇಶ್ ಕೋಣನ ಕಟ್ಟೆ ,ಸಾಪ್ತಾಹಿಕ,ಕನ್ನಡ,,
2079,ಸಾರಿಗೆ ಪ್ರಪಂಚ,2002,ಹೆಗ್ಗೋಡು,ಹೆಚ್. ವಿ. ರಮೇಶ್ ಹೆಗ್ಗೋಡು,ಹೆಚ್. ವಿ. ರಮೇಶ್,,ಕನ್ನಡ,,
2080,ಭುಗಿಲು,2002,ತುಮಕೂರು,ಎನ್. ಸದಾಶಿವಯ್ಯ,ಎನ್. ಸದಾಶಿವಯ್ಯ,ದೈನಿಕ,ಕನ್ನಡ,,
2081,ಗಜ ಧ್ವನಿ,2002,ಕೊರಟಗೆರೆ/ತುಮಕೂರು,ಜಿ.ಕೆ.ಚಿಕ್ಕಪ್ಪಯ್ಯ,ಜಿ.ಕೆ.ಚಿಕ್ಕಪ್ಪಯ್ಯ,,ಕನ್ನಡ,,
2082,ಕೋಸ್ಟಲ್ ನ್ಯೂಸ್ & ಆಡ್ಸ್,2002,ಉಡುಪಿ,ಕಿಣಿ ಉಡುಪಿ,ಕಿಣಿ ಉಡುಪಿ,ಸಾಪ್ತಾಹಿಕ,ಕನ್ನಡ,,
2083,ಕ್ರೈಂ ರಿಪೋರ್ಟರ್,2002,ಉಡುಪಿ,ಶ್ರೀ ರಾಮ ದಿವಾನ,ಶ್ರೀ ರಾಮ ದಿವಾನ,ಪಾಕ್ಷಿಕ,ಕನ್ನಡ,,
2084,ಹಾಯ್ ಮಾರುತ,2002,ಉಡುಪಿ,ಹಿತೇಂದ್ರಪ್ರಸಾದ್,ಹಿತೇಂದ್ರಪ್ರಸಾದ್,ಪಾಕ್ಷಿಕ,ಕನ್ನಡ,,
2085,ಸರ್ವಮೂಲ,2002,ಉಡುಪಿ,ಶಿಬರೂರ್ ವೇದವ್ಯಾಸ ತಂತ್ರಿ,ಬಲರಾಮ ಭಟ್,ಮಾಸಿಕ,ಕನ್ನಡ,,
2086,ವನಜ್ಯೋತಿ,2002,ಶಿರಸಿ,ಕೃಷ್ಣಮೂರ್ತಿ,ಚಿಪಗೇರಿ ಲಕ್ಷ್ಮೀಶ,ಮಾಸಿಕ,ಕನ್ನಡ,,
2087,ವಾಸ್ತವ ವಾರ್ತೆ,2002,ಶಿರಸಿ,ಡಿ. ಎಸ್. ನಾಯಕ್,ಡಿ. ಎಸ್. ನಾಯಕ್,,ಕನ್ನಡ,,
2088,ವಿಜಯ ಸಂದೇಶ,2002,ಹಳಿಯಾಳ,ಚಂದ್ರಕಾಂತ್ ಬಿ ಅಂಗಡಿ,ಸುಮಂಗಲ ಸಿ ಅಂಗಡಿ,ಸಾಪ್ತಾಹಿಕ,ಕನ್ನಡ,,
2089,ಗುಂಬಜ್ ಎಕ್ಸ್ ಪ್ರೆಸ್,2002,ವಿಜಯಪುರ,ಕೌಶಲ್ಯ ಡಿ ಪಾನಲಕರ,ಕೌಶಲ್ಯ ಡಿ ಪಾನಲಕರ /ಡಿ. ವಿ. ಪಾನಲಕರ,ದೈನಿಕ,ಕನ್ನಡ,,
2090,ನನ್ನದು,2002,ವಿಜಯಪುರ,ಎಂ. ಎ. ಕುಲಕರ್ಣಿ,ಎಂ. ಎ. ಕುಲಕರ್ಣಿ,ದೈನಿಕ,ಕನ್ನಡ,,
2091,ಪರಮಚಕ್ರ,2002,ವಿಜಯಪುರ,,ಎನ್. ಎ. ನವಿ ,ಸಾಪ್ತಾಹಿಕ,ಕನ್ನಡ,,
2092,ವಿವೇಕ ದೀಪ್ತಿ,2002,ವಿಜಯಪುರ,,ರಾಮಕೃಷ್ಣ ವಿವೇಕಾನಂದ ಆಶ್ರಮ,ದ್ವೈಮಾಸಿಕ,ಕನ್ನಡ,,
2093,ಅಶೋಕ ಕೋಟೆ,2003,ಬೀದರ್,ಅಶೋಕ್ ಕುಮಾರ್ ಕಾರಂಜಿ,ಅಶೋಕ್ ಕುಮಾರ್ ಕಾರಂಜಿ,ದೈನಿಕ,ಕನ್ನಡ,,
2094,ಕ್ರಾಂತಿ ಭೂಮಿ,2003,ಬೀದರ್,ನಾಗಶೆಟ್ಟಿ ಧರ್ಮಪುರ್ ,ನಾಗಶೆಟ್ಟಿ ಧರ್ಮಪುರ್ ,ಸಾಪ್ತಾಹಿಕ,ಕನ್ನಡ,,
2095,ಹಂಬಲ,2003,ಬಾಗಲಕೋಟೆ,ಎಂ. ಬಿ. ರೇವಾಡಿಗರ್,ಎಂ. ಬಿ. ರೇವಾಡಿಗರ್,ಮಾಸಿಕ,ಕನ್ನಡ,,
2096,ರೆಡ್ಡಿ ಬಳಗ,2003,ಬಾಗಲಕೋಟೆ,,ಬಸವರಾಜ್ ಕರಬಸಪ್ಪ,ಮಾಸಿಕ,ಕನ್ನಡ,,
2097,ಹಂಸ ಪ್ರಭಾ,2003,ದೇವನಹಳ್ಳಿ,ಎಂ. ಮುನಯ್ಯ ,ಎಂ. ಮುನಯ್ಯ ,ಮಾಸಿಕ,ಕನ್ನಡ,,
2098,ಮಹಿಳಾ ಶಕ್ತಿ,2003,ದೊಡ್ಡಬಳ್ಳಾಪುರ,ವಿ. ವಿಮಲಮ್ಮ,ವಿ. ವಿಮಲಮ್ಮ,ಪಾಕ್ಷಿಕ,ಕನ್ನಡ,,
2099,ವಾರ್ತ ಘರ್ಜನೆ,2003,ದೇವನಹಳ್ಳಿ,ಬಿ. ಎಂ ಲಕ್ಷ್ಮಣರೆಡ್ಡಿ,ಬಿ. ಎಂ ಲಕ್ಷ್ಮಣರೆಡ್ಡಿ,ಮಾಸಿಕ,ಕನ್ನಡ,,
2100,ಕ್ರಿಯಾಶೀಲ,2003,ಬೆಳಗಾವಿ/ಹುಕ್ಕೇರಿ,ದಿಲೀಪ ಎಸ್. ಕೆ,ದಿಲೀಪ ಎಸ್. ಕೆ,ಮಾಸಿಕ,ಕನ್ನಡ,,
2101,ಆಹಾ ಬೆಂಗಳೂರು,2003,ಬೆಂಗಳೂರು,ಎನ್. ಸೋಮಶೇಖರ್,ಎನ್. ಸೋಮಶೇಖರ್,ಮಾಸಿಕ,ಕನ್ನಡ,,
2102,ಅಂಗವಿಕಲರ ಹಿತೈಶಿ,2003,ಬೆಂಗಳೂರು,ಸಾವಿತ್ರಿ ಗಂಗಾಧರ್,ಸಾವಿತ್ರಿ ಗಂಗಾಧರ್,ಪಾಕ್ಷಿಕ,ಕನ್ನಡ,,
2103,ಏಷಿಯನ್ ವಾಯ್ಸ್,2003,ಬೆಂಗಳೂರು,ಮಹಮ್ಮದ್ ಸಲೀಮ್,ಮಹಮ್ಮದ್ ಸಲೀಮ್,,ಕನ್ನಡ,,
2104,ಅವನಿ,2003,ಬೆಂಗಳೂರು,ಡಾ।। ಯಶೋಧ ಭಟ್,ಡಾ।। ಯಶೋಧ ಭಟ್,ಮಾಸಿಕ,ಕನ್ನಡ,,
2105,ಬೆಂಗಳೂರು ಖಡ್ಗ,2003,ಬೆಂಗಳೂರು,ಎಂ. ಶ್ರೀನಿವಾಸ ಬಾಬು,ಎಂ. ಶ್ರೀನಿವಾಸ ಬಾಬು,ದೈನಿಕ,ಕನ್ನಡ,,
2106,ಭಕ್ತಿ ವೇದಾಂತ ದರ್ಶನ,2003,ಬೆಂಗಳೂರು,,ಎ. ಸಿ. ಭಕ್ತಿ ವೇದಾಂತ ಸ್ವಾಮಿ ಪ್ರಭು,ಮಾಸಿಕ,ಕನ್ನಡ,,
2107,ಬುತ್ತಿ / Butti,2003,ಬೆಂಗಳೂರು,,,,ಕನ್ನಡ,,
2108,ಚಿರಂತನ ವ್ಯಾಸಪ್ರಭಾ,2003,ಬೆಂಗಳೂರು,ಅಂಜನ್ ಶೆಟ್ಟಿ,ಅಂಜನ್ ಶೆಟ್ಟಿ,ಪಾಕ್ಷಿಕ,ಕನ್ನಡ,,
2109,ಸಿಟಿ ಕ್ರಿಮಿನಲ್,2003,ಬೆಂಗಳೂರು,ಸಿ.ಪಿ. ಬಾಲಕೃಷ್ಣ,ಸಿ.ಪಿ. ಬಾಲಕೃಷ್ಣ,ಮಾಸಿಕ,ಕನ್ನಡ,,
2110,ಹಾಯ್ ಕರಾವಳಿ,2003,ಬೆಂಗಳೂರು,ವಿ. ಗೋಪಾಲ್,ವಿ. ಗೋಪಾಲ್,ಪಾಕ್ಷಿಕ,ಕನ್ನಡ,,
2111,ಹಣಕಾಸು ಬ್ಯುಸಿನೆಸ್ ಮ್ಯಾಗಜಿನ್,2003,ಬೆಂಗಳೂರು,ಆರ್. ಬಾಲಕೃಷ್ಣ,ಆರ್. ಬಾಲಕೃಷ್ಣ,ಮಾಸಿಕ,ಕನ್ನಡ,,
2112,ಹಸಿರು ಕರ್ನಾಟಕ,2003,ಬೆಂಗಳೂರು,ಹೆಚ್. ಸ್ವರ್ಣಕುಮಾರ್,ಹೆಚ್. ಸ್ವರ್ಣಕುಮಾರ್,,ಕನ್ನಡ,,
2113,ಹವ್ಯಕ ಬನಶಂಕರಿ,2003,ಬೆಂಗಳೂರು,,ಕೆ.ಪಿ. ರಾಜಗೋಪಾಲ ಕನ್ಯಾನ,ತ್ರೈಮಾಸಿಕ,ಕನ್ನಡ,,
2114,ಜನತಾನುಡಿ,2003,ಬೆಂಗಳೂರು,ವಿ.ಚಂದ್ರಕಲಾ,ವಿ.ಚಂದ್ರಕಲಾ,ಮಾಸಿಕ,ಕನ್ನಡ,,
2115,ಜನತೆಯ ಬೆಂಗಳೂರು ಖಡ್ಗ,2003,ಬೆಂಗಳೂರು,ಶ್ರೀನಿವಾಸ ಬಾಬು ಎಂ,ಶ್ರೀನಿವಾಸ ಬಾಬು ಎಂ,,ಕನ್ನಡ,,
2116,ಜುಡಿಷಿಯಲ್ ಎಂಪೈರ್,2003,ಬೆಂಗಳೂರು,,,,ಕನ್ನಡ,,
2117,ಕಣ್ಣು ಪತ್ರಿಕೆ,2003,ಬೆಂಗಳೂರು,ಟಿ.ಶಿವಕುಮಾರ್,ಟಿ.ಶಿವಕುಮಾರ್,,ಕನ್ನಡ,,
2118,ಕರ್ನಾಟಕ ಸಮಾಚಾರ ವಾಣಿ,2003,ಬೆಂಗಳೂರು,ಶ್ರೀನಿವಾಸ ಸೂಡ,ಶ್ರೀನಿವಾಸ ಸೂಡ,ಪಾಕ್ಷಿಕ,ಕನ್ನಡ,,
2119,ಕರ್ನಾಟಕ ವೈಶ್ಯ ಪತ್ರಿಕೆ,2003,ಬೆಂಗಳೂರು,ಎ ಆರ್ ಮೇಘಾ,ಎ ಆರ್ ಮೇಘಾ,ಮಾಸಿಕ,ಕನ್ನಡ,,
2120,ಕರುಣಾ,2003,ಬೆಂಗಳೂರು,ಕೆ.ಎಸ್. ಪರಮೇಶ್ವರಪ್ಪ,ಕೆ.ಎಸ್. ಪರಮೇಶ್ವರಪ್ಪ,ಪಾಕ್ಷಿಕ,ಕನ್ನಡ,,"1972,
 Vinu Jayaram"
2121,ಕ್ರಾಂತಿ,2003,ಬೆಂಗಳೂರು,,,ದೈನಿಕ,ಕನ್ನಡ,,
2122,ಮಾದೇಶ್ ಪತ್ರಿಕೆ,2003,ಬೆಂಗಳೂರು,ಎಂ. ಸಿ. ರಾಮಲಿಂಗಯ್ಯ,ಎಂ. ಸಿ. ರಾಮಲಿಂಗಯ್ಯ,ಮಾಸಿಕ,ಕನ್ನಡ,,
2123,ಮುಗಿಲ ಬೆಳಕು,2003,ಬೆಂಗಳೂರು,ಪಿ.ಆರ್. ಶಾಮಸುಂದರ್,ಪಿ.ಆರ್. ಶಾಮಸುಂದರ್,ಮಾಸಿಕ,ಕನ್ನಡ,,
2124,ನೆಲೆ,2003,ಬೆಂಗಳೂರು,ಎಸ್. ವೈ. ಲಮಣಿ,ಎಸ್. ವೈ. ಲಮಣಿ,ಸಾಪ್ತಾಹಿಕ,ಕನ್ನಡ,,
2125,ನಿಮ್ಮ ಕರ್ನಾಟಕ ಪ್ರಜ್ವಲ,2003,ಬೆಂಗಳೂರು,ಹನುಮಂತರಾಜು,ಹನುಮಂತರಾಜು,ಮಾಸಿಕ,ಕನ್ನಡ,,
2126,ನೊಂದ ಮಹಿಳೆ,2003,ಬೆಂಗಳೂರು,ಶ್ರೀಮತಿ ಗಿರಿಯಮ್ಮ,ಶ್ರೀಮತಿ ಗಿರಿಯಮ್ಮ,ಮಾಸಿಕ,ಕನ್ನಡ,,
2127,ಪಡುವಣ ಸಿರಿ,2003,ಬೆಂಗಳೂರು,ರಾಜಶ್ರೀ ಪ್ರಿಂಟರ್ಸ್,ಆರ್. ಎಸ್. ಚಂದ್ರಶೇಖರ್,ಮಾಸಿಕ,ಕನ್ನಡ,,
2128,ಮನಃಶಾಸ್ತ್ರ ಮತ್ತು ವ್ಯಕ್ತಿತ್ವ ಬೆಳವಣಿಗೆ /ಮನೋವಿಜ್ಞಾನ ಮತ್ತು ವ್ಯಕ್ತಿತ್ವ ಅಭಿವೃದ್ಧಿ,2003,ಬೆಂಗಳೂರು,,,ಪಾಕ್ಷಿಕ,ಕನ್ನಡ,,
2129,ಋಷಿ ಮುಖ / Rushi Mukha,2003,ಬೆಂಗಳೂರು,ಜೀವನ ಕಲಾ ಸಂಸ್ಥೆ,,ಮಾಸಿಕ,ಕನ್ನಡ,,
2130,ಸಹಜ ಸಾಗುವಳಿ,2003,ಬೆಂಗಳೂರು,,ಡಿ.ಡಿ. ಬರಮಗೌಡ,ದ್ವೈಮಾಸಿಕ,ಕನ್ನಡ,,
2131,ಸಮರ ಖಡ್ಗ,2003,ಬೆಂಗಳೂರು,ಎಸ್. ಶಾಂತಕುಮಾರ್,ಎಸ್. ಶಾಂತಕುಮಾರ್,ಸಾಪ್ತಾಹಿಕ,ಕನ್ನಡ,,
2132,ಶತಮಾನ,2003,ಬೆಂಗಳೂರು,ಶ್ರೀ ಕನ್ನಡಾಂಬೆ ರಾಮೂರ್ತಿ ಗೌಡ,ಶ್ರೀ ಕನ್ನಡಾಂಬೆ ರಾಮೂರ್ತಿ ಗೌಡ,ಮಾಸಿಕ,ಕನ್ನಡ,,
2133,ಶಿಕ್ಷಣ ಜ್ಞಾನ,2003,ಬೆಂಗಳೂರು,ಎಸ್. ವಿ. ನಾಗರಾಜ್,ಎಸ್. ವಿ. ನಾಗರಾಜ್,ಮಾಸಿಕ,ಕನ್ನಡ,,
2134,ಶೃಜನಶೀಲ ವಿಶ್ವಕರ್ಮ,2003,ಬೆಂಗಳೂರು,ಎನ್. ವಿಶ್ವಾರುಪಾಚಾರ್,ಎನ್. ವಿಶ್ವಾರುಪಾಚಾರ್,,ಕನ್ನಡ,,
2135,ಉದಯ ಕರ್ನಾಟಕ,2003,ಬೆಂಗಳೂರು,ಎಂ.ಪಿ. ಅರುಣ್ ಕುಮಾರ್,ಎಂ.ಪಿ. ಅರುಣ್ ಕುಮಾರ್,ಪಾಕ್ಷಿಕ,ಕನ್ನಡ,,
2136,ವಾಣಿಜ್ಯ ಉದ್ಯಮ,2003,ಬೆಂಗಳೂರು,ರಮೇಶ್ ಬಿ.ಕೆ,ರಮೇಶ್ ಬಿ.ಕೆ,ಸಾಪ್ತಾಹಿಕ,ಕನ್ನಡ,,
2137,ವಾರ್ತಾ ಘರ್ಜನೆ,2003,ಬೆಂಗಳೂರು,ಬಿ.ಎಂ. ಲಕ್ಷ್ಮಣರೆಡ್ಡಿ,ಬಿ.ಎಂ. ಲಕ್ಷ್ಮಣರೆಡ್ಡಿ,ಮಾಸಿಕ,ಕನ್ನಡ,,
2138,ವಿಜಯ ಖಡ್ಗ,2003,ಬೆಂಗಳೂರು,ಎಂ.ಆರ್. ನಾಗರಾಜು,ಎಂ.ಆರ್. ನಾಗರಾಜು,ಮಾಸಿಕ,ಕನ್ನಡ,,
2139,ವಿಪ್ರ ಧ್ವನಿ,2003,ಬೆಂಗಳೂರು,,ಬಿ ಎನ್  ನರಸಿಂಹ,ಮಾಸಿಕ,ಕನ್ನಡ,,
2140,ಯಶಸ್ವಿ,2003,ಬೆಂಗಳೂರು,,ವಿ.ಮೂರ್ತಿ ಬಡಿಗೇರ್,ಮಾಸಿಕ,ಕನ್ನಡ,,
2141,ಚಿಕ್ಕಮಂಗಳೂರ್ ವಾಣಿ,2003,ಚಿಕ್ಕಮಗಳೂರು,ಎಸ್. ಎಂ. ಗಣೇಶ್ ರಾಜ್,ಎಸ್. ಎಂ. ಗಣೇಶ್ ರಾಜ್,ಮಾಸಿಕ,ಕನ್ನಡ,,
2142,ಮಲಯಾಮಾರುತ,2003,,,ಎಸ್ ಎಸ್ ಮಂಜುನಾಥ್,ಸಾಪ್ತಾಹಿಕ,ಕನ್ನಡ,,
2143,ಮೇಘ ಧೂತ,2003,ಚಿಕ್ಕಮಗಳೂರು,ಜಿ.ಕೆ ರಮೇಶ್,ಜಿ.ಕೆ ರಮೇಶ್,ಪಾಕ್ಷಿಕ,ಕನ್ನಡ,,
2144,ಭಾರ್ಗವ,2003,ಚಿತ್ರದುರ್ಗ,ಮೈಲನಹಳ್ಳಿ ಡಿ ತಿಪ್ಪೇಸ್ವಾಮಿ,ಮೈಲನಹಳ್ಳಿ ಡಿ ತಿಪ್ಪೇಸ್ವಾಮಿ,ಪಾಕ್ಷಿಕ,ಕನ್ನಡ,,
2145,ಚಿಂತನ ದರ್ಶನ,2003,ಮೊಣಕಾಲ್ಮೂರು/ಚಿತ್ರದುರ್ಗ,ಜ್ಞಾನದೇವ ಮೊಣಕಾಲ್ಮೂರು,ಜ್ಞಾನದೇವ ಮೊಣಕಾಲ್ಮೂರು,,ಕನ್ನಡ,,
2146,ಚಿತ್ರದುರ್ಗ ಜಿಲ್ಲಾದರ್ಶಿನಿ,2003,ಜಗಳೂರು,ಜ್ಞಾನದೇವ ಮೊಣಕಾಲ್ಮೂರು,ಜ್ಞಾನದೇವ ಮೊಣಕಾಲ್ಮೂರು,ಪಾಕ್ಷಿಕ,ಕನ್ನಡ,,
2147,ವಿಶ್ವಕರ್ಮೋದಯ,2003,ಚಿತ್ರದುರ್ಗ,ಶಿಲ್ಪಿ  ಸಿ ಆರ್ ಸುರೇಶ್,ಶಿಲ್ಪಿ  ಸಿ ಆರ್ ಸುರೇಶ್,ಮಾಸಿಕ,ಕನ್ನಡ,,
2148,ಅವನಿ / Avani,2003,ಧಾರವಾಡ,ಯಶೋದ ಭಟ್,ಯಶೋದ ಭಟ್,ಮಾಸಿಕ,ಕನ್ನಡ,,
2149,ಕನ್ನಡ ಕಂದ,2003,ಹುಬ್ಬಳ್ಳಿ/ಧಾರವಾಡ,ಎ ಎಸ್ ಐ /Asi ವಿಭಾ ಪಬ್ಲಿಕೇಷನ್,ರಾಜೇಂದ್ರ / ಸುರೇಶ್ ದಿವತೆ,ಮಾಸಿಕ,ಕನ್ನಡ,"1937, Pub: Mevundi Mallari, Ed: Karaveera mummyatti",
2150,ಸ್ಪರ್ಧಾ ಸ್ಫೂರ್ತಿ,2003,ಧಾರವಾಡ,ರೇಣುಕಾ ಲಕ್ಷ್ಮಣ್ ಉಪ್ಪಾರ್,ಲಕ್ಷ್ಮಣ್ ಎಸ್ ಉಪ್ಪಾರ್,ಮಾಸಿಕ,ಕನ್ನಡ,,
2151,ಅಜೇಯ,2003,ಮಂಗಳೂರು,ಎಂ ವಿಶ್ವನಾಥ ಶೆಟ್ಟಿ  /ಪರಮಾನಂದ ಸಾಲಿಯಾನ್,ಪರಮಾನಂದ ಸಾಲಿಯಾನ್,ಮಾಸಿಕ,ಕನ್ನಡ,,
2152,ಕರಾವಳಿ ನಗರ ವಾರ್ತೆ,2003,ಮಂಗಳೂರು,ಕರ್ನಾಟಕ ನಗರ ಮೂಲಸೌಕರ್ಯ ಅಭಿವೃದ್ಧಿ ಮತ್ತು ಫಿನ್ಸಾ ನಿಗಮ,,ಮಾಸಿಕ,ಕನ್ನಡ,,
2153,ಮೀಡಿಯಾ ಟೈಮ್ಸ್,2003,ಮಂಗಳೂರು,ಇಚ್ಲ್ಯಾಂಗದ್ ಬಿ ಎಂ / Ichlangad B M,ಇಚ್ಲ್ಯಾಂಗದ್ ಬಿ ಎಂ / Ichlangad B M,ಸಾಪ್ತಾಹಿಕ,ಕನ್ನಡ,,
2154,ನಿರಂತರ ಪ್ರಗತಿ,2003,ಬೆಳ್ತಂಗಡಿ/ಉಜಿರೆ/ದಕ್ಷಿಣಕನ್ನಡ,ಎಸ್ ಕೆ ಡಿ ಆರ್ ಡಿ ಪಿ - ಧರ್ಮಸ್ಥಳ,ಎಲ್ ಹೆಚ್ ಮಂಜುನಾಥ್,ಮಾಸಿಕ,ಕನ್ನಡ/ ಇಂಗ್ಲೀಷ್,,
2155,ಪುಸ್ತಕ ನಿಧಿ,2003,ದಕ್ಷಿಣಕನ್ನಡ,ಮುನಿಯಾಲ್ ಗಣೇಶ್ ಶೆಣೈ,ಮುನಿಯಾಲ್ ಗಣೇಶ್ ಶೆಣೈ,ಮಾಸಿಕ,ಕನ್ನಡ,,
2156,ವಾರ್ತಾ ಭಾರತಿ,2003,ಮಂಗಳೂರು,,,ದೈನಿಕ,ಕನ್ನಡ,,
2157,ವಿಜಯ ಕಿರಣ,2003,ಮಂಗಳೂರು,,,ದೈನಿಕ,ಕನ್ನಡ,,
2158,ವಿವೇಕ ವೈಭವ,2003,ಮಂಗಳೂರು,,,ಮಾಸಿಕ,ಕನ್ನಡ,,
2159,ರದ್ದಿ ಬಳಗ,2003,ಗದಗ,ಶ್ರೀವಿಜಯ ಕರಬಸಗೌಡರ್,,ಮಾಸಿಕ,ಕನ್ನಡ,,
2160,ಹೆಲೋ ರಾಜಕಾರಣಿ,2003,ಹಾಸನ,ಬಿ.ವಿ ವೀರಭದ್ರಪ್ಪ,ಬಿ.ವಿ ವೀರಭದ್ರಪ್ಪ,ಸಾಪ್ತಾಹಿಕ,ಕನ್ನಡ,,
2161,ಸೃಷ್ಟಿಕರ್ತ,2003,ಹಾವೇರಿ,ವಸಂತಾಚಾರಿ ವಿ ಬಡಿಗೇರ್,ವಸಂತಾಚಾರಿ ವಿ ಬಡಿಗೇರ್,ಪಾಕ್ಷಿಕ,ಕನ್ನಡ,,
2162,ಹಿಂದೂ ವಿಜಯ,2003,ಮಡಿಕೇರಿ,ಸಿ ಎನ್ ಸೋಮೇಶ್,ಸಿ ಎನ್ ಸೋಮೇಶ್,ಸಾಪ್ತಾಹಿಕ,ಕನ್ನಡ,,
2163,ತಳಮಳ,2003,ಕೊಪ್ಪಳ,ಮಹೇಶ್ ಬಳ್ಳಾರಿ,ಗವಿಸಿದ್ದ ಎನ್ ಬಳ್ಳಾರಿ / ಮಹೇಶ್ ಬಳ್ಳಾರಿ,ಪಾಕ್ಷಿಕ,ಕನ್ನಡ,,
2164,ಸಂಜೆ ಮಿತ್ರ,2003,ಮಂಡ್ಯ,ಬಸವಾರಾಜ್ ಹೆಗ್ಡೆ ,ಬಸವಾರಾಜ್ ಹೆಗ್ಡೆ ,ದೈನಿಕ ಸಂಜೆ ,ಕನ್ನಡ,,
2165,ಸುದ್ದಿ ಸಂಘರ್ಷ,2003,ಮಂಡ್ಯ,ಡಿ.ಶಶಿಧರ್,ಡಿ.ಶಶಿಧರ್,ದೈನಿಕ,ಕನ್ನಡ,,
2166,ಅನ್ವೇಷಣೆ,2003,ಮೈಸೂರು,,ಎಸ್. ಮುರಳೀಧರ್,ಪಾಕ್ಷಿಕ,ಕನ್ನಡ,,
2167,ಹಾಯ್ ವಾರ ,2003,ಮೈಸೂರು,ವಿ. ಎಸ್. ಶಾಂತ ರಾಜು,ವಿ. ಎಸ್. ಶಾಂತ ರಾಜು,ಸಾಪ್ತಾಹಿಕ,ಕನ್ನಡ,,
2168,ಸಂಜೆ ಮಿತ್ರ,2003,ಮೈಸೂರು,ಬಸವಾರಾಜ್ ಹೆಗ್ಡೆ ,ಬಸವಾರಾಜ್ ಹೆಗ್ಡೆ ,ದೈನಿಕ,ಕನ್ನಡ,,
2169,ವನಿತಾ ವಾಣಿ,2003,ಮೈಸೂರು,ಬಿ. ರಾಧ,ಬಿ. ರಾಧ,ಮಾಸಿಕ,ಕನ್ನಡ,,
2170,ವಿಪ್ರ ಧ್ವನಿ,2003,ಮೈಸೂರು,ಬಿ. ಎನ್. ನರಸಿಂಹ,ಬಿ. ಎನ್. ನರಸಿಂಹ,ಮಾಸಿಕ,ಕನ್ನಡ,,
2171,ಸಿಂಧನೂರ್ ಚೇತನ,2003,ರಾಯಚೂರು,ಶ್ರೀಮತಿ. ಶೈಲಜಾ ಪ್ರಭಾಕರ್,ಶ್ರೀಮತಿ. ಶೈಲಜಾ ಪ್ರಭಾಕರ್,ಸಾಪ್ತಾಹಿಕ,ಕನ್ನಡ,,
2172,ಅಂತರಂಗ,2003,ತೀರ್ಥಹಳ್ಳಿ,ಟಿ.ಕೆ. ರಮೇಶ್ ಶೆಟ್ಟಿ,ಟಿ.ಕೆ. ರಮೇಶ್ ಶೆಟ್ಟಿ,ಸಾಪ್ತಾಹಿಕ,ಕನ್ನಡ,,
2173,ಕರುಣ,2003,ಶಿಕಾರಿಪುರ,ಕೆ ಎಸ್ ಪರಮೇಶ್ವರಪ್ಪ,ಕೆ ಎಸ್ ಪರಮೇಶ್ವರಪ್ಪ,ಪಾಕ್ಷಿಕ,ಕನ್ನಡ,,
2174,ಕ್ರಾಂತಿ ಪಥ,2003,ಶಿವಮೊಗ್ಗ,ಕೆ ಹೆಚ್ ಶಿವಕುಮಾರ್,ಕೆ ಹೆಚ್ ಶಿವಕುಮಾರ್,ಪಾಕ್ಷಿಕ,ಕನ್ನಡ,,
2175,ನಿಮ್ಮ ಅಂತರಂಗ,2003,ತೀರ್ಥಹಳ್ಳಿ,ಟಿ ಕೆ ರಮೇಶ್ ಶೆಟ್ಟಿ,ಟಿ ಕೆ ರಮೇಶ್ ಶೆಟ್ಟಿ,ಸಾಪ್ತಾಹಿಕ,ಕನ್ನಡ,,
2176,ಸಾಗರ ಟೈಮ್ಸ್,2003,ಸಾಗರ,ಎ ಡಿ ಗೋಪಾಲಕೃಷ್ಣ,ಎ ಡಿ ಗೋಪಾಲಕೃಷ್ಣ,ಸಾಪ್ತಾಹಿಕ,ಕನ್ನಡ,,
2177,ಭಕ್ತಿವೇದಾಂತ ದರ್ಶನ,2003,ಉಡುಪಿ,ಇಸ್ಕಾನ್,ಚಂಚಲಪತಿ ದಾಸ,ಮಾಸಿಕ,ಕನ್ನಡ,,
2178,ಕರಾವಳಿ ಸಿಂಚನ,2003,ಉಡುಪಿ,ಉಡುಪಿ ನಗರಸಭೆ,,ಮಾಸಿಕ,ಕನ್ನಡ,,
2179,ಪುಸ್ತಕ ನಿಧಿ,2003,ಉಡುಪಿ,ಮುನಿಯಾಲ್ ಗಣೇಶ್ ಶೆಣೈ,ಮುನಿಯಾಲ್ ಗಣೇಶ್ ಶೆಣೈ,ಮಾಸಿಕ,ಕನ್ನಡ,,
2180,ಶ್ರೀ ಶಾರದ,2003,ಉಡುಪಿ,ವೈ ಮೋಹನ್ ರಾವ್,ಬಿ ಕೃಷ್ಣ ಮೂರ್ತಿ ರಾವ್ ಅಂಬಲಪಾಡಿ,ಮಾಸಿಕ,ಕನ್ನಡ,,
2181,ಉಡುಪಿ ನ್ಯೂಸ್,2003,ಉಡುಪಿ,ಆಂಡೋ ಪೌಲ್ ಪುತ್ತೂರು,ಆಂಡೋ ಪೌಲ್ ಪುತ್ತೂರು,ಸಾಪ್ತಾಹಿಕ,ಕನ್ನಡ,,
2182,ಅನುಸಂಧಾನ,2003,ಸಿದ್ಧಾಪುರ,,ಗಣೇಶ ಹೆಗಡೆ,ತ್ರೈಮಾಸಿಕ,ಕನ್ನಡ,,
2183,ದ್ಯೇಯನಿಷ್ಠ ಪತ್ರಕರ್ತ,2003,ಶಿರಸಿ,,,ಸಾಪ್ತಾಹಿಕ,ಕನ್ನಡ,,1992
2184,ಜ್ಞಾನೇಶ್ವರಿ ಪ್ರಭಾ,2003,ಹೊನ್ನಾವರ,ಜ್ಞಾನೇಶ್ವರಿ ಪ್ರಕಾಶನ,ಎಸ್. ಮಂಜುನಾಥ್ ಶರ್ಮ,ಮಾಸಿಕ,ಕನ್ನಡ,,
2185,ಸಕಾಲಿಕ,2003,ಅಂಕೋಲ,ವಿಷ್ಣು ನಾಯ್ಕ್,ರಮಾ ನಾಯ್ಕ್ / ವಿಷ್ಣು ನಾಯ್ಕ್,ಸಾಪ್ತಾಹಿಕ,ಕನ್ನಡ,,
2186,ಭಾರತ್ ವಾಯ್ಸ್,2004,ಅನೇಕಲ್,ಕೆ ಮುನಿಯಪ್ಪ,ಕೆ ಮುನಿಯಪ್ಪ,ಸಾಪ್ತಾಹಿಕ,ಕನ್ನಡ,,
2187,ದೇವ ನಂದಿನಿ ವಾಣಿ,2004,ದೇವನಹಳ್ಳಿ,ಕೆ ಎಂ ದೇವರಾಜ,ಕೆ ಎಂ ದೇವರಾಜ,ಮಾಸಿಕ,ಕನ್ನಡ,,
2188,ಗರೀಬೀ ನಿಕಲ್,2004,ದೊಡ್ಡಬಳ್ಳಾಪುರ,ಆರ್ ರಮೇಶ್,ಆರ್ ರಮೇಶ್,ಮಾಸಿಕ,ಕನ್ನಡ,,
2189,ಹಸ್ತಪ್ರತಿ ಅಧ್ಯಾಯನ,2004,ಹಂಪಿ,"ಪ್ರಸಾರಾಂಗ, ಕನ್ನಡ ವಿಶ್ವ ವಿಧ್ಯಾನಿಲಯ",,ತ್ರೈಮಾಸಿಕ,ಕನ್ನಡ,,
2190,ಹೆಲೋ ನಾಗರಾಜ್,2004,ಹೂವಿನಹಡಗಲಿ/ಬಳ್ಳಾರಿ,ನಾಗರಾಜ್ ಮಲ್ಕಿ ವಡೇವರ್,ನಾಗರಾಜ್ ಮಲ್ಕಿ ವಡೇವರ್,ಪಾಕ್ಷಿಕ,ಕನ್ನಡ,,
2191,ಶಾಸನ ಅಧ್ಯಯನ,2004,ಹಂಪಿ,"ಪ್ರಸಾರಾಂಗ , ಕನ್ನಡ ವಿಶ್ವ ವಿಧ್ಯಾನಿಲಯ",,ಮಾಸಿಕ,ಕನ್ನಡ,,
2192,ಬ್ಯಾಂಗಳೂರ್ ನೈಟ್,2004,ಬೆಂಗಳೂರು,ಎಂ. ಎಸ್ ರಾಮಕುಮಾರ್,ಎಂ. ಎಸ್ ರಾಮಕುಮಾರ್,ತ್ರೈಮಾಸಿಕ,ಕನ್ನಡ,,
2193,ಬ್ಯಾಂಗಳೂರ್ ವಾರ,2004,ಬೆಂಗಳೂರು,,ವೈ ಹೆಚ್ ಮೋಹನ್ ರೆಡ್ಡಿ,ಪಾಕ್ಷಿಕ,ಕನ್ನಡ,,
2194,ಚಿನ್ನದ ನುಡಿ,2004,ಬೆಂಗಳೂರು,ಎನ್. ಶ್ರೀನಿವಾಸ್,ಎನ್. ಶ್ರೀನಿವಾಸ್,ಪಾಕ್ಷಿಕ,ಕನ್ನಡ,,
2195,ದೇವ ನಂದಿನಿ ವಾಣಿ,2004,ಬೆಂಗಳೂರು,ಕೆ ಎಂ ದೇವರಾಜು,ಕೆ ಎಂ ದೇವರಾಜು,ಮಾಸಿಕ,ಕನ್ನಡ,,
2196,ದುಡಿಯೋರ ಹೋರಾಟ,2004,ಬೆಂಗಳೂರು,ಜಿ ಸಿ ಜಗದೀಶ್,ಜಿ ಸಿ ಜಗದೀಶ್,ದ್ವೈಮಾಸಿಕ,ಕನ್ನಡ,,
2197,ಗ್ರಾಮ್ಯ / Gramya ಕಾಲ,2004,ಬೆಂಗಳೂರು,ಗಣೇಶ್ ಬಿ,ಗಣೇಶ್ ಬಿ,ಪಾಕ್ಷಿಕ,ಕನ್ನಡ,,
2198,ಹಂಗಾಮ,2004,ಬೆಂಗಳೂರು,,ವೆಂಕಟರಮಣ ಗೌಡ,ಪಾಕ್ಷಿಕ,ಕನ್ನಡ,,
2199,ಹಾಯ್ ಗೆಳತಿ,2004,ಬೆಂಗಳೂರು,ರಾಣಿ ಜೆ ಮಲ್ಲಿನಾಥಪುರ,ರಾಣಿ ಜೆ ಮಲ್ಲಿನಾಥಪುರ,ಮಾಸಿಕ,ಕನ್ನಡ,,
2200,ಹೀಗಿದೆ ರಾಜಧಾನಿ,2004,ಬೆಂಗಳೂರು,ಎಸ್ ಚಂದ್ರಶೇಖರ್ ರಾವ್,ಎಸ್ ಚಂದ್ರಶೇಖರ್ ರಾವ್,ಸಾಪ್ತಾಹಿಕ,ಕನ್ನಡ,,
2201,ಹೆಲೋ ಇಂಡಿಯನ್ಸ್ ,2004,ಬೆಂಗಳೂರು,ಜಿ. ಕೃಷ್ಣ,ಜಿ. ಕೃಷ್ಣ,ಮಾಸಿಕ,ಕನ್ನಡ,,
2202,ಇಬ್ಬನಿ ಕರಗಿತು,2004,ಬೆಂಗಳೂರು,ಎನ್ ಬಿ ಜಯರಾಮಪ್ಪ,ಎನ್ ಬಿ ಜಯರಾಮಪ್ಪ,ಮಾಸಿಕ,ಕನ್ನಡ,,
2203,ಇದು ಉದಯ ರವಿ,2004,ಬೆಂಗಳೂರು,"ವಿವೇಕಾನಂದ ಪಬ್ಲಿಕೇಷನ್, ಎಂ ಕುಮಾರ್",ವಿ ರವಿಕುಮಾರ್,ಪಾಕ್ಷಿಕ,ಕನ್ನಡ,,
2204,ಜಲ ಸಂವರ್ಧನೆ,2004,ಬೆಂಗಳೂರು,,ಪುನ್ನತಿ ಶ್ರೀಧರ್,,ಕನ್ನಡ,,
2205,ಕರ್ನಾಟಕ ಸಂದೇಶ,2004,ಬೆಂಗಳೂರು,ಜಿ ನಾಗರಾಜ್,ಜಿ ನಾಗರಾಜ್,ಮಾಸಿಕ,ಕನ್ನಡ,,
2206,ಕುಟುಂಬ ೨,2004,ಬೆಂಗಳೂರು,ಸುಮಾ ಎನ್. ಮೂರ್ತಿ,ಸುಮಾ ಎನ್. ಮೂರ್ತಿ,ಮಾಸಿಕ,ಕನ್ನಡ,,
2207,ಮಾಧ್ಯಮ ಅಕಾಡೆಮಿ ಪತ್ರಿಕೆ,2004,ಬೆಂಗಳೂರು,,,,ಕನ್ನಡ,,
2208,ಮಡಿವಾಳ ಜನಾಂಗ,2004,ಬೆಂಗಳೂರು,ಎಂ. ನರಸಪ್ಪ ಪಂಡಿತ್,ಎಂ. ನರಸಪ್ಪ ಪಂಡಿತ್,ಮಾಸಿಕ,ಕನ್ನಡ,,
2209,ಮಕ್ಕಳ ಚಿತ್ತ ಚಿತ್ತಾರದ ಅಂಗಳ,2004,ಬೆಂಗಳೂರು,ಕಮಲಾಕ್ಷಿ ಹರಿಪ್ರಕಾಶ್ ಸನಿಲ್,ಟಿ.ಎಸ್ ಸುದರ್ಶನ,ಪಾಕ್ಷಿಕ,ಕನ್ನಡ,,
2210,ನಾಡಿನಿಂದ ದೆಹಲಿಗೆ,2004,ಬೆಂಗಳೂರು,ಪಿ. ಸಾಯಿಬಾಬಾ,ಪಿ. ಸಾಯಿಬಾಬಾ,ಸಾಪ್ತಾಹಿಕ,ಕನ್ನಡ,,
2211,ನ್ಯೂಸ್ ಫೋರಮ್,2004,ಬೆಂಗಳೂರು,ಬಿ ಇ ಸುಬ್ರಮಣ್ಯ,ಬಿ ಇ ಸುಬ್ರಮಣ್ಯ,ಮಾಸಿಕ,ಕನ್ನಡ,,
2212,ಪದ್ಮಾಂಜಲಿ,2004,ಬೆಂಗಳೂರು,ಕರ್ನಾಟಕ ಪದ್ಮಶಾಲಿ ಸಂಘ,ಡಾ।। ಕೃಷ್ಣಯ್ಯ,ಮಾಸಿಕ,ಕನ್ನಡ,,
2213,ಪರಿಸರ ರತ್ನ,2004,ಬೆಂಗಳೂರು,ವಿ. ತ್ಯಾಗರಾಜ್,ವಿ. ತ್ಯಾಗರಾಜ್,ಮಾಸಿಕ,ಕನ್ನಡ,,
2214,ಪರಿಸರ ವಾಧಿ,2004,ಬೆಂಗಳೂರು,ಎಂ ಎನ್ ಮುನೇಗೌಡ,ಎಂ ಎನ್ ಮುನೇಗೌಡ,ಪಾಕ್ಷಿಕ,ಕನ್ನಡ,,
2215,ಪವಿತ್ರ ಸಂಜೆ,2004,ಬೆಂಗಳೂರು,,,ದೈನಿಕ,ಕನ್ನಡ,,
2216,ಪಿಸುಮಾತು,2004,ಬೆಂಗಳೂರು,ಶ್ರೀಪತಿ ಎಂ ಗೋಗಡಿಗೆ,ಶ್ರೀಪತಿ ಎಂ ಗೋಗಡಿಗೆ,,ಕನ್ನಡ,,
2217,ಪ್ರಜಾ ಹಿತೈಷಿ,2004,ಬೆಂಗಳೂರು,ಸುರೇಶ್ ಪಿ,ಸುರೇಶ್ ಪಿ,ಮಾಸಿಕ,ಕನ್ನಡ,,
2218,ರೈತ ಕ್ರಾಂತಿ,2004,ಬೆಂಗಳೂರು,ಬಿ ಎಸ್ ಪಾಟೀಲ್,ಬಿ ಎಸ್ ಪಾಟೀಲ್,ಪಾಕ್ಷಿಕ,ಕನ್ನಡ,,
2219,ರಾಜ್ಯ ಧ್ವನಿ,2004,ಬೆಂಗಳೂರು,ಜಿ ಎನ್ ಅಮರ್ ಬಾಬು,ಜಿ ಎನ್ ಅಮರ್ ಬಾಬು,ಮಾಸಿಕ,ಕನ್ನಡ,,
2220,ಸಾರಿಗೆ ಇಲಾಖಾ ವರದಿ,2004,ಬೆಂಗಳೂರು,ಎಸ್ ಮನೋಹರ್,ಎಸ್ ಮನೋಹರ್,ಮಾಸಿಕ,ಕನ್ನಡ,,
2221,ಸಾದರ ಸುದ್ದಿ ,2004,ಬೆಂಗಳೂರು,ಹೆಚ್. ಹನುಮಂತರಾಯ,ಹೆಚ್. ಹನುಮಂತರಾಯ,ಮಾಸಿಕ,ಕನ್ನಡ,,
2222,ಸಂಚಾರ,2004,ಬೆಂಗಳೂರು,ಬೆಂ ಮ ಸಾ ಸಂ,,Private Circulation,ಕನ್ನಡ,,
2223,ಶ್ರೀನಾಥ್ ಪತ್ರಿಕೆ,2004,ಬೆಂಗಳೂರು,,,,ಕನ್ನಡ,,
2224,ಸುದ್ದಿ ಖಜಾನೆ,2004,ಬೆಂಗಳೂರು,,ಕಸ್ತೂರಿ ಗಜೇಂದ್ರ ಗಡ,ಪಾಕ್ಷಿಕ,ಕನ್ನಡ,,
2225,ಸೂರ್ಯೋದಯ,2004,ಬೆಂಗಳೂರು,ಜಿ. ಕುಮಾರ್,ಜಿ. ಕುಮಾರ್,ದೈನಿಕ,ಕನ್ನಡ,,
2226,ಸ್ವದೇಶಿ ಉದ್ಯಮ,2004,ಬೆಂಗಳೂರು,ಬಿ.ಕೆ.ಪ್ರಸನ್ನ,ಬಿ.ಕೆ.ಪ್ರಸನ್ನ,ಮಾಸಿಕ,ಕನ್ನಡ,,
2227,ಟೈಮ್ಸ್ ಆಪ್ ಬೆಂಗಳೂರು,2004,ಬೆಂಗಳೂರು,ಪಿ. ವೆಂಕಟೇಶ್,ಪಿ. ವೆಂಕಟೇಶ್,ಮಾಸಿಕ,ಕನ್ನಡ,,
2228,ವಾರ ಪತ್ರಿಕೆ,2004,ಬೆಂಗಳೂರು,ಭಾಗ್ಯ ಕೃಷ್ಣಮೂರ್ತಿ,ಭಾಗ್ಯ ಕೃಷ್ಣಮೂರ್ತಿ,ಸಾಪ್ತಾಹಿಕ,ಕನ್ನಡ,,
2229,ವಾರದ ಮುನ್ನೋಟ,2004,ಬೆಂಗಳೂರು,ಪಿನಾಕಪಾಣಿ ಎಸ್ ,ಪಿನಾಕಪಾಣಿ ಎಸ್ ,,ಕನ್ನಡ,,
2230,ವರ್ತೂರ್ ವಾಣಿ,2004,ಬೆಂಗಳೂರು,ಎನ್ ಪಿ ಮುನಿರಾಜು,ಎನ್ ಪಿ ಮುನಿರಾಜು,ಪಾಕ್ಷಿಕ,ಕನ್ನಡ,,
2231,ವಿನಿವಿಂಕ್ ಟೈಮ್ಸ್,2004,ಬೆಂಗಳೂರು,ಕೆ ಎನ್ ಶ್ರೀನಿವಾಸ್,ಕೆ ಎನ್ ಶ್ರೀನಿವಾಸ್,ಪಾಕ್ಷಿಕ,ಕನ್ನಡ,,
2232,ದೇವಾನಾಮ್ಪ್ರಿಯಾ,2004,ಶಿಡ್ಲಘಟ್ಟ,ಸಿ ವಿ ಲಕ್ಷ್ಮಣರಾಜು,ಎಂ ನಾರಾಯಣಸ್ವಾಮಿ,ಪಾಕ್ಷಿಕ,ಕನ್ನಡ,,
2233,ಹಾಯ್ ಚಿಕ್ಕಮಗಳೂರು,2004,ಚಿಕ್ಕಮಗಳೂರು,ಕೆ.ಕುಮಾರ್,ಕೆ.ಕುಮಾರ್,ಪಾಕ್ಷಿಕ,ಕನ್ನಡ,,
2234,ಹಾಯ್ ಸುದ್ದಿ,2004,ಎನ್.ಆರ್.ಪುರ,,ಹಾತೂರು ಪ್ರಭಾಕರ್,ಪಾಕ್ಷಿಕ,ಕನ್ನಡ,,
2235,ಸೋಮು ಪತ್ರಿಕೆ,2004,ಕಡೂರು/ಚಿಕ್ಕಮಗಳೂರು,ಸೋಮಶೇಖರ್,ಸೋಮಶೇಖರ್,ಪಾಕ್ಷಿಕ,ಕನ್ನಡ,,
2236,ಗುರು ಆಶಿಶ್,2004,ಧಾರವಾಡ,"ಪ. ಪು. ಶ್ರೀ. ಧರ್ಮಸೇವಾ ಭಟ್ಟಾರಕ ಪಟ್ಟಾಚಾರ್ಯ ಮಹಾಸ್ವಾಮಿಗಳು, ಜೈನಮಠ",ಜಿ ಬಿ ಲೋಬೋಗೊಲಾ,ಮಾಸಿಕ,ಕನ್ನಡ,,
2237,ರೈತ ಕ್ರಾಂತಿ,2004,ಹುಬ್ಬಳ್ಳಿ,,ಪಟೇಲ್,ಪಾಕ್ಷಿಕ,ಕನ್ನಡ,,
2238,ರಸವಂತಿ,2004,ಹುಬ್ಬಳ್ಳಿ/ಧಾರವಾಡ,ಟಿ.ಎಂ. ಜಾದವ್,ಟಿ.ಎಂ. ಜಾದವ್,ಮಾಸಿಕ,ಕನ್ನಡ,,
2239,ಶ್ರೀ ಜ್ಞಾನೇಶ್ವರಿ,2004,ಧಾರವಾಡ,ಸದ್ಗುರು ಶ್ರೀ ಬ್ರಹ್ಮಚೈತನ್ಯ ವಾಂಗ್ಮಯ ಪ್ರಕಾಶನ ಪ್ರತಿಷ್ಠಾನಕ್ಕೆ ದತ್ತಾವಧೂತ,ದತ್ತಾವಧೂತ,ಮಾಸಿಕ,ಕನ್ನಡ,,
2240,ಆತ್ಮ ಶಕ್ತಿ,2004,ಮಂಗಳೂರು,ನಾರಾಯಣಗುರು ಸ್ವಪ್ರಕಾಶನದ ಪರವಾಗಿ ಎ.ವಾಮನ,ಕೆ ವಾಮನ್,ತ್ರೈಮಾಸಿಕ,ಕನ್ನಡ,,
2241,ಬಿಲ್ಲವರ ವಿಶ್ವವಾಣಿ,2004,ಮುಲ್ಕಿ/ದಕ್ಷಿಣಕನ್ನಡ,,,ಪಾಕ್ಷಿಕ,ಕನ್ನಡ,,
2242,ಎನ್ಕೌಂಟರ್,2004,ಮಂಗಳೂರು,ಇಕ್ಬಾಲ್ ಕುತ್ತಾರ್,ಇಕ್ಬಾಲ್ ಕುತ್ತಾರ್,ಪಾಕ್ಷಿಕ,ಕನ್ನಡ,,
2243,ಹಾ ಮೇದಿನಿ,2004,ದಕ್ಷಿಣಕನ್ನಡ,ಜಯಣ್ಣ ಅರಸೀಕೆರೆ,ಜಯಣ್ಣ ಅರಸೀಕೆರೆ,ಸಾಪ್ತಾಹಿಕ,ಕನ್ನಡ,,
2244,ಹಾಯ್ ಕರಾವಳಿ,2004,ಮಂಗಳೂರು,,,ಪಾಕ್ಷಿಕ,ಕನ್ನಡ,,
2245,ಹಿಂದೂಳಿದ್ವಾರ ವಾಣಿ,2004,ದಕ್ಷಿಣಕನ್ನಡ,ಜಯಾನಂದ ದೇವಾಡಿಗ ಎಂ,ಜಯಾನಂದ ದೇವಾಡಿಗ ಎಂ,ಮಾಸಿಕ,ಕನ್ನಡ,,
2246,ಹೊಂಗಿರಣ,2004,ಮಂಗಳೂರು,ಜೆಸಿಐ ಮಡಂತ್ಯಾರ್,ಸಂಪತ್ ಬಿ ಸುವರ್ಣ,ದೈನಿಕ,ಕನ್ನಡ,,
2247,ಹೊಸ ಚೇತನ,2004,ಮಂಗಳೂರು,ವಿಲ್ಫ್ರೆಡ್ ಲೋಬೋ,ವಿಲ್ಫ್ರೆಡ್ ಲೋಬೋ,ಮಾಸಿಕ,ಕನ್ನಡ,,
2248,ಕಡಲ ತೀರದ ಅಪರಾಧ,2004,ಮಂಗಳೂರು,,,ಪಾಕ್ಷಿಕ,ಕನ್ನಡ,,
2249,ಲೋಕಾಯುಕ್ತ ದರ್ಶನ,2004,ಮಂಗಳೂರು,ವೆಂಕಟೇಶ ಭಟ್,ಶಶಿಕುಮಾರ್ ಎಂ.ಬಿ,ಪಾಕ್ಷಿಕ,ಕನ್ನಡ,,
2250,ನಮ್ಮ ಭೂಮಿ,2004,ಮಂಗಳೂರು,ಬಿ.ಎನ್. ಅಶೋಕ ಶೆಟ್ಟಿ,ಬಿ.ಎನ್. ಅಶೋಕ ಶೆಟ್ಟಿ,ಸಾಪ್ತಾಹಿಕ,ಕನ್ನಡ,,
2251,ಪೆರ್ನಾಲ್,2004,ಮಂಗಳೂರು,ಉಮರ್ ಯು ಹೆಚ್,ಉಮರ್ ಯು ಹೆಚ್,ಮಾಸಿಕ,ಕನ್ನಡ,,
2252,ಸಂಜೆವಾಣಿ,2004,ಮಂಗಳೂರು,,,ದೈನಿಕ,ಕನ್ನಡ,,
2253,ಯಶಸ್ಸು,2004,ಮಂಗಳೂರು,ಪ್ರವೀಣ್ ಜೆ ಎಸ್,ಭಾಸ್ಕರ್ ಎಸ್ ಎಡಪದವು,ತ್ರೈಮಾಸಿಕ,ಕನ್ನಡ,,
2254,ಈ ವಾರದ ವಾರ್ತಾ,2004,ಗದಗ,ಸಿ ಎಸ್ ಬೇಗ್,ಸಿ ಎಸ್ ಬೇಗ್ / ಮುಳುಗುಂದ ಡಿ,ಸಾಪ್ತಾಹಿಕ,ಕನ್ನಡ,,
2255,ಶ್ರೀ ಕರವೀರ್ ಚಿಲ್ಲಿಸ್,2004,ಹಾವೇರಿ,ದತ್ತಾತ್ರಯ ವಿ ನಾಡಿಗೇರ್,ದತ್ತಾತ್ರಯ ವಿ ನಾಡಿಗೇರ್,ಸಾಪ್ತಾಹಿಕ,ಕನ್ನಡ,,
2256,ತುಳುವೆರ ತುದಿಪು,2004,ಮಡಿಕೇರಿ,ಬಿ ಎಂ ಕೆ ವಸುರಾಯ್,ಬಿ ಎಂ ಕೆ ವಸುರಾಯ್,ಸಾಪ್ತಾಹಿಕ,ತುಳು,,
2257,ಹಾಯ್ ಕೋಲಾರ,2004,ಕೋಲಾರ,,ಪಿ ಮಂಜುನಾಥ್ / ಕೆ ಸಿ ಜ್ಞಾನೇಶ್ / ಎಂ ಮುನಿರಾಜ್,,ಕನ್ನಡ,,
2258,ಕುಂದನ,2004,ಕುಷ್ಟಗಿ,,ನಟರಾಜ್ ಸೋನಾರ್,ಮಾಸಿಕ,ಕನ್ನಡ,,
2259,ಅಲೆಮಾರಿ,2004,ಮೈಸೂರು,ರಾಜೇಶ್ ಬೋರ್,ರಾಜೇಶ್ ಬೋರ್,ಸಾಪ್ತಾಹಿಕ,ಕನ್ನಡ,,
2260,ಹೊಸಾ ಅಯಾಮ,2004,ಮೈಸೂರು,,,ಮಾಸಿಕ,ಕನ್ನಡ,,
2261,ಒಡಲಾಳ,2004,ಮೈಸೂರು,ಎಂ. ಮಹದೇವಮ್ಮ,ಎಂ. ಮಹದೇವಮ್ಮ,ಮಾಸಿಕ,ಕನ್ನಡ,,
2262,ಸವಿಗನ್ನಡ,2004,ಮೈಸೂರು,ರಂಗನಾಥ್ ಮೈಸೂರು,ರಂಗನಾಥ್ ಮೈಸೂರು,ಪಾಕ್ಷಿಕ,ಕನ್ನಡ,,
2263,ಶೃಂಗಾರ ದೀಪ,2004,ಮೈಸೂರು,ಶ್ರುಂಗರ್ ಸರ್ಜಾ,ಶ್ರುಂಗರ್ ಸರ್ಜಾ,ಮಾಸಿಕ,ಕನ್ನಡ,,
2264,ಸ್ವಾತಿ ಮುತ್ತು,2004,ಮೈಸೂರು,ಜೆ.ಕೃಷ್ಣ,ಜೆ.ಕೃಷ್ಣ,ಪಾಕ್ಷಿಕ,ಕನ್ನಡ,,
2265,ಈಶಾನ್ಯ ಕರ್ನಾಟಕ,2004,ರಾಯಚೂರು,ಗುರುಕೃಪಾ ಆಫ್‌ಸೆಟ್ ಪ್ರಿಂಟರ್ಸ್,ಪಿ ಗುಡಪ್ಪ/ರಾಘವೇಂದ್ರ ಕುಷ್ಟಗಿ,ದೈನಿಕ,ಕನ್ನಡ,,
2266,ಸಿಂಧನೂರ ಸಿಂಧೂರವಾಣಿ,2004,ರಾಯಚೂರು/ಸಿಂಧನೂರು,ಬಿ.ಅಮರೇಶ,ಬಿ.ಅಮರೇಶ,ದೈನಿಕ,ಕನ್ನಡ,,
2267,ಗಮಕ ಸಂಪದ,2004,ಶಿವಮೊಗ್ಗ,ಎಚ್ ಆರ್ ಕೇಶವ ಮೂರ್ತಿ,ರಾಜಾರಾಮ್ ಮೂರ್ತಿ,ಮಾಸಿಕ,ಕನ್ನಡ,,
2268,ಜನನ ಪ್ರಕಾಶ್,2004,ಸಾಗರ,,,ಪಾಕ್ಷಿಕ,ಕನ್ನಡ,,
2269,ಕರುನಾಡ ಸಂಜೆ,2004,ಶಿವಮೊಗ್ಗ,ಕುಮಾರ್ ಜಿ,ಕುಮಾರ್ ಜಿ,ದೈನಿಕ Evening,ಕನ್ನಡ,,
2270,ಮಿಂಚಿನ ಸಂಚಾರ,2004,ಸೊರಬ,ಪ್ರಶಾಂತ್,ಪ್ರಶಾಂತ್,ಸಾಪ್ತಾಹಿಕ,ಕನ್ನಡ,,
2271,ಪರಿಸರ,2004,‌ಭದ್ರಾವತಿ,ಶಿವರಾಂ,ಭದ್ರಾವತಿ ಶಿವರಾಂ,,ಕನ್ನಡ,,
2272,ಸಾಗರ ಹೊಸ ಉದ್ಯೋಗಿ,2004,ಸಾಗರ,ದೇವೇಂದ್ರ ಪಂಡಿತ್:,ದೇವೇಂದ್ರ ಪಂಡಿತ್:,ಸಾಪ್ತಾಹಿಕ,ಕನ್ನಡ,,
2273,ಸಾಗರ ಸುತ್ತ,2004,ಸಾಗರ,ಜಿ ನಾಗೇಶ್,ಜಿ ನಾಗೇಶ್,ದೈನಿಕ,ಕನ್ನಡ,,
2274,ಕಾಣುವ,2004,ತುಮಕೂರು,ಮುನಿರಾಜು,ಬಂಡೆಪಾಲೆ ನಾಗರಾಜ,ಮಾಸಿಕ,ಕನ್ನಡ,,
2275,ಸಾಯಿ ಚೇತನ್,2004,ತುಮಕೂರು,ಮಹಾಲಕ್ಷ್ಮಿ,ಮಹಾಲಕ್ಷ್ಮಿ,ಸಾಪ್ತಾಹಿಕ,ಕನ್ನಡ,,
2276,ಪ್ರಚಲಿತ,2004,ಉಡುಪಿ,ಸುರೇಶ್ ಶೆಟ್ಟಿ,ಸುರೇಶ್ ಶೆಟ್ಟಿ,ಪಾಕ್ಷಿಕ,ಕನ್ನಡ,,
2277,ಹಾಯ್ ಹೊನ್ನಾವರ,2004,ಹೊನ್ನಾವರ,,ಮುರಳೀಧರ ಗಾಯತೊಂಡೆ,ಸಾಪ್ತಾಹಿಕ,ಕನ್ನಡ,,
2278,ಸುದ್ದಿ ಡೈರಿ,2004,ಶಿರಸಿ,ಪರಮಾನಂದ ಹೆಗಡೆ,ಪರಮಾನಂದ ಹೆಗಡೆ,ಸಾಪ್ತಾಹಿಕ,ಕನ್ನಡ,,
2279,ಸಹ್ಯಾದ್ರಿ ಸೌರಭ,2004,ಹೊನ್ನಾವರ,ಶ್ರೀ ಶಕ್ತಿ ಪಬ್ಲಿಕೇಷನ್ಸ್,ಸುಬ್ರಹ್ಮಣ್ಯ ಹೆಗಡೆ,ಮಾಸಿಕ,ಕನ್ನಡ,,
2280,ಸಂಜ್ಜೆ ಅಲೆ,2004,ಶಿರಸಿ,ಸುರೇಶ್ ವೈ.ಜಿ,ಸುರೇಶ್ ವೈ.ಜಿ,ದೈನಿಕ,ಕನ್ನಡ,,
2281,ಬೀದರ್ ಕ್ರಾಂತಿ,2005,ಬೀದರ್,ಶಾಂತಕುಮಾರ ಹೊನಲೆ,ಶಾಂತ ಕುಮಾರ ಹೊನಲೆ / ಸುನೀಲ್ ಕುಮಾರ್ ಹೊನಲೆ,ದೈನಿಕ,ಕನ್ನಡ,,
2282,ಚೇತನ ತರಂಗ,2005,ಬೀದರ್,ಕಲ್ಯಾಣ ಕರ್ನಾಟಕ,ಶಿವಯೋಗೀಶ್ವರ ಮಹಾಸ್ವಾಮಿಗಳು / ರಘುಶಂಕರ ಭಾತಂಬ್ರಾ/ ಸಿದ್ದರಾಮಯ್ಯ ಹಿರೇಮಠ,ಮಾಸಿಕ,ಕನ್ನಡ,,
2283,ಹಾಯ್ ಮಿಂಚು,2005,ಬಾಗಲಕೋಟೆ,ಎಂ ಬಿ ಕೊಡಗಲ್,ಎಂ ಬಿ ಕೊಡಗಲ್,ದೈನಿಕ,ಕನ್ನಡ,,
2284,ಸಂಜೆ ದರ್ಶನ್,2005,ಬಾಗಲಕೋಟೆ,ಮಹೇಶ.ಎಸ್ ಅಂಗಡಿ,ಮಹೇಶ.ಎಸ್ ಅಂಗಡಿ,ದೈನಿಕ Evening,ಕನ್ನಡ,,
2285,ಸೂಪರ್ ಟೈಮ್ಸ್,2005,ಬಾಗಲಕೋಟೆ,ಎಮ್ ಎಲ್ ಸರ್ಕಾವಾಸ್,ಎಮ್ ಎಲ್ ಸರ್ಕಾವಾಸ್,ದೈನಿಕ,ಕನ್ನಡ,,
2286,ದೊಡ್ಡಬಳ್ಳಾಪುರ ಕಂಡ,2005,ದೊಡ್ಡಬಳ್ಳಾಪುರ,ಎಂ ಮುನಿಸ್ವಾಮಿ,ಎಂ ಮುನಿಸ್ವಾಮಿ,ಮಾಸಿಕ,ಕನ್ನಡ,,
2287,ಗಾಡಿ ಭಾಗ,2005,ಅನೇಕಲ್,ಎಂ ಲಕ್ಷ್ಮಣ್,ಎಂ ಲಕ್ಷ್ಮಣ್,ಮಾಸಿಕ,ಕನ್ನಡ,,
2288,ಸ್ನೇಹಕ್ಕೆ ಸಿದ್ದ,2005,ದೇವನಹಳ್ಳಿ,,ಕೆ ಶ್ರೀನಿವಾಸ್,ಮಾಸಿಕ,ಕನ್ನಡ,,"1986,Fou nder editor- Devdas"
2289,ಯುವ ರತ್ನ ಧ್ವನಿ,2005,ವಿಜಯಪುರ/ದೇವನಹಳ್ಳಿ,ತಿರುಮಲಪ್ಪ,ತಿರುಮಲಪ್ಪ,ಮಾಸಿಕ,ಕನ್ನಡ,,
2290,ಅಥಾನಿ ದರ್ಶನಿ,2005,ಬೆಳಗಾವಿ,ಪ್ರಶಾಂತ್ ರಾವ್,ಪ್ರಶಾಂತ್ ರಾವ್,ಸಾಪ್ತಾಹಿಕ,ಕನ್ನಡ,,
2291,ಲೋಕ ಕ್ರಾಂತಿ,2005,ಬೆಳಗಾವಿ,"ಹಿರೋಜಿಮ್, ಮಾವರ್ಕರ್","ಹಿರೋಜಿಮ್, ಮಾವರ್ಕರ್",ದೈನಿಕ,ಕನ್ನಡ,,
2292,ಲೋಕ ವಾರ್ತೆ,2005,ಬೆಳಗಾವಿ,ಮಾಯಪ್ಪ ಬಿ ಮಾವರಕರ್,ಮಾಯಪ್ಪ ಬಿ ಮಾವರಕರ್,ದೈನಿಕ,ಕನ್ನಡ,,
2293,ಅಶ್ವಮೇಧ,2005,ಮೂಡಲಗಿ/ಬಳ್ಳಾರಿ,ಶಿವಾನಂದ ಮುಧೋಳ,ಶಿವಾನಂದ ಮುಧೋಳ,ಸಾಪ್ತಾಹಿಕ,ಕನ್ನಡ,,
2294,ಕನ್ನಡಿಗರ ಸಿಂಹ,2005,ಬಳ್ಳಾರಿ,ಬಿ ಕೆ ಬಸವರಾಜು,ಬಿ ಕೆ ಬಸವರಾಜು,ಪಾಕ್ಷಿಕ,ಕನ್ನಡ,,
2295,ಅನು ವಾಯ್ಸ್,2005,ಬೆಂಗಳೂರು,ಎನ್.ರಾಮು,ಎನ್.ರಾಮು,ಮಾಸಿಕ,ಕನ್ನಡ,,
2296,ಬೆಂಗಳೂರು ಸಿಂಹ,2005,ಬೆಂಗಳೂರು,,ಎಂ.ಬಿ.ಹಳ್ಳಿ,ಮಾಸಿಕ,ಕನ್ನಡ,,
2297,ಬೆಂಗಳೂರು ರತ್ನ,2005,ಬೆಂಗಳೂರು,ಎಂ.ಬಿ.ಲಿಂಗರಾಜು,ಎಂ.ಬಿ.ಲಿಂಗರಾಜು,ಮಾಸಿಕ,ಕನ್ನಡ,,
2298,ಭಾರತ ಸೇವಾದಳ ಪತ್ರಿಕೆ,2005,ಬೆಂಗಳೂರು,ಯು ಆರ್ ಸಬಾಪತಿ,ಯು ಆರ್ ಸಬಾಪತಿ,ಮಾಸಿಕ,ಕನ್ನಡ,,
2299,ಭೀಮರಾವ್,2005,ಬೆಂಗಳೂರು,ನಾಗರಾಜ ಎಸ್,ನಾಗರಾಜ ಎಸ್,ಮಾಸಿಕ,ಕನ್ನಡ,,
2300,ದಿಲ್ ಧೈರ್ಯ,2005,ಬೆಂಗಳೂರು,ಎನ್.ಕೆ. ನಂಜುಂಡ ಸ್ವಾಮಿ,ಎನ್.ಕೆ. ನಂಜುಂಡ ಸ್ವಾಮಿ,ಸಾಪ್ತಾಹಿಕ,ಕನ್ನಡ,,
2301,ಈ ಭಾನುವರ,2005,ಬೆಂಗಳೂರು,ಮಹದೇವ ಪ್ರಕಾಶ್,ಮಹದೇವ ಪ್ರಕಾಶ್,,ಕನ್ನಡ,,
2302,ಗರ್ವ,2005,ಬೆಂಗಳೂರು,ಎಂ ಹೆಚ್ ಸುಧೀರ್ ಕುಮಾರ್ ಮುರೋಳಿ,ಎಂ ಹೆಚ್ ಸುಧೀರ್ ಕುಮಾರ್ ಮುರೋಳಿ,ಸಾಪ್ತಾಹಿಕ,ಕನ್ನಡ,,
2303,ಹಾಯ್ ಸಾರ್ವಜನಿಕ,2005,ಬೆಂಗಳೂರು,ಸಿ.ಆಂಟನಿ ರಾಜ್,ಸಿ.ಆಂಟನಿ ರಾಜ್,ಮಾಸಿಕ,ಕನ್ನಡ,,
2304,ಜಾಗೃತಿ ಸಮರ,2005,ಬೆಂಗಳೂರು,ಎಂ. ದೇವರಾಜು,ಎಂ. ದೇವರಾಜು,ಮಾಸಿಕ,ಕನ್ನಡ,,
2305,ಜೈ ಭೀಮ ಗದೆ,2005,ಬೆಂಗಳೂರು,ಶಂಕರ ಕೋಡ್ಲಾ,ಶಂಕರ ಕೋಡ್ಲಾ,ದೈನಿಕ (Evening),ಕನ್ನಡ,,
2306,ಕನ್ಯಾಕುಮಾರಿ ವಾಣಿ,2005,ಬೆಂಗಳೂರು,ಎಂ. ವೆಂಕಟೇಶ್,ಎಂ. ವೆಂಕಟೇಶ್,ಮಾಸಿಕ,ಕನ್ನಡ,,
2307,ಕಾರ್ಮಿಕ ಹೋರಾಟ,2005,ಬೆಂಗಳೂರು,ಚಿಕ್ಕೇಗೌಡ,ಚಿಕ್ಕೇಗೌಡ,ಮಾಸಿಕ,ಕನ್ನಡ,,
2308,ಕೆಂಡ,2005,ಬೆಂಗಳೂರು,ಎಸ್. ದಿವಾಕರ್,ಎಸ್. ದಿವಾಕರ್,ಪಾಕ್ಷಿಕ,ಕನ್ನಡ,,
2309,ಮಾತಾ ಮಂತ್ರ ತಂತ್ರ,2005,ಬೆಂಗಳೂರು,ರಾಜು ವೆಂಕಟೇಶ್,ರಾಜು ವೆಂಕಟೇಶ್,,ಕನ್ನಡ,,
2310,ಮಧುರಾ ರಹಸ್ಯ,2005,ಬೆಂಗಳೂರು,ಡಿ.ಎಸ್.ಮಧುರ,ಡಿ.ಎಸ್.ಮಧುರ,ಮಾಸಿಕ,ಕನ್ನಡ,,
2311,ಮಾಗಡಿ ವಾಣಿ,2005,ಬೆಂಗಳೂರು,ಎಂ ಎಸ ಸಿದ್ದಲಿಂಗೇಶ್ವರ,ಎಂ ಎಸ ಸಿದ್ದಲಿಂಗೇಶ್ವರ,ಪಾಕ್ಷಿಕ,ಕನ್ನಡ,,
2312,ನೈಜ ವಾರದಿ,2005,ಬೆಂಗಳೂರು,ಬಿ ಆರ್ ಸತ್ಯನಾರಾಯಣ,ಬಿ ಆರ್ ಸತ್ಯನಾರಾಯಣ,ಪಾಕ್ಷಿಕ,ಕನ್ನಡ,,
2313,ನವಿಲು ಗರಿ,2005,ಬೆಂಗಳೂರು,,ಶರ್ಮಾ ಎನ್,,ಕನ್ನಡ,,
2314,ನವ ಕನ್ನಡಿಗರು,2005,ಬೆಂಗಳೂರು,ಎನ್.ಎಸ್. ಮಹೇಶ್ ಕುಮಾರ್,ಎನ್.ಎಸ್. ಮಹೇಶ್ ಕುಮಾರ್,ದೈನಿಕ,ಕನ್ನಡ,,
2315,ನೀರ ಮಾತು,2005,ಬೆಂಗಳೂರು,ಗಣೇಶ ಮೊಕಾಶಿ,ಗಣೇಶ ಮೊಕಾಶಿ,ಮಾಸಿಕ,ಕನ್ನಡ,,
2316,ಪತ್ರಕರ್ತರ ಡೈರಿ,2005,ಬೆಂಗಳೂರು,ಸುಭಪ್ರಿಯಾ ಎಂ ಡಿ,ಸುಭಪ್ರಿಯಾ ಎಂ ಡಿ,ಪಾಕ್ಷಿಕ,ಕನ್ನಡ,,
2317,ಪೊಲೀಸ್ ಸುದ್ದಿ,2005,ಬೆಂಗಳೂರು,ಕೆ ಲಕ್ಷ್ಮೀನಾರಾಯಣ,ಕೆ ಲಕ್ಷ್ಮೀನಾರಾಯಣ,ಪಾಕ್ಷಿಕ,ಕನ್ನಡ,,
2318,ಪೋಲಿಸರ ಸುದ್ದಿ,2005,ಬೆಂಗಳೂರು,ಎ. ಲಕ್ಷ್ಮೀ ನಾರಾಯಣ,ಎ. ಲಕ್ಷ್ಮೀ ನಾರಾಯಣ,ಪಾಕ್ಷಿಕ,ಕನ್ನಡ,,
2319,ಪ್ರಜಾಮಠ,2005,ಬೆಂಗಳೂರು,ಅಶೋಕ್ ಬಾಬು ಎಸ್,ಅಶೋಕ್ ಬಾಬು ಎಸ್,ಸಾಪ್ತಾಹಿಕ,ಕನ್ನಡ,"1931, edi: B N Gupta, B N Chandrappa",
2320,ರಂಗ ವಿಟಲ,2005,ಬೆಂಗಳೂರು,ಶ್ರೀ ಪಾದರಾಜ ಮಟ್ಟಾ,ಬಿ ಲಕ್ಷ್ಮೀ ನಾರಾಯಣ,ಮಾಸಿಕ,ಕನ್ನಡ,,
2321,ಸೇವಾ ನಿರ್ದೇಶನ,2005,ಬೆಂಗಳೂರು,ಕೆ.ಎಸ್. ನಾಗಭೂಷಣ,ಕೆ.ಎಸ್. ನಾಗಭೂಷಣ,,ಕನ್ನಡ,,
2322,ಸ್ನೇಹ ಚಿಂತನೆ,2005,ಬೆಂಗಳೂರು,ಪೃಥ್ವಿ ರಾಜ ರೈ ಕೆ,ಎಸ್ ಆರ್ ಹೆಗಡೆ,ಮಾಸಿಕ,ಕನ್ನಡ,,
2323,ಸ್ಪರ್ಧೆಯ ಜಗತ್ತು,2005,ಬೆಂಗಳೂರು,ಬಿ ಆರ್ ಬಾಲಕೃಷ್ಣ,ಬಿ ಆರ್ ಬಾಲಕೃಷ್ಣ,ಮಾಸಿಕ,ಕನ್ನಡ,,
2324,ಶ್ರೀ ವಿಶ್ವಕರ್ಮ ಧರ್ಮ ಪ್ರಚಾರ,2005,ಬೆಂಗಳೂರು,ಟಿ.ಆರ್.ಫ್ರಭಾಕರ್,ಟಿ.ಆರ್.ಫ್ರಭಾಕರ್,ಪಾಕ್ಷಿಕ,ಕನ್ನಡ,,
2325,ಉಷಾ ಕಿರಣ,2005,ಬೆಂಗಳೂರು,,,ದೈನಿಕ,ಕನ್ನಡ,,
2326,ವಾಲ್ಮೀಕಿ ಭಾರತದ ಹಕ್ಕುಗಳು,2005,ಬೆಂಗಳೂರು,ಟಿ.ಅಶ್ವಥಾಮ,ಟಿ.ಅಶ್ವಥಾಮ,ದೈನಿಕ,ಕನ್ನಡ,,
2327,ವಸುಂದರೆ,2005,ಬೆಂಗಳೂರು,ಪ್ರಿಯದರ್ಶಿನಿ ಇಂದಿರಾ ಮಹಿಳಾ ಸಮಾಜ,ಎಸ್ ಅಂಬುಜಾ ಪ್ರಕಾಶ್,ಮಾಸಿಕ,ಕನ್ನಡ,,
2328,ವಿಶ್ವ ಸೈನ್ಯ,2005,ಬೆಂಗಳೂರು,ವಿ ಆರ್ ಮುದ್ದಣ್ಣ,ವಿ ಆರ್ ಮುದ್ದಣ್ಣ,ಮಾಸಿಕ,ಕನ್ನಡ,,
2329,ಭಾರತದ ಧ್ವನಿ,2005,ಬೆಂಗಳೂರು,ಎಸ್ ಸಿ ಜಗನ್ನಾಥ ರೆಡ್ಡಿ,ಎಸ್ ಸಿ ಜಗನ್ನಾಥ ರೆಡ್ಡಿ,ಮಾಸಿಕ,ಕನ್ನಡ,,
2330,ಭಾರತದ ವಾಲ್ಮೀಕಿ ಹಕ್ಕುಗಳು,2005,ಚಿಕ್ಕಬಳ್ಳಾಪುರ,ಟಿ.ಅಶ್ವಥಾಮ,ಟಿ.ಅಶ್ವಥರಾಮಯ್ಯ/ಬಿ ಎ ತಾಯಮ್ಮನಿ,ದೈನಿಕ,ಕನ್ನಡ,,
2331,ಗುರುಕುಲ ದರ್ಶನಂ,2005,,,,,ಕನ್ನಡ,,
2332,ಮಲೆನಾಡ ರಹಸ್ಯ,2005,ಎನ್.ಆರ್ಪುರ/ಚಿಕ್ಕಮಗಳೂರು,ಹತ್ತೂರು ಪ್ರಭಾಕರ್,ಹತ್ತೂರು ಪ್ರಭಾಕರ್,ಪಾಕ್ಷಿಕ,ಕನ್ನಡ,,
2333,ಸಂಯುಕ್ತ ಪ್ರಭಾ,2005,ಚಿಕ್ಕಮಗಳೂರು,,,ಪಾಕ್ಷಿಕ,ಕನ್ನಡ,,
2334,ಜನ ಕ್ರಾಂತಿ,2005,ದಾವಣಗೆರೆ,ಎಂ.ನೀಲಕಂಠ ರಾವ್,ಎಂ.ನೀಲಕಂಠ ರಾವ್,ದೈನಿಕ,ಕನ್ನಡ,,
2335,ರಾಜಕೀಯ ಶಕ್ತಿ,2005,ದಾವಣಗೆರೆ,ಕೆ.ಉಮೇಶ್,ಕೆ.ಉಮೇಶ್,ಸಾಪ್ತಾಹಿಕ,ಕನ್ನಡ,,
2336,ಬ್ರಹ್ಮಚೈತನ್ಯ ಚಿಂತನ,2005,ಹುಬ್ಬಳ್ಳಿ/ಧಾರವಾಡ,ಸದ್ಗುರು ಶ್ರೀ ಬ್ರಹ್ಮಚೈತನ್ಯ ವಾಂಗ್ಮಯ ಪ್ರಕಾಶನ ಪ್ರತಿಷ್ಠಾನ,ಶ್ರೀ ದತ್ತಾತ್ರೇಯ ಅವಧೂತ,ಮಾಸಿಕ,ಕನ್ನಡ,,
2337,ಅಪರಾಧ ಕನ್ನಡಿ,2005,ಹುಬ್ಬಳ್ಳಿ/ಧಾರವಾಡ,ಸತೀಶ ಪಾಟೀಲ,ಬಿ ವಾಸುದೇವ ಹೆಗ್ಡೆ,ಮಾಸಿಕ,ಕನ್ನಡ,,
2338,ಇದು ನಯವಾದಿ,2005,ಹುಬ್ಬಳ್ಳಿ/ಧಾರವಾಡ,,ಶಿವಕುಮಾರ್ ಎಲ್ ಮಟ್ಟಾ,ಪಾಕ್ಷಿಕ,ಕನ್ನಡ,,
2339,ಪತ್ರಕರ್ತ ಸುದ್ದಿ,2005,ಹುಬ್ಬಳ್ಳಿ/ಧಾರವಾಡ,ಸಿದ್ದಲಿಂಗಸ್ವಾಮಿ ಎಸ್.ಪ್ರಸಾದಿಮಠ,ಸಿದ್ದಲಿಂಗಸ್ವಾಮಿ ಎಸ್.ಪ್ರಸಾದಿಮಠ,ಪಾಕ್ಷಿಕ,ಕನ್ನಡ,,
2340,ಶ್ರೀ ವಿಶ್ವಕರ್ಮ ಧರ್ಮ ಪ್ರಚಾರ,2005,ಧಾರವಾಡ,ಟಿ ಆರ್ ಪ್ರಭಾಕರ್,ಟಿ ಆರ್ ಪ್ರಭಾಕರ್,ಪಾಕ್ಷಿಕ,ಕನ್ನಡ,,
2341,ವಿಶ್ವ ವಿಜಯ,2005,ಹುಬ್ಬಳ್ಳಿ/ಧಾರವಾಡ,ಡಿ.ಎಂ. ಬುರಡಿ,ಡಿ.ಎಂ. ಬುರಡಿ,ಮಾಸಿಕ,ಕನ್ನಡ,,
2342,ಬ್ರಹ್ಮಶ್ರೀ ಗುರುವಾಣಿ,2005,ದಕ್ಷಿಣಕನ್ನಡ,ಅಕಿಲ ಭರತ ಬಿಲ್ಲವರ ಒಕ್ಕೂಟ,ನವೀನಚಂದ್ರ ಡಾ. ಗೋಲ್ಡನ್,ಮಾಸಿಕ,ಕನ್ನಡ,,
2343,ಚೇತನಶ್ರೀ,2005,ದಕ್ಷಿಣಕನ್ನಡ,,ಸುಬ್ರಹ್ಮಣ್ಯ ಕುಮಾರ್ ಅಗರ್ತ,ಸಾಪ್ತಾಹಿಕ,ಕನ್ನಡ,,
2344,ಹೊಸ ಸಂಜೆ ೧,2005,ದಕ್ಷಿಣಕನ್ನಡ,ದೇವರಾಯ ಪ್ರಭು,ದೇವರಾಯ ಪ್ರಭು,ಮಾಸಿಕ,ಕನ್ನಡ,,
2345,ಕುಡ್ಕ್ಯಾಂಪ್ ವಾರ್ತೆ,2005,ಮಂಗಳೂರು,KUIDFC,,ಮಾಸಿಕ,ಕನ್ನಡ,,
2346,ಮಕ್ಕಳ ಚಿತ್ತಚಿತ್ರದ ಅಂಗಲಾ,2005,ಮಂಗಳೂರು,,ಟಿ ಎಸ್ ಸುದರ್ಶನ್,ಪಾಕ್ಷಿಕ,ಕನ್ನಡ,,
2347,ಪಟೇಲ್ ನ್ಯೂಸ್,2005,ಪುತ್ತೂರು,,,ಸಾಪ್ತಾಹಿಕ,ಕನ್ನಡ,,
2348,ರೂವರಿ,2005,ಮಂಗಳೂರು,ಭರತ್ ರಾಜ್,ಭರತ್ ರಾಜ್ ಬ್ಯಾಕ್ವಿ,ಮಾಸಿಕ,ಕನ್ನಡ,,
2349,ಸಲ್ ಕಿರಣ್,2005,ಮಂಗಳೂರು,ಬೈಕಾವಿ,ಎನ್ ಮುಹಮ್ಮದ್ ಹನೀಫ್,ಮಾಸಿಕ,ಕನ್ನಡ,,
2350,ಸಂಯುಕ್ತ ಪ್ರಭಾ,2005,ಮಂಗಳೂರು,ಮೊಹಮ್ಮದ್ ರಫಿ,ವಿಶ್ವನಾಥ ಪುರಸಭೆ,ಸಾಪ್ತಾಹಿಕ,ಕನ್ನಡ,,
2351,ಸವಿತಾ ಮಿತ್ರ,2005,ಮಂಗಳೂರು,ಕೆ. ವಿದ್ತಾ ಭಂಡಾರಿ ಕುಳಾಯಿ,ಕೆ. ವಿಟ್ಟಲ್ ಭಂಡಾರಿ ಹೆರಾಕಲ್ಸ್,ಮಾಸಿಕ,ಕನ್ನಡ,,
2352,ಬಿಸಿಲು ಸಂದೇಶ,2005,ಮಂಗಳೂರು,,,ಮಾಸಿಕ,ಕನ್ನಡ,,
2353,ವಿಪ್ರ ವಾರ್ತ,2005,ಬೆಳ್ತಂಗಡಿ/ಉಜಿರೆ/ದಕ್ಷಿಣಕನ್ನಡ,ವಿಷ್ಣುಮೂರ್ತಿ ಭಟ್ & ರಾಜಾರಾಮ ಶರ್ಮ ಬೆಳಾಲು,ವಿಷ್ಣುಮೂರ್ತಿ ಭಟ್ & ರಾಜಾರಾಮ ಶರ್ಮ ಬೆಳಾಲು,ತ್ರೈಮಾಸಿಕ,ಕನ್ನಡ,,
2354,ಯುವ ಶಕ್ತಿ ಕ್ರಾಂತಿ,2005,ದಕ್ಷಿಣಕನ್ನಡ,ಯುವ ಶಕ್ತಿ ಟ್ರಸ್ಟ್,ಈಶ್ವರ ಪಾಟೀಲ,ಸಾಪ್ತಾಹಿಕ,ಕನ್ನಡ,,
2355,ಸಂಜೆ ದರ್ಶನ,2005,ಗದಗ/ಬಾಗಲಕೋಟೆ,ಎಂ.ಎಸ್.ಅಂಗಡಿ,ಮಹೇಶ ಎಸ್ ಅಂಗಡಿ,ದೈನಿಕ,ಕನ್ನಡ,,
2356,ಸಿರಿ ಕನ್ನಡ,2005,ಹಾಸನ,ಪಾಟೀಲ್ ಎನ್ ಬಿ ಆನಂದ್,ಪಾಟೀಲ್ ಎನ್ ಬಿ ಆನಂದ್,ಸಾಪ್ತಾಹಿಕ,ಕನ್ನಡ,,
2357,ಕನ್ನಡ ಮಿತ್ರ,2005,ಕೋಲಾರ,ಕೊ ನಾ ಪ್ರಭಾಕರ,ಕೊ ನಾ ಪ್ರಭಾಕರ,ದೈನಿಕ,ಕನ್ನಡ,,
2358,ರಂಗ ವಿಟ್ಲ,2005,ಕೋಲಾರ/ಮುಳಬಾಗಿಲು,ಎಚ್ ಬಿ ಲಕ್ಷ್ಮೀನಾರಾಯಣಶ್ರೀ ಶ್ರೀಪಾದರಾಜ ಮಠ,ಎಚ್ ಬಿ ಲಕ್ಷ್ಮೀ ನಾರಾಯಣ,ಮಾಸಿಕ,ಕನ್ನಡ,,
2359,ಸಪ್ತಗಿರಿ,2005,ಮಂಡ್ಯ,ಸತೀಶ್ ಎಸ್ ರೋವಾ,ಸತೀಶ್ ಎಸ್ ರೋವಾ,ಸಾಪ್ತಾಹಿಕ,ಕನ್ನಡ,,
2360,ವಿಜಯ ಸಿಂಹ,2005,ಮಂಡ್ಯ,,ದೇವರಾಜ್ ಪಟೇಲ್,ಮಾಸಿಕ,ಕನ್ನಡ,,
2361,ಆರ್ಯ ಸಂಸ್ಕೃತಿ,2005,ಮೈಸೂರು,ಕೆ ಎಲ್ ಶಂಕರ್ ನಾರಾಯಣ ಜೋಯಿಸ್,ಕೆ ಎಲ್ ಶಂಕರ್ ನಾರಾಯಣ ಜೋಯಿಸ್,ಮಾಸಿಕ,ಕನ್ನಡ,,1978
2362,ಚೇತಕ್ ವಾಹಿನಿ,2005,ಮೈಸೂರು,ಬಿ ನಾಗರತ್ನ ಸಿಂಗ್,ಬಿ ನಾಗರತ್ನ ಸಿಂಗ್,ಮಾಸಿಕ,ಕನ್ನಡ,,
2363,ದೇವನೂರು ಪತ್ರಿಕೆ,2005,ಮೈಸೂರು,ದೇವನೂರು ಶಿವಕುಮಾರ್,ದೇವನೂರು ಶಿವಕುಮಾರ್,ಪಾಕ್ಷಿಕ,ಕನ್ನಡ,,
2364,ಸಮಾಜ ಪರಿವರ್ತನಾ,2005,ಮೈಸೂರು,ಕೃಷ್ಣಮೂರ್ತಿ ಚಮ್ರಂ,ಕೃಷ್ಣಮೂರ್ತಿ ಚಮ್ರಂ,ಮಾಸಿಕ,ಕನ್ನಡ,,
2365,ಶ್ರೀನಾಥ ಪತ್ರಿಕೆ,2005,ಮೈಸೂರು,ಪಿ ಎನ್ ಶ್ರೀನಾಥ್,ಪಿ ಎನ್ ಶ್ರೀನಾಥ್,ಪಾಕ್ಷಿಕ,ಕನ್ನಡ,,
2366,ಜನ ಹೋರಾಟ,2005,ಶಿವಮೊಗ್ಗ,ಶೃಂಗೇಶ,ಶೃಂಗೇಶ,ದೈನಿಕ,ಕನ್ನಡ,,
2367,ಜನತಾ ವಾಹಿನಿ,2005,ಶಿವಮೊಗ್ಗ,,,ಸಾಪ್ತಾಹಿಕ,ಕನ್ನಡ,,
2368,ಶಿವಮೊಗ್ಗ ಸಿಂಹ,2005,ಶಿವಮೊಗ್ಗ,ಜಿ ಚಂದ್ರಶೇಖರ್,ಜಿ ಚಂದ್ರಶೇಖರ್,ದೈನಿಕ,ಕನ್ನಡ,,
2369,ಸತ್ಯ ದರ್ಶಿನಿ,2005,ತುಮಕೂರು,ಕರುಣಾ ಕರ,ಕರುಣಾ ಕರ,ದೈನಿಕ,ಕನ್ನಡ,,
2370,ವಾಲ್ಮೀಕಿ ಭಾರತದ ಹಕ್ಕುಗಳು,2005,ತುಮಕೂರು/ಬೆಂಗಳೂರು,,ಟಿ.ಅಶ್ವಥಾಮ,ದೈನಿಕ,ಕನ್ನಡ,,
2371,ವೃತ್ತಿಪರ ವರದಿಗಾರ,2005,ಉಡುಪಿ,ಅಬ್ದುಲ್ ಮಜೀದ್,ಅಬ್ದುಲ್ ಮಜೀದ್,ಪಾಕ್ಷಿಕ,ಕನ್ನಡ,,
2372,ಸುಬೋಧ,2005,ಸಿದ್ಧಾಪುರ,,ನಿರಂಜನ ಹೊಸಬಾಳೆ,ದ್ವೈಮಾಸಿಕ,ಕನ್ನಡ,,
2373,ತುಳಸಿ,2005,ಹೊನ್ನಾವರ,,ರಾಜೇಶ್ವರಿ / ಜಯಶ್ರೀ,ತ್ರೈಮಾಸಿಕ,ಕನ್ನಡ,,
2374,ಯಕ್ಷರಂಗ,2005,ಹೊನ್ನಾವರ,ಗೋಪಾಲಕೃಷ್ಣ ಭಾಗವತ್,ಕಣ್ಣಿ ಗೋಪಾಲಕೃಷ್ಣ ಭಾಗವತ,ಮಾಸಿಕ,ಕನ್ನಡ,,
2375,ಜನ ಸನ್ನಿಧಿ,2006,ಹನುಮಬಾದ್,ಬಸ್ಸಪ್ಪ ಜಿ ಭಾವಗೆ,ಎಫ್ ಸಂತೋಷ್ ಡೈಜ್/ ಬಸ್ಸಪ್ಪ ಜಿ ಭಾವಗೆ,ಮಾಸಿಕ,ಕನ್ನಡ,,
2376,ರನ್ನ ಪ್ರಭಾ,2006,ಬಾಗಲಕೋಟೆ,,ಎಲ್ ವಿ ಹಾಲೆಂಡ್,ಪಾಕ್ಷಿಕ,ಕನ್ನಡ,,
2377,ಬಂದೆದ್ದವರು,2006,ದೊಡ್ಡಬಳ್ಳಾಪುರ,ಗಂಗರಾಜ್ ಶಿವರಾ,ಗಂಗರಾಜ್ ಶಿವರಾ,ಪಾಕ್ಷಿಕ,ಕನ್ನಡ,,
2378,ಸಕಲ,2006,ಬೆಳಗಾವಿ,ಸಕಾಲ ಮಾಧ್ಯಮ ಗುಂಪುಗಳು,ಡಾ. ಅಲಿಯಾಸ್ ನಾನಾಸಾಹೇಬ್ ಪರುಲೇಕರ್ / ಶ್ರೀರಾಮ್ ಪವಾರ್,ದೈನಿಕ,ಹಿಂದಿ,,
2379,ಸಂಜೆ ವಿಜಯ,2006,ಬೆಳಗಾವಿ,ಸುರೇಶ ಟೋಪನವರ್,ಸುರೇಶ ಟೋಪನವರ್,ದೈನಿಕ,ಕನ್ನಡ,,
2380,ಸಂಕೇಶ್ವರ ಟೈಮ್ಸ್,2006,ಬೆಳಗಾವಿ/ಹುಕ್ಕೇರಿ,ಬಿ ಎಸ್ ಸನದಿ,ಬಿ ಎಸ್ ಸನದಿ,ಸಾಪ್ತಾಹಿಕ,ಕನ್ನಡ,,
2381,ಬೆಂಗಳೂರು ಎಕ್ಸ್‌ಪ್ರೆಸ್,2006,ಬೆಂಗಳೂರು,ಎನ್ ಶ್ರೀನಿವಾಸ್,ಎನ್ ಶ್ರೀನಿವಾಸ್,ಪಾಕ್ಷಿಕ,ಕನ್ನಡ,,
2382,ಬಸವ ಕಿರಣ,2006,ಬೆಂಗಳೂರು,ಶ್ರೀ ಅಲ್ಲಮಪ್ರಭು ಸ್ವಾಮಿ,ಶ್ರೀ ಅಲ್ಲಮಪ್ರಭು ಸ್ವಾಮಿ,ಮಾಸಿಕ,ಕನ್ನಡ,,
2383,ಬೆಂಗಳೂರು ಮಹಾವಾಣಿ,2006,ಬೆಂಗಳೂರು,ಆಂಟನಿ ರೆಡ್ಡಿ,ಆಂಟನಿ ರೆಡ್ಡಿ,ಪಾಕ್ಷಿಕ,ಕನ್ನಡ,,
2384,ಬೆಂಗಳೂರು ವಾರ್ತೆ,2006,ಬೆಂಗಳೂರು,,,,ಕನ್ನಡ,,
2385,ಭಾರತ ಸಹೋದರರು,2006,ಬೆಂಗಳೂರು,ಬಿ ಕೆ ಸುಂದ್ರೇಶ್,ಬಿ ಕೆ ಸುಂದ್ರೇಶ್,ಪಾಕ್ಷಿಕ,ಕನ್ನಡ,,
2386,ದಕ್ಷಕ ವಾರ್ತೆ,2006,ಬೆಂಗಳೂರು,ಎಸ್.ಗೋಪಾಲ್,ಎಸ್.ಗೋಪಾಲ್,ಪಾಕ್ಷಿಕ,ಕನ್ನಡ,,
2387,ಜಲಸಿರಿ,2006,ಬೆಂಗಳೂರು,ಸುಲೋಚನಾ ಟಿ ಐ,ಸುಲೋಚನಾ ಟಿ ಐ,ಮಾಸಿಕ,ಕನ್ನಡ,,
2388,ಜ್ಜನ ದರ್ಶಿನಿ,2006,ಬೆಂಗಳೂರು,ಸಹನಾ ಪಬ್ಲಿಕೇಷನ್,,,ಕನ್ನಡ,,
2389,ಕಿರುತೆರೆ ಬೆಳ್ಳಿತೆರೆ,2006,ಬೆಂಗಳೂರು,ಮೋಹನ ಕೃಷ್ಣ ರಾಜೇ ಉರಸ,ಮೋಹನ ಕೃಷ್ಣ ರಾಜೇ ಉರಸ,ಮಾಸಿಕ,ಕನ್ನಡ,,
2390,ಮೇಘಾ ಸಂದೇಶ,2006,ಬೆಂಗಳೂರು,ಬಿ ಜಿ ಸಿದ್ದಪ್ಪ,ಬಿ ಜಿ ಸಿದ್ದಪ್ಪ,ಪಾಕ್ಷಿಕ,ಕನ್ನಡ,,
2391,ನಾಡ ನೃತ್ಯ,2006,ಬೆಂಗಳೂರು,ಕರ್ನಾಟಕ ಸಂಗೀತ ನೃತ್ಯ ಅಕಾಡೆಮಿ,ಮೀರಾ ರಾಜಾ ರಾಮ್ ಪ್ರಾಣೇಶ್,ತ್ರೈಮಾಸಿಕ,ಕನ್ನಡ,,
2392,ಒಡೆಯರ್ ಪತ್ರಿಕೆ,2006,ಬೆಂಗಳೂರು,ಬಿ ಆರ್ ವಿಜಯ್ ಕುಮಾರ್ ಒಡೆಯರ್,ಬಿ ಆರ್ ವಿಜಯ್ ಕುಮಾರ್ ಒಡೆಯರ್,ದೈನಿಕ,ಕನ್ನಡ,,
2393,ಪರಿವರ್ತನಾ ಕ್ರಾಂತಿ,2006,ಬೆಂಗಳೂರು,ಎನ್ ಪಿ ಮುನಿರಾಜ್,ಎನ್ ಪಿ ಮುನಿರಾಜ್,ಪಾಕ್ಷಿಕ,ಕನ್ನಡ,,
2394,ಪುಸ್ತಕ ಮನೆ,2006,ಬೆಂಗಳೂರು,ಹರಿಹರಪ್ರಿಯಾ,ಹರಿಹರಪ್ರಿಯಾ,ಮಾಸಿಕ,ಕನ್ನಡ,,
2395,ರಾಜ ಪ್ರೇತ,2006,ಬೆಂಗಳೂರು,ಎಲ್ ಬಾಲನ್,ಎಲ್ ಬಾಲನ್,ಮಾಸಿಕ,ಕನ್ನಡ,,
2396,ರಾಜಕೀಯ ಪರ್ವ,2006,ಬೆಂಗಳೂರು,ಎನ್.ವಿ.ರಮಣ,ಎನ್.ವಿ.ರಮಣ,ಮಾಸಿಕ,ಕನ್ನಡ,,
2397,ರಾಜ ಋಷಿ,2006,ಬೆಂಗಳೂರು,ಎಸ್ ಸನತ್ ಕುಮಾರ್,ಬಿ ಬಿ ಜಯಕುಮಾರ್,,ಕನ್ನಡ,,
2398,ಸಚಿವಾಲಯ ಸೌಧ,2006,ಬೆಂಗಳೂರು,ಎಸ್ ಸಿ ರುದ್ರಪ್ಪ,ಎಸ್ ಸಿ ರುದ್ರಪ್ಪ,ಮಾಸಿಕ,ಕನ್ನಡ,,
2399,ಸತೀಶ್ ಪತ್ರಿಕೆ,2006,ಬೆಂಗಳೂರು,ವರ್ತೂರು ಸತೀಶ್,ವರ್ತೂರು ಸತೀಶ್,ಮಾಸಿಕ,ಕನ್ನಡ,,
2400,ಅಂಡರ್ ವರ್ಲ್ಡ್,2006,ಬೆಂಗಳೂರು,,ಎಸ್ ಚಿನ್ನು,ಪಾಕ್ಷಿಕ,ಕನ್ನಡ,,
2401,ವಿಜಯ ಸಂಪದ,2006,ಬೆಂಗಳೂರು,,ಜಿ ಪವನ್ ಕುಮಾರ್,ಮಾಸಿಕ,ಕನ್ನಡ,,
2402,ಯುವ ಹೃದಯಗಳು,2006,ಬೆಂಗಳೂರು,ಟಿ ತಿಪ್ಪೆ ಸ್ವಾಮಿ,ಟಿ ತಿಪ್ಪೆ ಸ್ವಾಮಿ,ಮಾಸಿಕ,ಕನ್ನಡ,,
2403,ನಂದಿ ವಿಜಯ,2006,ಚಿಕ್ಕಬಳ್ಳಾಪುರ,ಎಂ.ಮುನಿಕೃಷ್ಣ,ಎಂ.ಮುನಿಕೃಷ್ಣ,ದೈನಿಕ,ಕನ್ನಡ,,
2404,ದೊಂಬರಾಟ,2006,ಚಿಕ್ಕಮಗಳೂರು,ಎನ್.ಸಿ.ಕೊಠಾರಿ,ಎನ್.ಸಿ.ಕೊಠಾರಿ,ಸಾಪ್ತಾಹಿಕ,ಕನ್ನಡ,,
2405,ಜಿಲ್ಲಾ ಗೌಪ್ಯ,2006,ಚಿಕ್ಕಮಗಳೂರು,ಸೋಮಶೇಖರ್,ಸೋಮಶೇಖರ್,ಪಾಕ್ಷಿಕ,ಕನ್ನಡ,,
2406,ಮುನ್ನುಡಿ,2006,ಚಿಕ್ಕಮಗಳೂರು,ದಿನೇಶ್ ಇರ್ವತ್ತೂರು,ದಿನೇಶ್ ಇರ್ವತ್ತೂರು,ಸಾಪ್ತಾಹಿಕ,ಕನ್ನಡ,,
2407,ವರಧಿಗಾರ ಜಯಾಮಿತ್ರ,2006,ಚಿಕ್ಕಮಗಳೂರು,ಕೆ.ಜಯಕ್ಕುಮಾರ್,ಕೆ.ಜಯಕ್ಕುಮಾರ್,ದೈನಿಕ,ಕನ್ನಡ,,
2408,ಅಭಿಮತ,2006,ಚಿತ್ರದುರ್ಗ,ಜಿ.ಎಲ್.ನರೀಮ ಮೂರ್ತಿ,ಜಿ.ಎಲ್.ನರೀಮ ಮೂರ್ತಿ,ಪಾಕ್ಷಿಕ,ಕನ್ನಡ,,
2409,ಮಧ್ಯಮ ಮಗು,2006,ಧಾರವಾಡ,ಡಿ ಎಂ ಕೋಲಕಾರ,ಡಿ ಎಂ ಕೋಲಕಾರ,ಮಾಸಿಕ,ಕನ್ನಡ,,
2410,ಬಂಟ ಸಮಾಜ,2006,ಮಂಗಳೂರು,ಬಿ.ಎನ್. ಅಶೋಕ ಶೆಟ್ಟಿ,ಬಿ.ಎನ್. ಅಶೋಕ ಶೆಟ್ಟಿ,ಮಾಸಿಕ,ಕನ್ನಡ,,
2411,ಬಂಟರ ಸಂಗತಿ,2006,ಮಂಗಳೂರು,ನಳಿನ್ ಕುಮಾರ್ ರೈ,ನಳಿನ್ ಕುಮಾರ್ ರೈ,ಪಾಕ್ಷಿಕ,ಕನ್ನಡ,,
2412,ಕ್ಲಿಕ್,2006,ಮಂಗಳೂರು,ರಮೇಶ್ ಪಂಡಿತ್,ರಮೇಶ್ ಪಂಡಿತ್,ಸಾಪ್ತಾಹಿಕ,ಕನ್ನಡ,,
2413,ಕಡಲ್ ಕಣ್ಮಣಿ,2006,ಮಂಗಳೂರು,ವಿನಯ್ ಕೃಷ್ಣ,ವಿನಯ್ ಕೃಷ್ಣ,ದೈನಿಕ,ಕನ್ನಡ,,
2414,ಕಾರಾವಳಿ ವಾಣಿ,2006,ಬಂಟ್ವಾಳ/ದಕ್ಷಿಣಕನ್ನಡ,ಪಾರ್ಶ್ವನಾಥ್,ಪಾರ್ಶ್ವನಾಥ್,ಸಾಪ್ತಾಹಿಕ,ಕನ್ನಡ,,
2415,ಕೃತಿಕಾ ಬ್ರಹ್ಮ ಅಪರಾಧ ವಾರ್ತೇ,2006,ಮಂಗಳೂರು,ಅಶೋಕ್ ಶೆಟ್ಟಿ ಬಿ ಎನ್,ಅಶೋಕ್ ಶೆಟ್ಟಿ ಬಿ ಎನ್,ಸಾಪ್ತಾಹಿಕ,ಕನ್ನಡ,,
2416,ಮಾಧ್ಯಮ,2006,ಬಂಟ್ವಾಳ/ದಕ್ಷಿಣಕನ್ನಡ,ಆಳ್ವಾಸ್ ಕಾಲೇಜು,ಆಳ್ವಾಸ್ ಕಾಲೇಜು,,ಕನ್ನಡ,,
2417,ಪ್ರಜಾ ರಂಗ,2006,ಮಂಗಳೂರು,ವಿಟ್ಲ ಗಟ್ಟಿ ಉಳಿಯ,ವಿಟ್ಲ ಗಟ್ಟಿ ಉಳಿಯ,ಮಾಸಿಕ,ಕನ್ನಡ,,
2418,ಸರಸ್ವತಿ,2006,ಮಂಗಳೂರು,ಸತ್ಯ ಕೇಂದ್ರ ಮಂಗಳೂರು,ಕೆ ಎಂ ಸತ್ಯಮೂರ್ತಿ,,ಕನ್ನಡ,,
2419,ಸುಪಾರಿ,2006,ಮಂಗಳೂರು,ದತ್ತಾತ್ರಯ ಹೆಗ್ಡೆ,ದತ್ತಾತ್ರಯ ಹೆಗ್ಡೆ,ಸಾಪ್ತಾಹಿಕ,,,
2420,ತ್ರಿಕಾಲ ಸತ್ಯ,2006,ದಕ್ಷಿಣಕನ್ನಡ,ಸಮತಾ ಪ್ರಕಾಶನ,ಸುಪಾರ್ಶ್ವ ಎಂ,ಪಾಕ್ಷಿಕ,ಕನ್ನಡ,,
2421,ವಂಶ,2006,ಬಂಟ್ವಾಳ,ಯಾದವ್ ಅಗ್ರಬೈಲ್,ಯಾದವ್ ಅಗ್ರಬೈಲ್,ಪಾಕ್ಷಿಕ,ಕನ್ನಡ,,
2422,ವಿದ್ಯಾ ದರ್ಪಣ,2006,ಮಂಗಳೂರು,"ಜರ್ನಲಿಸಂ ವಿಭಾಗ, ಗೋವಿಂದ ದಾಸ ಕಾಲೇಜು",,ತ್ರೈಮಾಸಿಕ,ಕನ್ನಡ,,
2423,ಕೌರವ,2006,ಗದಗ,ಶಿವರಾಜ್ ಪ್ರಕಾಶನಕ್ಕೆ ಕೆ ಮಂಜಪ್ಪ,ಕೆ ಮಂಜಪ್ಪ,ದೈನಿಕ,ಕನ್ನಡ,,
2424,ಹಾಸನವಾಣಿ,2006,ಹಾಸನ,,ಲೀಲಾವತಿ,ದೈನಿಕ,ಕನ್ನಡ,,
2425,ವಿಶಾಲ ಪ್ರಪಂಚ,2006,ಕಲಬುರ್ಗಿ,ವಿಶ್ವನಾಥ ಸ್ವಾಮಿ,ವಿಶ್ವನಾಥ ಸ್ವಾಮಿ,ದೈನಿಕ,ಕನ್ನಡ,,
2426,ಹಾಯ್ ಕೂರ್ಗ್,2006,ಮಡಿಕೇರಿ,ಜನನಿ ಸುದ್ದಿ ಪ್ರಕಟಣೆಗಳು,ಎಚ್ ಆರ್ ಎನ್ ಮೂರ್ತಿ,ಸಾಪ್ತಾಹಿಕ,ಕನ್ನಡ,,
2427,ಜ್ಯೋತಿ,2006,ಮಡಿಕೇರಿ,ಜನನಿ ಸುದ್ದಿ ಪ್ರಕಟಣೆಗಳು,ಎ ಕೆ ಅರುಣ್ ಕುಮಾರ್/ ಎಚ್ ಆರ್ ಎನ್ ಮೂರ್ತಿ,ಮಾಸಿಕ,ಕನ್ನಡ,,
2428,ಪ್ರಜಾ ವಾರ್ತೆ,2006,ಮಂಡ್ಯ,ಜವರೇಗೌಡ,ಪಿ ಜೆ ಚೈತನ್ಯ ಕುಮಾರ್,ದೈನಿಕ,ಕನ್ನಡ,,
2429,ಪುಷ್ಪಕ ಮಿತ್ರ ವಾಹಿನಿ,2006,ಮಂಡ್ಯ,ಎ ಎಲ್ ಶೇಖರ,ಎ ಎಲ್ ಶೇಖರ,ಸಾಪ್ತಾಹಿಕ,ಕನ್ನಡ,,
2430,ಬನ್ನೂರು ವಾಣಿ,2006,ಮೈಸೂರು,ಬಾ ಸು. ರಾಜಶೇಖರ ಆಚಾರ್,ಬಾ ಸು. ರಾಜಶೇಖರ ಆಚಾರ್,ಪಾಕ್ಷಿಕ,ಕನ್ನಡ,,
2431,ನಾವು ಕನ್ನಡಿಗರು,2006,ಮೈಸೂರು,ಎನ್.ಎಸ್. ಮಹೇಶ್ ಕುಮಾರ್,ಎನ್.ಎಸ್. ಮಹೇಶ್ ಕುಮಾರ್,ದೈನಿಕ,ಕನ್ನಡ,,
2432,ಸಿಂಹವಲೋಕನ,2006,ಮೈಸೂರು,ಜಿ.ಶಶಿಶೇಖರ್,ಜಿ.ಶಶಿಶೇಖರ್,ಪಾಕ್ಷಿಕ,ಕನ್ನಡ,,
2433,ಪ್ರತಿಭೆಯ ಪ್ರಗತಿ,2006,ರಾಮನಗರ,ಕೆ ಪಿ ಹೆಗಡೆ,ಕೆ ಪಿ ಹೆಗಡೆ,ಮಾಸಿಕ,ಕನ್ನಡ,,
2434,ಕೆಳದಿ,2006,ಶಿವಮೊಗ್ಗ,ಹುಲಿ ಪ್ರಕಾಶನ,ಬಿ ಆರ್ ಗಣಪತಿ,ಪಾಕ್ಷಿಕ,ಕನ್ನಡ,,
2435,ಸೂರ್ಯ ಗಗನ,2006,ಶಿವಮೊಗ್ಗ,ಜಿ ಆರ್ ಶ್ರೀನಿವಾಸ,ಜಿ ಆರ್ ಶ್ರೀನಿವಾಸ,ದೈನಿಕ,ಕನ್ನಡ,,
2436,ಸುದ್ದಿ ಬಿಂಬ,2006,ತುಮಕೂರು,ಡಿ ಎನ್ ಸತೀಶ್,ಡಿ ಎನ್ ಸತೀಶ್,ಮಾಸಿಕ,ಕನ್ನಡ,,
2437,ಸೂರ್ಯಗಾಗ್ನ,2006,ತುಮಕೂರು/ಶಿವಮೊಗ್ಗ,ಆರ್.ಶ್ರೀನಿವಾಸ,ಆರ್.ಶ್ರೀನಿವಾಸ,ದೈನಿಕ,ಕನ್ನಡ,,
2438,ಕಿಸಾನ್ ಭಾರತಿ,2006,ಉಡುಪಿ,,,ಪಾಕ್ಷಿಕ,ಕನ್ನಡ,,
2439,ನಮ್ಮ ಉಡುಪಿ,2006,,,,ಸಾಪ್ತಾಹಿಕ,ಕನ್ನಡ,,
2440,ಕಡ ವಾಣಿ,2006,ಶಿರಸಿ,ಸುರೇಶ್ ಭಟ್,ಸುರೇಶ್ ಭಟ್/ ಕೆ ಮಹೇಶ್,ದ್ವೈಮಾಸಿಕ,ಕನ್ನಡ,,
2441,ಸೀಮಾ ದರ್ಶನ,2006,ಹೊನ್ನಾವರ,ಎಂ ಕೆ ಹೆಗಡೆ ಕೊಜ್ಜಾಲಿ,ಕೃಷ್ಣಾನಂದ.ವಿ .ಭಟ್ಟ,ಮಾಸಿಕ,ಕನ್ನಡ,,
2442,ಕುರುಬ ದರ್ಪಣ,2006,ವಿಜಯಪುರ,ದೇವಕಾಂತ ಚಂದ್ರಕಾಂತ ಬಿಜ್ಜರಗಿ,ದೇವಕಾಂತ ಚಂದ್ರಕಾಂತ ಬಿಜ್ಜರಗಿ,ಸಾಪ್ತಾಹಿಕ,ಕನ್ನಡ,,
2443,ವಲ್ಲಾಪುರ ಟೈಮ್ಸ್,2006,ವಿಜಯಪುರ,ರವಿ ವೈ ವಲ್ಲ್ಯಾಪುರ,ರವಿ ವೈ ವಲ್ಲ್ಯಾಪುರ,ಪಾಕ್ಷಿಕ,ಕನ್ನಡ,,
2444,ಸಾರ್ವಜನಿಕ ಸಮ್ಮೇಳನ,2007,ಬೀದರ್,ಅಬ್ದುಲ್ ಕ್ವಾದೀರ್,ಅಬ್ದುಲ್ ಕ್ವಾದೀರ್,ದೈನಿಕ,ಇಂಗ್ಲೀಷ್,,
2445,ಶಿಕ್ಷಣ ಕ್ಷೇತ್ರ,2007,ದೇವನಹಳ್ಳಿ,ಆರ್ ಸೋಮಶೇಖರ್,ಆರ್ ಸೋಮಶೇಖರ್,ಮಾಸಿಕ,ಕನ್ನಡ,,
2446,ಮೌಲ್ಯ ಸಂಪದ್,2007,ಬೆಳಗಾವಿ,ಸೋಮಶೇಖರ ವಿ ಸೊಗಲದ,ಸೋಮಶೇಖರ ವಿ ಸೊಗಲದ,ಸಾಪ್ತಾಹಿಕ,ಕನ್ನಡ,,
2447,ಪುಣ್ಯ ನಗರಿ,2007,ಬೆಳಗಾವಿ,ನಾವೋಗೆಗರ್,ಮುರಳೀಧರ ಸಿಂಗೊಟ್ಟೆ / ಪ್ರಕಾಶ್ ಪರುಳೇಕರ್,ದೈನಿಕ,ಹಿಂದಿ,,
2448,ವಿಶ್ವ ವಿಜಯ ಗಂಗಾ,2007,ಬೆಳಗಾವಿ,ಆರ್ ಎಸ್ ದರ್ಗೆ,ಆರ್ ಎಸ್ ದರ್ಗೆ,ಪಾಕ್ಷಿಕ,ಕನ್ನಡ,,
2449,ಅರ್ಜುನ್ ಪತ್ರಿಕೆ,2007,ಬೆಂಗಳೂರು,ಮಲ್ಲಿಕಾರ್ಜುನ ತೋಟಗಂಟಿ,ಮಲ್ಲಿಕಾರ್ಜುನ ತೋಟಗಂಟಿ,ಸಾಪ್ತಾಹಿಕ,ಕನ್ನಡ,,
2450,ಬಿ ಎಂ ಶ್ರೀ ಸ್ಮಾರಕ ಪ್ರತಿಷ್ಠಾನ ವಾರ್ತಾ ಪತ್ರ,2007,ಬೆಂಗಳೂರು,ಬಿ ಎಂ ಶ್ರೀ ಸ್ಮಾರಕ ಪ್ರತಿಷ್ಠಾನ,ಎಸ್ ವಿ ಶ್ರೀನಿವಾಸ್ ರಾವ್,ತ್ರೈಮಾಸಿಕ,ಕನ್ನಡ,,
2451,ಬೆಂಗಳೂರು ಐಸಿರಿ,2007,ಬೆಂಗಳೂರು,,,ಮಾಸಿಕ,ಕನ್ನಡ,,
2452,ಬೆಂಗಳೂರು ಸಿಂಹ,2007,ಬೆಂಗಳೂರು,ಆರ್.ನಂಜೇಗೌಡ,ಆರ್.ನಂಜೇಗೌಡ,ಮಾಸಿಕ,ಕನ್ನಡ,,
2453,ಬೇಟೆಯ ಮಾತಾ,2007,ಬೆಂಗಳೂರು,ಎಂ.ಚಿಕ್ಕರಾಜು,ಎಂ.ಚಿಕ್ಕರಾಜು,ಪಾಕ್ಷಿಕ,ಕನ್ನಡ,,
2454,ಬ್ರಾಹ್ಮಣಿ ಪತ್ರಿಕೆ,2007,ಬೆಂಗಳೂರು,ವಿ ಆರ್ ಪ್ರದೀಪಕುಮಾರ್,ವಿ ಆರ್ ಪ್ರದೀಪಕುಮಾರ್,ಸಾಪ್ತಾಹಿಕ,ಕನ್ನಡ,,
2455,ಹದ್ದಿನ ಕಣ್ಣು,2007,ಬೆಂಗಳೂರು,ಎ.ಎನ್. ನದಾಫ.ಎನ್. ನದಾಫ್,ಎ.ಎನ್. ನದಾಫ್,ಪಾಕ್ಷಿಕ,ಕನ್ನಡ,,
2456,ಹಾಯ್ ಪತ್ರಿಕೆ,2007,ಬೆಂಗಳೂರು,ಪರಮಶಿವಯ್ಯ ಎಚ್ ಟಿ,ಪರಮಶಿವಯ್ಯ ಎಚ್ ಟಿ,ಸಾಪ್ತಾಹಿಕ,ಕನ್ನಡ,,
2457,ನಮಸ್ಕಾರ ಮಾಗಡಿ,2007,ಬೆಂಗಳೂರು,,ಜಿ.ಭೈರೇಶ್,ಪಾಕ್ಷಿಕ,ಕನ್ನಡ,,
2458,ಕರ್ನಾಟಕ ಮಾತಾ,2007,ಬೆಂಗಳೂರು,ರವಿ ವಿ ಆರ್,ರವಿ ವಿ ಆರ್,ಪಾಕ್ಷಿಕ,ಕನ್ನಡ,,
2459,ಕರ್ನಾಟಕ ಪ್ರಭಾವಳಿ,2007,ಬೆಂಗಳೂರು,ಗೋವಿಂದರಾಜು,ಗೋವಿಂದರಾಜು,ಮಾಸಿಕ,ಕನ್ನಡ,,
2460,ಮಹಾ ಕ್ಷತ್ರಿಯ,2007,ಬೆಂಗಳೂರು,ಕೆ.ಎಂ. ಮುನಿರಾಜ್,ಕೆ.ಎಂ. ಮುನಿರಾಜ್,ಮಾಸಿಕ,ಕನ್ನಡ,,
2461,ಮಹಿಳಾ ವರ್ದಿನಿ,2007,ಬೆಂಗಳೂರು,ವಿ .ಸಾವಿತ್ರಮ್ಮ,ವಿ .ಸಾವಿತ್ರಮ್ಮ,ಮಾಸಿಕ,ಕನ್ನಡ,,
2462,ಮಹಿಳೆಯರಿಗಾಗಿ ಮಹಿಳೆ,2007,ಬೆಂಗಳೂರು,ಆರ್ ಎಸ್ ಉಷಾ ಲಕ್ಷ್ಮಿ,ಆರ್ ಎಸ್ ಉಷಾ ಲಕ್ಷ್ಮಿ,ಮಾಸಿಕ,ಕನ್ನಡ,,
2463,ನಾ ಕಂಡ ಬೆಂಗಳೂರು,2007,ಬೆಂಗಳೂರು,,ಜೆ ಎಚ್ ಅನಿಲಕುಮಾರ್,ಸಾಪ್ತಾಹಿಕ,ಕನ್ನಡ,,
2464,ನಿಮ್ಮ ಮನಸಿನ ಸುಮುಖ,2007,ಬೆಂಗಳೂರು,ನಾರಾಯಣ ಮಲ್ಕೋಡ್,ನಾರಾಯಣ ಮಲ್ಕೋಡ್,ಮಾಸಿಕ,ಕನ್ನಡ,,
2465,ರಾಜಕೀಯ ಮತ್ತು ಅಪರಾಧ,2007,ಬೆಂಗಳೂರು,ಅನಿಲ್ ರಾಜ್,ಅನಿಲ್ ರಾಜ್,ಪಾಕ್ಷಿಕ,ಕನ್ನಡ,,
2466,ಪ್ರಜಾ ಸರ್ಕಾರ,2007,ಬೆಂಗಳೂರು,ಡಿ ಎನ್ ನವೀನ್ ಕುಮಾರ್,ಡಿ ಎನ್ ನವೀನ್ ಕುಮಾರ್,ಮಾಸಿಕ,ಕನ್ನಡ,,
2467,ಪ್ರಜ್ವಲ ಧ್ವನಿ,2007,ಬೆಂಗಳೂರು,ಡಿ.ಆರ್. ಭುವನೇಶ್ವರಿ,ಡಿ.ಆರ್. ಭುವನೇಶ್ವರಿ,ಮಾಸಿಕ,ಕನ್ನಡ,,
2468,ಪ್ರತಿಭಾ,2007,ಬೆಂಗಳೂರು,ಡಿ.ಆರ್. ಭುವನೇಶ್ವರಿ,,ತ್ರೈಮಾಸಿಕ,ಕನ್ನಡ,,
2469,ಪುಲಿಕೇಶಿ,2007,ಬೆಂಗಳೂರು,ಡಿ.ಪುಲಿಕೇಶಿ ಮುದಲಿಯಾರ್,ಡಿ.ಪುಲಿಕೇಶಿ ಮುದಲಿಯಾರ್,ಪಾಕ್ಷಿಕ,ಕನ್ನಡ,,
2470,ಸಂಪದ ಸಾಲು,2007,ಬೆಂಗಳೂರು,ಅಖಿಲ ಕರ್ನಾಟಕ ಬ್ರಾಹ್ಮಣ ಮಹಾ ಸಭಾ,ವೆಂಕಟೇಶ ಎಸ್ ಸಂಪ,ಮಾಸಿಕ,ಕನ್ನಡ,,
2471,ಸಮುದಾಯ ವಾರ್ತಾಪತ್ರ,2007,ಬೆಂಗಳೂರು,ಕರ್ನಾಟಕ ರಾಜ್ಯ ಸಮುದಾಯ ಸಮನ್ವಯ ಸಮಿತಿ,ಎಚ್ ವಿ ವೇಣುಗೋಪಾಲ,ಮಾಸಿಕ,ಕನ್ನಡ,,
2472,ಸುದ್ದಿ ಸ್ಪೂತ,2007,ಬೆಂಗಳೂರು,ಎಚ್ ವಿ ಲಕ್ಷ್ಮೀನಾರಾಯಣ,ಎಚ್ ವಿ ಲಕ್ಷ್ಮೀನಾರಾಯಣ,ಪಾಕ್ಷಿಕ,ಕನ್ನಡ,,
2473,ಸುಮ್ ಸುಮ್ನೆ,2007,ಬೆಂಗಳೂರು,ನಾರಾಯಣ ಮಲ್ಕೋಡ್,ನಾರಾಯಣ ಮಲ್ಕೋಡ್,,ಕನ್ನಡ,,
2474,ಸುಮುಖ,2007,ಬೆಂಗಳೂರು,ನಾರಾಯಣ ಮಲ್ಕೋಡ್,ನಾರಾಯಣ ಮಲ್ಕೋಡ್,,ಕನ್ನಡ,,
2475,ಥಾಯ ಸಿರಿ,2007,ಬೆಂಗಳೂರು,ಪುಟ್ಟಸ್ವಾಮಿ.ಸಿ.ಕೆ,ಪುಟ್ಟಸ್ವಾಮಿ.ಸಿ.ಕೆ,ಮಾಸಿಕ,ಕನ್ನಡ,,
2476,ದಿ ಸಂಡೇ ಇಂಡಿಯನ್,2007,ಬೆಂಗಳೂರು,ಅಶೋಕ್ ಬೋಸ್,ಅಶೋಕ್ ಬೋಸ್,ಸಾಪ್ತಾಹಿಕ,ಕನ್ನಡ,,
2477,ಉಮೇಶ ಪತ್ರಿಕೆ,2007,ಬೆಂಗಳೂರು,ಜೋತೀಶ್ವರಪ್ಪ,ಜೋತೀಶ್ವರಪ್ಪ,ಮಾಸಿಕ,ಕನ್ನಡ,,
2478,ವಿಕ್ರಾಂತ ಕರ್ನಾಟಕ,2007,ಬೆಂಗಳೂರು,ಬಿ ಪ್ರಸನ್ನಯ್ಯ,ಬಿ ಪ್ರಸನ್ನಯ್ಯ,ಸಾಪ್ತಾಹಿಕ,ಕನ್ನಡ,,
2479,ಯಲಹಂಕ ಧ್ವನಿ,2007,ಬೆಂಗಳೂರು,,,ಪಾಕ್ಷಿಕ,ಕನ್ನಡ,,
2480,ವಿಜಯ ವಿಹಾರ ಪ್ರಭಾ,2007,ಚಿಕ್ಕಬಳ್ಳಾಪುರ,ಎಸ್ ರಾಜೇಂದ್ರ ಬಾಬು,ಎಸ್ ರಾಜೇಂದ್ರ ಬಾಬು,ಪಾಕ್ಷಿಕ,ಕನ್ನಡ,,
2481,ಹಾಸ್ಯ ಸಂದೇಶ,2007,ಹುಬ್ಬಳ್ಳಿ/ಧಾರವಾಡ,ಕೆ ಆರ್ ವೈಶ್ಯನರ್ ಮಠಪತಿ ಗಲ್ಲಿ,ಕೆ ಆರ್ ವೈಶ್ಯನರ್ ಮಠಪತಿ ಗಲ್ಲಿ,ತ್ರೈಮಾಸಿಕ,ಕನ್ನಡ,,
2482,ಹುಬ್ಬಳ್ಳಿ ಮಿತ್ರ,2007,ಹುಬ್ಬಳ್ಳಿ/ಧಾರವಾಡ,ನಾಗರಾಜ ಎಂ.ಹಲ್ಯಾಳ್,ನಾಗರಾಜ ಎಂ.ಹಲ್ಯಾಳ್,ಮಾಸಿಕ,ಕನ್ನಡ,,
2483,ಶಿವೋಹಂ,2007,ಹುಬ್ಬಳ್ಳಿ/ಧಾರವಾಡ,ಶಿವೋಹಂ ಪ್ರಕಾಶನ,ನಾರಾಯಣ ಬಸವ,ಮಾಸಿಕ,ಕನ್ನಡ,,
2484,ಆಳ್ವಾಸ್ ಮಾಧ್ಯಮ,2007,ಮೂಡಬಿದ್ರೆ/ದಕ್ಷಿಣಕನ್ನಡ,ಮೋಹನ ಆಳ್ವ,ಆಳ್ವಾಸ್ ಕಾಲೇಜು,,ಕನ್ನಡ,,
2485,ಅನೇಕಾಂತ ಸಿದ್ದಾಂತ,2007,ಮೂಡಬಿದ್ರೆ/ದಕ್ಷಿಣಕನ್ನಡ,ಸುಪಾರ್ಶ್ವ ಎಂ,ಸುಪಾರ್ಶ್ವ ಎಂ,ಮಾಸಿಕ,ಕನ್ನಡ,,
2486,ಬಿರುಗಾಳಿ,2007,ಮಂಗಳೂರು,ರಾಜೇಶ್ ಖಾದ್ರಿ,ರಾಜೇಶ್ ಖಾದ್ರಿ,ಪಾಕ್ಷಿಕ,ಕನ್ನಡ,,
2487,ಚಿತ್ತಾರ,2007,ಮಂಗಳೂರು,ಜಿ ಹನುಮಂತ್ ಕಾಮಂತ್,ಜಿ ಹನುಮಂತ್ ಕಾಮಂತ್,ಮಾಸಿಕ,ಕನ್ನಡ,,
2488,ಜಯ ಕಿರಣ,2007,ಮಂಗಳೂರು,ಮನೋಜ್ ಹಳೆಯಂಗಡಿ,ಮನೋಜ್ ಹಳೆಯಂಗಡಿ,ದೈನಿಕ,ಕನ್ನಡ,,
2489,ಕನ್ನಡ ಕೈರಳಿ,2007,ಮಂಗಳೂರು,ಅಬ್ದುಲ್ ರೆಹಮಾನ್ ಸುಬ್ಬಯ್ಯಕಟ್ಟೆ,ಅಬ್ದುಲ್ ರೆಹಮಾನ್ ಸುಬ್ಬಯ್ಯಕಟ್ಟೆ,ಮಾಸಿಕ,ಕನ್ನಡ,,
2490,ಲಲಿತಕಲಾಮೃತ,2007,ಮಂಗಳೂರು,ಕೆ. ಸುರೇಶ್,ಕೆ. ಸುರೇಶ್,ಮಾಸಿಕ,ಕನ್ನಡ,,
2491,ಕಾನೂನು ಮತ್ತು ಸುವ್ಯವಸ್ಥೆ,2007,ಮಂಗಳೂರು,ರಹೀಮ್ ಉಚ್ಚಿಲ್,ರಹೀಮ್ ಉಚ್ಚಿಲ್,,ಕನ್ನಡ,,
2492,ಎಂಪಿ ಶಾಸಕರ ಸುದ್ದಿ,2007,ಮಂಗಳೂರು,ಬಿ ಎನ್ ಅಶೋಕ್ ಶೆಟ್ಟಿ,ಬಿ ಎನ್ ಅಶೋಕ್ ಶೆಟ್ಟಿ,,ಕನ್ನಡ/ ಇಂಗ್ಲೀಷ್,,
2493,ಪ್ರಸ್ತುತ,2007,ದಕ್ಷಿಣಕನ್ನಡ,ಕೆ ಎಂ ಶರೀಫ್,ಕೆ ಎಂ ಶರೀಫ್,ಪಾಕ್ಷಿಕ,ಕನ್ನಡ,,
2494,ಸಿರಾತೆ ಮುಸ್ತಖೀಮ್,2007,ಮಂಗಳೂರು,ಮುಹಮ್ಮದ್ ಅಲಿ,ಪಿ ಅಬುಸಲಂ,ಮಾಸಿಕ,ಕನ್ನಡ,,
2495,ಉರುಮಾಲ್,2007,ಮಂಗಳೂರು,ಎಂ. ಸರ್ಫ್ರಾಜ್,ಎಂ ಎ ಸಖಾಫಿ ಮಂಗಲಪೇಟ್,ಮಾಸಿಕ,ತುಳು,,
2496,ಪ್ರಜೋದಾಯ,2007,ಹಾಸನ,ಜೆ ಆರ್ ಕೆಂಚೇಗೌಡ,ಜೆ ಆರ್ ಕೆಂಚೇಗೌಡ,ದೈನಿಕ,ಕನ್ನಡ,,
2497,ಸತ್ಯದ ಹೊನಲು,2007,ಹಾಸನ,ಕೆ ಎಚ್ ವೇಣುಕುಮಾರ್,ಕೆ ಎಚ್ ವೇಣುಕುಮಾರ್,ದೈನಿಕ,ಕನ್ನಡ,,
2498,ಹಾವೇರಿ ಮಿತ್ರ,2007,ಹಾವೇರಿ,ವಿನಾಯಕ ಹುದ್ದಾರ,ವಿನಾಯಕ ಹುದ್ದಾರ,ಸಾಪ್ತಾಹಿಕ,ಕನ್ನಡ,,
2499,ಕೌರವ,2007,ಹಾವೇರಿ,ಕೆ ಮಂಜಪ್ಪ/ ಮಾಲ್ತೇಶ್ ಅಂಗೂರ್,ಕೆ ಮಂಜಪ್ಪ,ದೈನಿಕ,ಕನ್ನಡ,,
2500,ಕಲಬುರ್ಗಿ ಕಲರವ,2007,ಕಲಬುರ್ಗಿ,ಸಾಯಿಬಣ್ಣ ಸಿದ್ದಪ್ಪ ಬೆನಕನಹಳ್ಳಿ,ಸಾಯಿಬಣ್ಣ ಸಿದ್ದಪ್ಪ ಬೆನಕನಹಳ್ಳಿ,ಮಾಸಿಕ,ಕನ್ನಡ,,
2501,ಕಲಬುರ್ಗಿ ಕನ್ನಡಿಗರು,2007,ಕಲಬುರ್ಗಿ,ಸಿದ್ದರಾಮಪ್ಪ ಎಸ್ ಮಾಲಿಬಿರಾದಾರ್,ಸಿದ್ದರಾಮಪ್ಪ ಎಸ್ ಮಾಲಿಬಿರಾದಾರ್,ದೈನಿಕ,ಕನ್ನಡ,,
2502,ಮುಂಜಾವು,2007,ಕಲಬುರ್ಗಿ,ಶ್ಯಾಮಕುಮಾರ್ ಶಿಂಧೆ,ಶ್ಯಾಮಕುಮಾರ್ ಶಿಂಧೆ,ದೈನಿಕ,ಕನ್ನಡ,,
2503,ನೂಪುರ ಭ್ರಮರಿ,2007,ಕೊಡಗು/ಮಡಿಕೇರಿ,ಸಾನಿದ್ಯ ಪ್ರಕಾಶನ,ಮನೋರಮಾ ಬಿ ಎನ್,ದ್ವೈಮಾಸಿಕ,ಕನ್ನಡ,,
2504,ರಾಷ್ಟ್ರ ಜಾಗೃತಿ,2007,ಮಡಿಕೇರಿ,ಎಂ.ಕೆ. ಅರುಣ್ ಕುಮಾರ್,ಎಚ್ ಆರ್ ಎನ್ ಮೂರ್ತಿ,ಸಾಪ್ತಾಹಿಕ,ಕನ್ನಡ,,
2505,ಅಂತರಗಂಗೆ,2007,ಕೋಲಾರ,ಎಸ್ ಕೆ ಚಂದ್ರಶೇಖರ್,ಎಸ್ ಕೆ ಚಂದ್ರಶೇಖರ್,ದೈನಿಕ,ಕನ್ನಡ,,
2506,ನಮ್ಮ ಸ್ವರ್ಗ ಭೂಮಿ,2007,ಕೋಲಾರ,ಸು ನಾಗೇಂದ್ರನಾಥ್,ಸು ನಾಗೇಂದ್ರನಾಥ್,ಮಾಸಿಕ,ಕನ್ನಡ,,
2507,ಜನ ಜನೆಯರ ಸುಮಂಗಲಿ,2007,ಶ್ರೀರಂಗಪಟ್ಟಣ,ಎಚ್ ವಿ ಪುಟ್ಟಸ್ವಾಮಿ,ಎಚ್ ವಿ ಪುಟ್ಟಸ್ವಾಮಿ,ಮಾಸಿಕ,ಕನ್ನಡ,,
2508,ಮಂಡ್ಯ ಮಾತು,2007,ಮಂಡ್ಯ,ಬಿ ಸಿ ಸಿದ್ದೂ,ಬಿ ಸಿ ಸಿದ್ದೂ,ದೈನಿಕ,ಕನ್ನಡ,,
2509,ಮಂಡ್ಯ ಪ್ರೆಸ್,2007,ಮಂಡ್ಯ,ಎಂ.ಎಸ್. ಶಿವಪ್ರಕಾಶ್,ಎಂ.ಎಸ್. ಶಿವಪ್ರಕಾಶ್,ದೈನಿಕ,ಕನ್ನಡ,,
2510,ಪ್ರಜಾ ಪಾಲಕ,2007,ಮಂಡ್ಯ,ಇ.ಶಿವಸ್ವಾಮಿ,ಇ.ಶಿವಸ್ವಾಮಿ,ಪಾಕ್ಷಿಕ,ಕನ್ನಡ,,
2511,ಸಂಜೆ ಸಮಾಚಾರ,2007,ಮಂಡ್ಯ,ಎನ್ ನಾಗರಾಜು,ಎನ್ ನಾಗರಾಜು,ದೈನಿಕ,ಕನ್ನಡ,,
2512,ಹಿಂದ್ ಸ್ವರಾಜ್,2007,ಮೈಸೂರು,ಎಚ್ ಎಸ್ ಸುದೇಂದ್ರ,ಸುಭಾಷ್ ಯು ಆರ್/ಹೀರಾಲಾಲ್ ಶರ್ಮಾ/ ಎಚ್.ಎಸ್.ಸುಧೇಂದ್ರ,ಮಾಸಿಕ,ಕನ್ನಡ,,
2513,ಪ್ರಜಾಪ್ರಭುತ್ವ ಪತ್ರಿಕೆ,2007,ಮೈಸೂರು,ಮೂಡಂಕುಡು ಶಿವರಾಜ್,ಮೂಡಂಕುಡು ಶಿವರಾಜ್,,ಕನ್ನಡ,,
2514,ಜಯವಾಹಿನಿ,2007,ರಾಮನಗರ,ಕಲಾವತಿ ಶಾಂತಕುಮಾರ್,ಕಲಾವತಿ ಶಾಂತಕುಮಾರ್,ದೈನಿಕ,ಕನ್ನಡ,,
2515,ಗೋ ವಿಶ್ವ/ಹಸು ಯೂನಿವರ್ಸ್,2007,,,,ಮಾಸಿಕ,ಕನ್ನಡ,,
2516,ಪ್ರತಿಭಾ ಲೋಕ,2007,ಹೊಸನಗರ,,ಲೋಹಿತ್ ಎಸ್ ಹೆಬ್ಬಾರ್ ಮತ್ತಿತರರಿದ್ದರು,ಮಾಸಿಕ,ಕನ್ನಡ,,
2517,ರಘು ವಿಜಯ,2007,ಸಾಗರ,,ಎಚ್ ಎಲ್ ರಾಘವೇಂದ್ರ,ದೈನಿಕ,ಕನ್ನಡ,,
2518,ಸುವರ್ಣ ಪ್ರಭಾ,2007,ಸಾಗರ,ವಿ ಹಿಟ್ಕರ್ ಜೈನ್,ವಿ ಹಿಟ್ಕರ್ ಜೈನ್,ದೈನಿಕ Evening,ಕನ್ನಡ,,
2519,ಶಿವಳ್ಳಿ,2007,ಉಡುಪಿ,ತುಳು ಶಿವಳ್ಳಿ ಮಾದ್ವ ಬ್ರಾಹ್ಮಣ ಮಂಡಾಳ,,,ಕನ್ನಡ,,
2520,ಶ್ರೀ ತ್ರಿಕನ್ನೇಶ್ವರಿ ವಾಣಿ,2007,ಉಡುಪಿ,ತೇಜೇಶ್ವರ ರಾವ್,ತೇಜೇಶ್ವರ ರಾವ್ / ಅಂಶುಮಾಲಿ,ಮಾಸಿಕ,ಕನ್ನಡ,,
2521,ವಿದ್ಯಾ ಸಂಪದ,2007,ಉಡುಪಿ,ಇದು ವರ್ಲ್ಡ್ ಪಬ್ಲಿಷರ್ಸ್,ಗುರುರಾಜ ಪೈ,ಮಾಸಿಕ,ಕನ್ನಡ,,
2522,ತೇಜಸ್ವಿ ಪ್ರಪಂಚ,2007,ಕುಮಟಾ,ತೇಜಸ್ವಿ ಬೀರಪ್ಪ ಕತ್ತು,ತೇಜಸ್ವಿ ಬೀರಪ್ಪ ಕತ್ತು,ಪಾಕ್ಷಿಕ,ಕನ್ನಡ,,
2523,ಧಮ್ಮ ಚಕ್ರ,2007,ವಿಜಯಪುರ,ಅನಿಲ್ ಸಿ ಹೊಸಮನಿ,ಅನಿಲ್ ಸಿ ಹೊಸಮನಿ,ಪಾಕ್ಷಿಕ,ಕನ್ನಡ,,
2524,ಪರಿವರ್ತನ ಮಹಾಕಾಯಸ,2008,ಬೀದರ್,ರಾಮಚಂದ್ರ ಭೋಸ್ಲೆ,ರಾಮಚಂದ್ರ ಭೋಸ್ಲೆ,ದೈನಿಕ,ಹಿಂದಿ,,
2525,ಜೇಷ್ಟಾ,2008,ಬಾಗಲಕೋಟೆ,ಮುರುಗೇಶ್.ಬಿ. ಅಳಗವಾಡಿ,ಮುರುಗೇಶ್.ಬಿ. ಅಳಗವಾಡಿ,ದೈನಿಕ,ಕನ್ನಡ,,
2526,ಸವಿ ನುಡಿ,2008,ಬಾಗಲಕೋಟೆ,ಉಮೇಶ ಪೂಜಾರಿ,ಉಮೇಶ ಪೂಜಾರಿ,ದೈನಿಕ,ಕನ್ನಡ,,
2527,ಸ್ತ್ರೀಜ್ವಾಲೆ,2008,ಹೊಸಕೋಟೆ,ಅನ್ನಪೂರ್ಣ,ಅನ್ನಪೂರ್ಣ,ಪಾಕ್ಷಿಕ,ಕನ್ನಡ,,
2528,ಸಂಡೂರ್ ರಹಸ್ಯ,2008,ಸಂಡೂರು,ರಮೇಶ ಚಲವಲಿ,ರಮೇಶ ಚಲವಲಿ,ಸಾಪ್ತಾಹಿಕ,ಕನ್ನಡ,,
2529,ಅಂಬೇಡ್ಕರ್ ಜ್ಯೋತಿ,2008,ಬೆಂಗಳೂರು,ವಿ ಗೋಪಿ,ವಿ ಗೋಪಿ,ಮಾಸಿಕ,ಕನ್ನಡ,,
2530,ಆರ್ಭಟ,2008,ಬೆಂಗಳೂರು,ಜಿ ವೀರಭದ್ರಯ್ಯ,ಜಿ ವೀರಭದ್ರಯ್ಯ,ಪಾಕ್ಷಿಕ,ಕನ್ನಡ,,
2531,ಬೆಂಗಳೂರು ಒಂದು,2008,ಬೆಂಗಳೂರು,ಎಂ ಮೋಹನ್ ರಾಜು,ಎಂ ಮೋಹನ್ ರಾಜು,ಪಾಕ್ಷಿಕ,ಕನ್ನಡ,,
2532,ಬೆಂಗಳೂರು ಮಿತ್ರ,2008,ಬೆಂಗಳೂರು,,ಪ್ರಕಾಶ್,ಪಾಕ್ಷಿಕ,ಕನ್ನಡ,,
2533,ಭುವಿ ಸಂಚಯನ,2008,ಬೆಂಗಳೂರು,ಎಂ ಮುನಿಮಾರಪ್ಪ,ಎಂ ಮುನಿಮಾರಪ್ಪ,ಪಾಕ್ಷಿಕ,ಕನ್ನಡ,,
2534,ಬಿಲ್ವ,2008,ಬೆಂಗಳೂರು,ಎಸ್.ಎಂ. ವಿವೇಕಾನಂದ ಸ್ವಾಮಿ,ಎಸ್.ಎಂ. ವಿವೇಕಾನಂದ ಸ್ವಾಮಿ,ಮಾಸಿಕ,ಕನ್ನಡ,,
2535,ಬ್ರಹ್ಮ,2008,ಬೆಂಗಳೂರು,ರಾಘವೇಂದ್ರ,ರಾಘವೇಂದ್ರ,ಪಾಕ್ಷಿಕ,,,
2536,ದ್ಯೆಯ ಕಮಲಾ,2008,ಬೆಂಗಳೂರು,ಸುರೇಶ್ ಕುಮಾರ್,ಗಿರೀಶ್ ಪಾಟೀಲ್,ಮಾಸಿಕ,ಕನ್ನಡ,,
2537,ಅಭಿಯಂತರರು ಪಾಲಿಕೆ ವಾರ್ತೆ,2008,ಬೆಂಗಳೂರು,ಕೆ ಎಲ್ ಲೋಕೇಶ್,ಕೆ ಎಲ್ ಲೋಕೇಶ್,ಮಾಸಿಕ,ಕನ್ನಡ,,
2538,ಗಗನ ಸ್ಪೋಟ,2008,ಬೆಂಗಳೂರು,ಜೆ ಗಜೇಂದ್ರ,ಜೆ ಗಜೇಂದ್ರ,ಮಾಸಿಕ,ಕನ್ನಡ,,
2539,ಗುರುರಾಯ,2008,ಬೆಂಗಳೂರು,ಬಿ ಎಸ್ ನರೇಂದ್ರ,ಬಿ ಎಸ್ ನರೇಂದ್ರ,ಮಾಸಿಕ,ಕನ್ನಡ,,
2540,ಜನಾಂದೋಲನ,2008,ಬೆಂಗಳೂರು,ಗೋವಿಂದರಾಜು,ಗೋವಿಂದರಾಜು,ಮಾಸಿಕ,ಕನ್ನಡ,,
2541,ಕಗ್ಗತ್ತಲಿನ ರಾಜಕೀಯ,2008,ಬೆಂಗಳೂರು,ವಿ ಪುಟ್ಟಸ್ವಾಮಿ,ವಿ ಪುಟ್ಟಸ್ವಾಮಿ,,ಕನ್ನಡ,,
2542,ಕರಂಜಿ,2008,ಬೆಂಗಳೂರು,ಎಲ್ ಮಹೇಶ್ ಕುಮಾರ್,ಎಲ್ ಮಹೇಶ್ ಕುಮಾರ್,ಮಾಸಿಕ,ಕನ್ನಡ/ ಇಂಗ್ಲೀಷ್,,
2543,ಕರ್ನಾಟಕ ಕಾರ್ಮಿಕ ಲೋಕ,2008,ಬೆಂಗಳೂರು,ಆರ್ ಸುಷ್ಮಾ,ಆರ್ ಸುಷ್ಮಾ,ಮಾಸಿಕ,ಕನ್ನಡ,,
2544,ಕರ್ನಾಟಕ ಪ್ರಭ 1,2008,ಬೆಂಗಳೂರು,ಎಲ್.ವೆಂಕಟೇಶ್,ಎಲ್.ವೆಂಕಟೇಶ್,ಮಾಸಿಕ,ಕನ್ನಡ,,
2545,ಕರ್ನಾಟಕ ರೇಷ್ಮೆ ಕೃಷಿ,2008,ಬೆಂಗಳೂರು,ಅಭಿಮಾನಿ ಪಬ್ಲಿಷ್ಒನ್,ಎಚ್ ಭಾಸ್ಕರ್,,ಕನ್ನಡ,,
2546,ಮಂಟನಿ,2008,ಬೆಂಗಳೂರು,ಇಂದಿರಾ ಶಿವಣ್ಣ,ಇಂದಿರಾ ಶಿವಣ್ಣ,ಮಾಸಿಕ,ಕನ್ನಡ,,
2547,ಮುತ್ತಿನ ನುಡಿ,2008,ಬೆಂಗಳೂರು,ಎನ್.ಕೃಷ್ಣಪ್ಪ,ಎನ್.ಕೃಷ್ಣಪ್ಪ,ಮಾಸಿಕ,ಕನ್ನಡ,,
2548,ನಿಮ್ಮ ಕಿಡಿ,2008,ಬೆಂಗಳೂರು,ಎಂ ಎಸ್ ಹಿರೇಮಠ,ಎಂ ಎಸ್ ಹಿರೇಮಠ,ಪಾಕ್ಷಿಕ,ಕನ್ನಡ,,
2549,ನಿಮ್ಮೆಲ್ಲರ ಮಾನಸ,2008,ಬೆಂಗಳೂರು,ದೆಹಲಿ ಪ್ರಕಾಶನ,ಕೆ ಗಣೇಶ ಕೋಡೂರು,ಮಾಸಿಕ,ಕನ್ನಡ,,
2550,ಪಂಚಕೋಟಿ,2008,ಬೆಂಗಳೂರು,ಬಿ ಕೆ ದಿವಾಕರ,ಬಿ ಕೆ ದಿವಾಕರ,ಮಾಸಿಕ,ಕನ್ನಡ,,
2551,ಸಾರ್ವಜನಿಕ ವಿಮೋಚನೆ,2008,ಬೆಂಗಳೂರು,ಆರ್ ಅಶ್ವಥ್,ಆರ್ ಅಶ್ವಥ್,ಮಾಸಿಕ,ಕನ್ನಡ,,
2552,ಪ್ರಜಾಪ್ರಭುತ್ವ ದ ಚಂದದ ಆಳ್ವಿಕೆ,2008,ಬೆಂಗಳೂರು,ಆರ್.ಮುರಳಿ,ಆರ್.ಮುರಳಿ,ಸಾಪ್ತಾಹಿಕ,ಕನ್ನಡ,,
2553,ಪ್ರಸ್ತುತ ರಾಜಕೀಯ,2008,ಬೆಂಗಳೂರು,ಲಿಂಗರಾಜು ಡಿ ನೊಣವಿನಕೆರೆ,ಲಿಂಗರಾಜು ಡಿ ನೊಣವಿನಕೆರೆ,,ಕನ್ನಡ,,
2554,ಶುಭ ಜ್ಯೋತಿ,2008,ಬೆಂಗಳೂರು,ಜ್ಯೋತಿ ಪ್ರಭಾ,ಜ್ಯೋತಿ ಪ್ರಭಾ,ಮಾಸಿಕ,ಕನ್ನಡ,,
2555,ಸ್ನೇಹಾಂಜಲಿ,2008,ಬೆಂಗಳೂರು,ಸ್ನೇಹಾಂಜಲಿ,ಬಿ ಎಸ್ ಗೌಡ,ಮಾಸಿಕ,ದ್ವಿಭಾಷಿಕ,,
2556,ಸೌಂದರ್ಯ,2008,ಬೆಂಗಳೂರು,ಎಂ.ರಾಹುಲ್,ಎಂ.ರಾಹುಲ್,,ಕನ್ನಡ,,
2557,ಸ್ಪರ್ದಾ ಭಾರತಿ,2008,ಬೆಂಗಳೂರು,ಕೆ.ಎಚ್.ಮಂಜುನಾಥ್,ಕೆ.ಎಚ್.ಮಂಜುನಾಥ್,ಮಾಸಿಕ,ಕನ್ನಡ,,
2558,ಶುದ್ಧೀಕರಣ ಕಲ್ಪನೆ,2008,ಬೆಂಗಳೂರು,ಆರ್ ಚಂದ್ರಶೇಖರ್,ಆರ್ ಚಂದ್ರಶೇಖರ್,ಪಾಕ್ಷಿಕ,ಕನ್ನಡ,,
2559,ಉಲ್ಲಾಸ ಕರ್ನಾಟಕ,2008,ಬೆಂಗಳೂರು,ಸತೀಶ್ ಬಾಬು,ಸತೀಶ್ ಬಾಬು,ಪಾಕ್ಷಿಕ,ಕನ್ನಡ,,
2560,ವಖಿಲಾ ಸ್ನೇಹಿತೆ,2008,ಬೆಂಗಳೂರು,,,ಮಾಸಿಕ,ಕನ್ನಡ,,
2561,ವಾರ್ತ ಜಲ,2008,ಬೆಂಗಳೂರು,,,ದೈನಿಕ,ಕನ್ನಡ/ ಇಂಗ್ಲೀಷ್,,
2562,ವಿಚಾರ ಸಂಘ,2008,ಬೆಂಗಳೂರು,ಲಕ್ಷ್ಮಮ್ಮ,ಲಕ್ಷ್ಮಮ್ಮ,ಮಾಸಿಕ,ಕನ್ನಡ,,
2563,ವಿದ್ಯುತ್ ಭಾರತ,2008,ಬೆಂಗಳೂರು,ಕೆ ಆರ್. ವಿರೂಪಾಕ್ಷ,ಕೆ ಆರ್. ವಿರೂಪಾಕ್ಷ,ಮಾಸಿಕ,ಕನ್ನಡ,,
2564,ಬೆಂಗಳೂರಿನ ಧ್ವನಿ,2008,ಬೆಂಗಳೂರು,ಮಮತ ಕೆ,ಶ್ರೀಕಾಂತ್ ವಿ ಬಿ,ಮಾಸಿಕ,ಕನ್ನಡ,,
2565,ಯು ಕ್ಯಾನ್ ವಿನ್,2008,ಬೆಂಗಳೂರು,ನಾರಾಯಣ ಮಾಲ್ಕೋಡ್,ನಾರಾಯಣ ಮಾಲ್ಕೋಡ್,ಮಾಸಿಕ,ಕನ್ನಡ,,
2566,ಯುವ ಬರಹ,2008,ಬೆಂಗಳೂರು,ವಿ.ಪ್ರಶಾಂತ್,ವಿ.ಪ್ರಶಾಂತ್,ಮಾಸಿಕ,ಕನ್ನಡ,,
2567,ಸುದ್ದಿ ಸಂಜೆ,2008,ಚಾಮರಾಜನಗರ,ಡಿ ಶಶಿಧರ,ಡಿ ಶಶಿಧರ,ದೈನಿಕ,ಕನ್ನಡ,,
2568,ಉದಯ ಮಿತ್ರ,2008,ಚಿಕ್ಕಬಳ್ಳಾಪುರ,ಎ.ಸದಾನಂದ,ಎ.ಸದಾನಂದ,,ಕನ್ನಡ,,
2569,ಚಿಕ್ಕಬಳ್ಳಾಪುರದ ಧ್ವನಿ,2008,ಚಿಕ್ಕಬಳ್ಳಾಪುರ,ಸಿ.ಸಿ.ವಿ. ಮೈಯಾ,ಸಿ.ಸಿ.ವಿ. ಮೈಯಾ,ಮಾಸಿಕ,ಕನ್ನಡ,,
2570,ಜಿಲ್ಲಾ ಸಮಾಚಾರ,2008,ಚಿಕ್ಕಮಗಳೂರು,ಎನ್ ರಾಜು,ಎನ್ ರಾಜು,ದೈನಿಕ,ಕನ್ನಡ,,Editor - Sinoji Rao
2571,ಬಹುಜನ ಕೂಗು,2008,ಚಿಕ್ಕಮಗಳೂರು,ಎನ್ ವೆಂಕಟೇಶ್,ಎನ್ ವೆಂಕಟೇಶ್,ಪಾಕ್ಷಿಕ,ಕನ್ನಡ,,
2572,ಹಾಯ್ ತರೀಕೆರೆ,2008,ತರಿಕೆರೆ/ಚಿಕ್ಕಮಗಳೂರು,ಬಿ.ಲೋಕೇಶಪ್ಪ,ಬಿ.ಲೋಕೇಶಪ್ಪ,ಪಾಕ್ಷಿಕ,ಕನ್ನಡ,,
2573,ಹೂಸ ಅಲೆ,2008,ಕಡೂರು/ಚಿಕ್ಕಮಗಳೂರು,ಕೆ.ಆರ್. ರಮೇಶ್ ಕುಮಾರ್,ಕೆ.ಆರ್. ರಮೇಶ್ ಕುಮಾರ್,ಸಾಪ್ತಾಹಿಕ,ಕನ್ನಡ,,
2574,ಸ್ಥಳೀಯ ರಕ್ತ ಕ್ರಾಂತಿ,2008,ಚಿಕ್ಕಮಗಳೂರು,ವಿಷ್ಣು ಉಪಾದ್ಯಾಯ,ವಿಷ್ಣು ಉಪಾದ್ಯಾಯ,ಸಾಪ್ತಾಹಿಕ,ಕನ್ನಡ,,
2575,ಸಮಗ್ರ ಜನರ ಸುದ್ದಿ,2008,ಚಿತ್ರದುರ್ಗ,ಬಿ ವಿ ಮಂಜುನಾಥ್,ಬಿ ವಿ ಮಂಜುನಾಥ್,ದೈನಿಕ,ಕನ್ನಡ,,
2576,ಹಗಲು ದರೋಡೆ,2008,ದಾವಣಗೆರೆ,ಎಸ್ ಎಸ್ ಸಿದ್ದೇಶ್,ಎಸ್ ಎಸ್ ಸಿದ್ದೇಶ್,ಸಾಪ್ತಾಹಿಕ,ಕನ್ನಡ,,
2577,ಧರ್ಮ ಶಕ್ತಿ,2008,ಧಾರವಾಡ,ವೆಂಕಟೇಶ ಎಂ.ಮಣ್ಣೂರು,ವೆಂಕಟೇಶ ಎಂ.ಮಣ್ಣೂರು,ಮಾಸಿಕ,ಕನ್ನಡ,,
2578,ಮಲ್ಲೇಶ,2008,ಧಾರವಾಡ,ಸುಭಾಸ್. ಎಂ. ಸುಂಗರ್,ಸುಭಾಸ್. ಎಂ. ಸುಂಗರ್,ಮಾಸಿಕ,ಕನ್ನಡ,,
2579,ಸೃಷ್ಟಿ ರಾಜ್ ಟೈಮ್ಸ್,2008,ಹುಬ್ಬಳ್ಳಿ/ಧಾರವಾಡ,ಎಸ್ ಬಿ ಶೆಟ್ಟರ್,ಚಿನ್ನಯ್ಯ ಎ.ವಿ. ಗೌಡ,ದೈನಿಕ,ಕನ್ನಡ/ ಇಂಗ್ಲೀಷ್,,
2580,ನಮ್ಮ ದೇಶ,2008,ದಕ್ಷಿಣಕನ್ನಡ,ಜಿಲ್ಲಾ ಸ್ವಯಂ ಸೇವಕರ ಬಳಗ,,,ಕನ್ನಡ,,
2581,ಅತಿಥಿ,2008,ದಕ್ಷಿಣಕನ್ನಡ,ಬಾಲಕೃಷ್ಣ,ಬಾಲಕೃಷ್ಣ ಮೊದಲಾದವರಿದ್ದರು.,ಪಾಕ್ಷಿಕ,ಕನ್ನಡ,,
2582,ಬ್ಯಾರಿ ಮಿತ್ರ,2008,ದಕ್ಷಿಣಕನ್ನಡ,ವೈ ಎಯ್ಯಡಿ,,,ಕನ್ನಡ,,
2583,ಕ್ರೈಮ್ ಎಕ್ಸ್‌ಪ್ರೆಸ್,2008,ಮಂಗಳೂರು,ಜೋಹಾನ್ ಬ್ಯಾಪ್ಟಿಸ್ಟ್,ಜೋಹಾನ್ ಬ್ಯಾಪ್ಟಿಸ್ಟ್,ಪಾಕ್ಷಿಕ,ಕನ್ನಡ,,
2584,ಹೊಂಬೆಳಕು,2008,ಮಂಗಳೂರು,ಹಮೀದ್ ಕಿನ್ಯಾ,ಹಮೀದ್ ಕಿನ್ಯಾ,ಪಾಕ್ಷಿಕ,ಕನ್ನಡ,,
2585,ಕೂಟ ವಾಣಿ,2008,ಮಂಗಳೂರು,ಪಿ ಶೇಷಗಿರಿ ರಾವ್,ಪೊಳಲಿ ನಿತ್ಯಾನಂದ,ಮಾಸಿಕ,ಕನ್ನಡ,,
2586,ಮದರಂಗಿ,2008,,ಡಿ ಐ ಅಬೂಬಕರ್ ಕೈರಂಗಳ,"ಕಾರಂತ
 ಸಾಲತ್ತೂರು ಅಬೂಬಕರ್ ಫೈಝ್",ಮಾಸಿಕ,ಕನ್ನಡ,,
2587,ಮುಂಗಾರಿನ ಮಿಂಚು,2008,ಮಂಗಳೂರು,,ಕವಿತಾ,ಮಾಸಿಕ,ಕನ್ನಡ,,
2588,ಲ್ಯಾಂಡ್ ಲಾರ್ಡ್ಸ್ ಸುದ್ದಿ,2008,ಮಂಗಳೂರು,ಅಂದೂ ಪಾಲ್,ಅಂದೂ ಪಾಲ್,,ಕನ್ನಡ,,
2589,ಬಿಚ್ಚಿಡದ,2008,ಮೂಡಬಿದ್ರೆ/ದಕ್ಷಿಣಕನ್ನಡ,ಸಮತಾ ಪಬ್ಲಿಕೇಷನ್ಸ್,ಸುಪಾರ್ಶ್ವ ಎಂ,ಪಾಕ್ಷಿಕ,ಕನ್ನಡ,,
2590,ರಾಗಧನಶ್ರೀ,2008,ಉಡುಪಿ/ದಕ್ಷಿಣಕನ್ನಡ,ರಾಗದನ ಉಡುಪಿ,ಎ ಐಶ್ವರ್ಯ,ಮಾಸಿಕ,ಕನ್ನಡ,,
2591,ಸಮರಸ್ಯ ನ್ಯೂಸ್,2008,ಮಂಗಳೂರು,ಎಂ.ಎಂ.ಎ. ಶರೀಫ್,ಎಂ.ಎಂ.ಎ. ಶರೀಫ್,ಮಾಸಿಕ,ಕನ್ನಡ,,
2592,ಸಂತೃಪ್ತ ಕುಟುಂಬ ಸಂದೇಶ,2008,ಮಂಗಳೂರು,ಕರ್ನಾಟಕ ಇಸ್ಲಾಮಿಕ್ ಸಾಹಿತ್ಯ ಅಕಾಡೆಮಿ,ಕೆ ಎಂ ಬಶೀರ್ ಅಝಹರಿ,ಮಾಸಿಕ,ಕನ್ನಡ,,
2593,ಜನರ ಧ್ವನಿ,2008,ಮಂಗಳೂರು,ಕೆ ವಿ ರವೀಂದ್ರನ್,ಕೆ ವಿ ರವೀಂದ್ರನ್,ಮಾಸಿಕ,ಕನ್ನಡ,,
2594,ಯಶ ಕರ್ನಾಟಕ,2008,ಮಂಗಳೂರು,ಲತಾ ಕೃಷ್ಣದಾಸ್,ಕೆ ವಿ ಕೃಷ್ಣದಾಸ್,ಸಾಪ್ತಾಹಿಕ,ಕನ್ನಡ,,
2595,ಕಾಫಿಯಾನದಿನಿಂದಾ,2008,ಸಕಲೇಶಪುರ,,ಕೆ ವೇಣುಗೋಪಾಲ್,ಮಾಸಿಕ,ಕನ್ನಡ,,
2596,ಬೆಳ್ಳಿಚುಕ್ಕಿ,2008,ಹಾವೇರಿ,,ಡಿ ಸಿ ವೀರೇಂದ್ರ,ಮಾಸಿಕ,ಕನ್ನಡ,,
2597,ಜ್ಞಾನ ಗಂಗಾ,2008,ಕಲಬುರ್ಗಿ,ಗುಲ್ಬರ್ಗ ವಿಶ್ವವಿದ್ಯಾಲಯ,,,ಕನ್ನಡ,,
2598,ಮನೀಶ್ ಪತ್ರಿಕೆ,2008,ಕಲಬುರ್ಗಿ,,ರಾಜು ದೇಶಮುಖ,ದೈನಿಕ,ಕನ್ನಡ,,
2599,ಕೊಡಗು ವಿಜಯ,2008,ಮಡಿಕೇರಿ,ರಾಕೇಶ ಅಪ್ಪಯ್ಯ ಕೇಳಪಂಡ,ರಾಕೇಶ ಅಪ್ಪಯ್ಯ ಕೇಳಪಂಡ,ಸಾಪ್ತಾಹಿಕ,ಕನ್ನಡ,,
2600,ಕೋಲಾರ ಸಿಂಹ,2008,ಕೋಲಾರ,ಆರ್.ಎನ್.ಹನುಮಂತಪ್ಪ,ಆರ್.ಎನ್.ಹನುಮಂತಪ್ಪ,ಸಾಪ್ತಾಹಿಕ,ಕನ್ನಡ,,
2601,ಕೋಲಾರ ಪ್ರಭಾ,2008,ಕೋಲಾರ,,,ದೈನಿಕ,ಕನ್ನಡ,,
2602,ಕೋಲಾರ ಕುಸುಮ,2008,ಕೋಲಾರ,ಆರ್ ವೆಂಕಟೇಶ್,ಆರ್ ವೆಂಕಟೇಶ್,ದೈನಿಕ,ಕನ್ನಡ,,
2603,ಕೊಪ್ಪಳ ಅಗ್ನಿದಿವ್ಯ,2008,ಕೊಪ್ಪಳ,ಹುಸೇನ್ ಪಾಷಾ,ಹುಸೇನ್ ಪಾಷಾ,ಮಾಸಿಕ,ಕನ್ನಡ,,
2604,ಗಾಂಧಿಭವನ ಸುದ್ದಿ,2008,ಮಂಡ್ಯ,ಲಿಂಗಣ್ಣ,ಲಿಂಗಣ್ಣ ಬಂಧೂಕರ್,ಮಾಸಿಕ,ಕನ್ನಡ,,
2605,ಕನ್ನಂಬಾಡಿ,2008,ಮಂಡ್ಯ,"ಬಂಧುಕರ್ ಎಸ್. ಕೃಷ್ಣ
 ಸ್ವರ್ಣಸಂದ್ರ",ಎಸ್. ಕೃಷ್ಣ ಸ್ವರ್ಣಸಂದ್ರ,ದೈನಿಕ,ಕನ್ನಡ,,1989
2606,ಸಂಜ್ಜೆ ಇಂಪು,2008,ಮಂಡ್ಯ,ಚಲುವರಾಜು,ಚಲುವರಾಜು,ದೈನಿಕ,ಕನ್ನಡ,,
2607,ಸಂಕೀರ್ತನಾ,2008,ಮಂಡ್ಯ,ಜಿ ಗೋವಿಂದಯ್ಯ ಕೋರೆಗಾಲ,ಜಿ ಗೋವಿಂದಯ್ಯ ಕೋರೆಗಾಲ,ಪಾಕ್ಷಿಕ,ಕನ್ನಡ,,
2608,ವನ್ಯಜೀವಿ,2008,ಮಂಡ್ಯ,ಅಮರಾವತಿ,ಅಮರಾವತಿ,ಪಾಕ್ಷಿಕ,ಕನ್ನಡ,,
2609,ಅಮೋಘ ವರ್ಷ,2008,ಮೈಸೂರು,ಎಸ್ ನಾಗರಾಜ,ಎಸ್ ನಾಗರಾಜ,ಪಾಕ್ಷಿಕ,ಕನ್ನಡ,,
2610,ನಮಸ್ಕಾರ ವೇದಿಕೆ,2008,ಮೈಸೂರು,ಎಚ್ ಕೆ ಗುಂಡು ವೆಂಕಟೇಶ್ ಕುಮಾರ್,ಎಚ್ ಕೆ ಗುಂಡು ವೆಂಕಟೇಶ್ ಕುಮಾರ್,ಸಾಪ್ತಾಹಿಕ,ಕನ್ನಡ,,
2611,ಜನಸೇವಾ ಪತ್ರಿಕೆ,2008,ಮೈಸೂರು,ಕೆ.ಮಹದೇವ್,ಕೆ.ಮಹದೇವ್,ಪಾಕ್ಷಿಕ,ಕನ್ನಡ,,
2612,ರಂಗ ಪ್ರಗತಿ,2008,ಮೈಸೂರು,ಸಿ ಎಸ್ ಮಹದೇವು,ಸಿ ಎಸ್ ಮಹದೇವು,ಮಾಸಿಕ,ಕನ್ನಡ,,
2613,ಸಾಕ್ಷರತಾ ಸಮಾಚಾರ,2008,ಮೈಸೂರು,ರಾಜ್ಯ ಸಂಪನಮೂಲ ಕೇಂದ್ರ,ಬಸವರಾಜ ದೇವನೂರು / ವರದಯ:,ಮಾಸಿಕ,ಕನ್ನಡ,,
2614,ಸುತ್ತೂರು ವಾರ್ತೆ,2008,ಸುತ್ತೂರು,ಸುತ್ತೂರು ಮಠ್,,,ಕನ್ನಡ,,
2615,ಈಶಾನ್ಯ ಟೈಮ್ಸ್,2008,ರಾಯಚೂರು,ನಾಗತಿಹಳ್ಳಿ ನಾಗರಾಜ,ನಾಗತಿಹಳ್ಳಿ ನಾಗರಾಜ,ದೈನಿಕ,ಕನ್ನಡ,,
2616,ಸೃಷ್ಟಿ ರಾಜ್ ಟೈಮ್ಸ್,2008,ಶಿವಮೊಗ್ಗ,ಚಿನ್ನಯ್ಯ ಎ.ವಿ.ಗೌಡ,ಚಿನ್ನಯ್ಯ ಎ.ವಿ.ಗೌಡ,ದೈನಿಕ,ಕನ್ನಡ/ ಇಂಗ್ಲೀಷ್,,
2617,ಮಾಚಿ ಪತ್ರಿಕೆ,2008,ತುಮಕೂರು,,ಹೆಚ್ ಹನುಮಂತಯ್ಯ,ಮಾಸಿಕ,ಕನ್ನಡ,,
2618,ರಾಗ ಧನಶ್ರೀ,2008,ಉಡುಪಿ,ರಘದನ ಉಡುಪಿ,ಎ ಈಶ್ವರಯ್ಯ,ಮಾಸಿಕ,ಕನ್ನಡ,,
2619,ಸುದ್ದಿ ಕಿರಣ,2008,ಕಾರ್ಕಳ/ಉಡುಪಿ,ಸುಕುಮಾರ್ ಮುನಿಯಾಲ್,ಸುಕುಮಾರ್ ಮುನಿಯಾಲ್,,ಕನ್ನಡ,,
2620,ವಿವೇಕ ವಾಣಿ,2008,ಉಡುಪಿ,ಮಾಧವ್ ಎಂ ಪೂಜಾರಿ,ಮಾಧವ್ ಎಂ ಪೂಜಾರಿ,ಮಾಸಿಕ,ಕನ್ನಡ,,
2621,ಶ್ರೀ ಆರ್ಯಪ್ರಭಾ,2008,ಅಂಕೋಲ,ಶ್ರೀ ಆರ್ಯಪ್ರಭ ಕಛೇರಿ,ಅನಂತ್ ದುರ್ಗಪ್ಪ ಶೆಟ್ಟಿ,ಸಾಪ್ತಾಹಿಕ,ಕನ್ನಡ,,
2622,ಯುವ ಬರಹ,2008,ವಿಜಯಪುರ,,ವಿ ಪ್ರಶಾಂತ,ಮಾಸಿಕ,ಕನ್ನಡ,,
2623,ಕಪ್ಪು ಮುಧೋಳ,2009,ಬಾಗಲಕೋಟೆ/ಮುಧೋಳ,ರವೀಂದ್ರ ಕಾರಜೋಳ,ರವೀಂದ್ರ ಕಾರಜೋಳ,ಸಾಪ್ತಾಹಿಕ,ಕನ್ನಡ,,
2624,ಭಾರತದ ವೈಭವ,2009,ದೇವನಹಳ್ಳಿ,ಜಗದೀಶ್ ವಿ,ಜಗದೀಶ್ ವಿ,ಸಾಪ್ತಾಹಿಕ,ಕನ್ನಡ,,
2625,ಪೆಟ್ ವರ್ಲ್ಡ್,2009,ಬೆಳಗಾವಿ,ಎಂ ನರಸಿಂಹ ವಿ ಭಟ್,ಎಂ ನರಸಿಂಹ ವಿ ಭಟ್,ಪಾಕ್ಷಿಕ,ಕನ್ನಡ,,
2626,ಕ್ರಾಂತಿ ನೆರಳು,2009,ಹಗರಿಬೊಮ್ಮನಹಳ್ಳಿ,ಬಿ.ಬಸವರಾಜ,ಬಿ.ಬಸವರಾಜ,ಪಾಕ್ಷಿಕ,ಕನ್ನಡ,,
2627,ಅನಂತಶಾರದಾ,2009,ಬೆಂಗಳೂರು,ಎಂ ಅನಂತ ಕುಮಾರ,ಎಂ ಅನಂತ ಕುಮಾರ,ಮಾಸಿಕ,ಕನ್ನಡ,,
2628,ಅರಿವು,2009,ಬೆಂಗಳೂರು,ಜಿವಿ ಮಂಜುನಾಥ್,ಜಿವಿ ಮಂಜುನಾಥ್,ದ್ವೈಮಾಸಿಕ,ಕನ್ನಡ,,
2629,ಬಿ ಬಿ ಎಂ ಪಿ ದೂತಾ,2009,ಬೆಂಗಳೂರು,ಬಿ ಎಸ್ ಮೋಹನ್ ಕುಮಾರ್,ಬಿ ಎಸ್ ಮೋಹನ್ ಕುಮಾರ್,ಮಾಸಿಕ,ಕನ್ನಡ,,
2630,ಬೆಂಗಳೂರು ಬಳಗ,2009,ಬೆಂಗಳೂರು,ಕೆ ವಿ ಪ್ರಕಾಶ್,ಕೆ ವಿ ಪ್ರಕಾಶ್,ಮಾಸಿಕ,ಕನ್ನಡ,,
2631,ಬೆಂಗಳೂರು ಭಾನುವಾರ ರೌಂಡ್ಸ್,2009,ಬೆಂಗಳೂರು,ಟಿ ಸಾಯಿನಾಥ್,ಟಿ ಸಾಯಿನಾಥ್,ಮಾಸಿಕ,ಕನ್ನಡ,,
2632,ಬೆಂಗಳೂರು ವಿಶ್ವ,2009,ಬೆಂಗಳೂರು,,,ಪಾಕ್ಷಿಕ,ಕನ್ನಡ,,
2633,ಬೃಹತ್ನಾಡು,2009,ಬೆಂಗಳೂರು,ಬಿ ಎಸ್ ಅಲಗು ಸುಂದರಂ,ಬಿ ಎಸ್ ಅಲಗು ಸುಂದರಂ,ಮಾಸಿಕ,(ದ್ವಿಭಾಷಿಕ),,
2634,ಚಂದ್ರು ಟೈಮ್ಸ್,2009,ಬೆಂಗಳೂರು,ಡಿ ಜೆ ಚಂದ್ರಮೋಹನ್,ಡಿ ಜೆ ಚಂದ್ರಮೋಹನ್,ಸಾಪ್ತಾಹಿಕ,ಕನ್ನಡ,,
2635,ಸಿಟಿ ಸಮಾಚಾರ,2009,ಬೆಂಗಳೂರು,ಕೆ.ಹರೀಶ್,ಕೆ.ಹರೀಶ್,ಸಾಪ್ತಾಹಿಕ,ಕನ್ನಡ,,
2636,ಪ್ರಜಾಪ್ರಭುತ್ವ ವಾರ್ತೆ,2009,ಬೆಂಗಳೂರು,,ಬಿ ಎಸ್ ಹರಿನಾಥ್,ಮಾಸಿಕ,ಕನ್ನಡ,,
2637,ಘನತೆಯ ಸ್ನೇಹಿತರು - ಘನತೆಯ ಧ್ವನಿ,2009,ಬೆಂಗಳೂರು,,ಶಿಲು ಶ್ರೀನಿವಾಸನ್,ಮಾಸಿಕ,ಕನ್ನಡ,,
2638,ಇದೀಗ ವಾರ್ತೆ,2009,ಬೆಂಗಳೂರು,ನಾಗಪ್ಪ,ನಾಗಪ್ಪ,ಮಾಸಿಕ,ಕನ್ನಡ,,
2639,ಇದು ಗ್ರೇಟರ್ ಬೆಂಗಳೂರು,2009,ಬೆಂಗಳೂರು,ಅರುಣ್ ಕುಮಾರ್ ಬಿ ಎಸ್,ಅರುಣ್ ಕುಮಾರ್ ಬಿ ಎಸ್,ಮಾಸಿಕ,ಕನ್ನಡ,,
2640,ಇದು ನಗರ ಸಿಂಹ,2009,ಬೆಂಗಳೂರು,ಬಿ ಎಸ್ ವೆಂಕಟೇಶ್,ಬಿ ಎಸ್ ವೆಂಕಟೇಶ್,ಪಾಕ್ಷಿಕ,ಕನ್ನಡ,,
2641,ಜಗಜ್ಯೋತಿ,2009,ಬೆಂಗಳೂರು,ಬಸವರಾಜ ಎಚ್ ಮಲ್ಲಿ,ಬಸವರಾಜ ಎಚ್ ಮಲ್ಲಿ,ಮಾಸಿಕ,ಕನ್ನಡ,,
2642,ಜ್ಯೋತಿಷ್ಯ ಮಂಗಳ,2009,ಬೆಂಗಳೂರು,,ಸಾಬು ವರ್ಗೀಸ್,ಮಾಸಿಕ,ಕನ್ನಡ,,
2643,ಕನಕನ ಕಿಂಡಿ,2009,ಬೆಂಗಳೂರು,ಡಾ.ಬಿ ಕೆ ರವಿ,ಡಾ.ಬಿ ಕೆ ರವಿ,ಮಾಸಿಕ,ಕನ್ನಡ,,
2644,ಕರ್ನಾಟಕ ವಾರ್ತೆ,2009,ಬೆಂಗಳೂರು,ಸುಭಾಷ್,ಸುಭಾಷ್,ಪಾಕ್ಷಿಕ,ಕನ್ನಡ,,
2645,ಕರ್ನಾಟಕ ವಿದ್ಯುತ್ ದಿನಚರಿ,2009,ಬೆಂಗಳೂರು,ಪಿ ಕೃಷ್ಣ,ಪಿ ಕೃಷ್ಣ,ಮಾಸಿಕ,ಕನ್ನಡ,,
2646,ಕರುನಾಡ ಶಕ್ತಿ,2009,ಬೆಂಗಳೂರು,ಆರ್. ಅಮರನಾಥ್,ಆರ್. ಅಮರನಾಥ್,ಮಾಸಿಕ,ಕನ್ನಡ,,
2647,ಕಾವೇರಿ ಸುದ್ದಿ,2009,ಬೆಂಗಳೂರು,ಡಿಕೆ ಶಿವಕುಮಾರ್ ಗೌಡ,ಡಿಕೆ ಶಿವಕುಮಾರ್ ಗೌಡ,ಮಾಸಿಕ,ಕನ್ನಡ,,
2648,ಕುಟುಂಬ 1,2009,ಬೆಂಗಳೂರು,NRHM ನಿರ್ದೇಶಕ,,ಮಾಸಿಕ,ಕನ್ನಡ,,
2649,ಮೆಟ್ರೋ ಸಿಟಿ ಧ್ವನಿ,2009,ಬೆಂಗಳೂರು,ಸೈಯದ್ ನಯಾಜ್,ಸೈಯದ್ ನಯಾಜ್,ಮಾಸಿಕ,ಕನ್ನಡ,,
2650,ನಮ್ಮ ಜನರ ವಾಣಿ,2009,ಬೆಂಗಳೂರು,ದೇಶಭಕ್ತರು,ದೇಶಭಕ್ತರು,ದ್ವೈಮಾಸಿಕ,ಕನ್ನಡ,,
2651,ನೇಕಾರ ವಾಣಿ,2009,ಬೆಂಗಳೂರು,ಲಿಂಗರಾಜು.ಡಿ ನೊಣವಿ ನಕೆರೆ,ಲಿಂಗರಾಜು.ಡಿ ನೊಣವಿ ನಕೆರೆ,ಮಾಸಿಕ,ಕನ್ನಡ,,
2652,ನೇರ ಸುದ್ದಿ,2009,ಬೆಂಗಳೂರು,,ಎಸ್ ಮುನಿರಾಜು,ದೈನಿಕ,ಕನ್ನಡ,,
2653,ಸುದ್ದಿ ಬೇಟೆಗಾರ,2009,ಬೆಂಗಳೂರು,ಕರುಣಾಕರ್ ವಿ,ಕರುಣಾಕರ್ ವಿ,ಪಾಕ್ಷಿಕ,ಕನ್ನಡ,,
2654,ಪುಸ್ತಕ ಪ್ರಪಂಚ,2009,ಬೆಂಗಳೂರು,ಬಲವಂತ ರಾವ್ ಪಾಟೀಲ್,ಸಿದ್ದಲಿಂಗಯ್ಯ,ತ್ರೈಮಾಸಿಕ,ಕನ್ನಡ,,
2655,ರಾಮಾಚಾರಿ,2009,ಬೆಂಗಳೂರು,ಭದ್ರಾವತಿ ರಾಮಚಾರಿ,ಭದ್ರಾವತಿ ರಾಮಚಾರಿ,ಮಾಸಿಕ,ಕನ್ನಡ,,
2656,ರಾಮು ಅಭಯಾಂತರ ವಾರ್ತೆ,2009,ಬೆಂಗಳೂರು,ಡಿ.ಎನ್.ರಾಮಚಂದ್ರ,ಡಿ.ಎನ್.ರಾಮಚಂದ್ರ,ಮಾಸಿಕ,ಕನ್ನಡ,,
2657,ಕಂದಾಯ ಸುದ್ದಿ,2009,ಬೆಂಗಳೂರು,ವಿ ಪ್ರಕಾಶ್,ವಿ ಪ್ರಕಾಶ್,ಮಾಸಿಕ,ಕನ್ನಡ,,
2658,ಉದಯಿಸುತ್ತಿರುವ ಸೂರ್ಯ,2009,ಬೆಂಗಳೂರು,ಅಬ್ದುಲ್ ಸುಭಾನ್,ಅಬ್ದುಲ್ ಸುಭಾನ್,ಸಾಪ್ತಾಹಿಕ,ಕನ್ನಡ,,
2659,ಸಖಿ,2009,ಬೆಂಗಳೂರು,ಕೆ ಶಂಕರನ್ ನಾಯರ್,ಎಚ್ ಆರ್ ರಂಗನಾಥ್,ಪಾಕ್ಷಿಕ,ಕನ್ನಡ,,
2660,ಸಂಸಾ,2009,ಬೆಂಗಳೂರು,ಸಿ ಎಂ ಸುರೇಶ್,ಸಿ ಎಂ ಸುರೇಶ್,ಮಾಸಿಕ,ಕನ್ನಡ,,
2661,ಶಿಕ್ಷಕ ಮಿತ್ರ,2009,ಬೆಂಗಳೂರು,ಜಿಜಿ ಪ್ರಿಂಟರ್ಸ್,ಎಂಪಿಎಂ ಷಣ್ಮುಖಯ್ಯ,ಮಾಸಿಕ,ಕನ್ನಡ,,
2662,ಶ್ರೀನಿಧಿಯವರ ಧ್ವನಿ,2009,ಬೆಂಗಳೂರು,ಕೆ.ಕಾಂತರಾಜು,ಕೆ.ಕಾಂತರಾಜು,ಮಾಸಿಕ,ಕನ್ನಡ,,
2663,ಸುದ್ದಿ ವಿಸ್ಮಯ,2009,ಬೆಂಗಳೂರು,ಗಂಗರುದ್ರಯ್ಯ,ಗಂಗರುದ್ರಯ್ಯ,ಮಾಸಿಕ,ಕನ್ನಡ,,
2664,ಸೂರ್ಯ ವಾಣಿ,2009,ಬೆಂಗಳೂರು,ಸೂರ್ಯನಾರಾಯಣ,ಸೂರ್ಯನಾರಾಯಣ,ಮಾಸಿಕ,ಕನ್ನಡ,,
2665,ಥಿಯಾಸಫಿ ವಾಣಿ,2009,ಬೆಂಗಳೂರು,ಕೆ ಪಾರ್ವತಮ್ಮ,ಬಿ ವಿ ತಿಪ್ಪೆ ಸ್ವಾಮಿ,ಮಾಸಿಕ,ಕನ್ನಡ,,
2666,ವಂದೇ ಮಾತರಂ,2009,ಬೆಂಗಳೂರು,ಡಿ ರಮೇಶ್,ಡಿ ರಮೇಶ್,ಪಾಕ್ಷಿಕ,ಕನ್ನಡ,"M Ramamurthy,",
2667,ವೆಂಕಟಾದ್ರಿ,2009,ಬೆಂಗಳೂರು,,,ಮಾಸಿಕ,ಕನ್ನಡ,,
2668,ವಿಪ್ರ ವೈಭವ,2009,ಬೆಂಗಳೂರು,ಡಿ ಎನ್ ಸುರೇಶ್,ಡಿ ಎನ್ ಸುರೇಶ್,ಮಾಸಿಕ,ಕನ್ನಡ,,
2669,ಪ್ರವೃತ್ತಿ,2009,ಬೆಂಗಳೂರು,ವೀರೇಂದ್ರ ಎಂ ಪಟಾಕಿ,ವೀರೇಂದ್ರ ಎಂ ಪಟಾಕಿ,ಪಾಕ್ಷಿಕ,ಕನ್ನಡ,,
2670,ಯುಗ ಕ್ರಾಂತಿ,2009,ಬೆಂಗಳೂರು,,ಕೃಷ್ಣೇಗೌಡ,ಮಾಸಿಕ,ಕನ್ನಡ,,
2671,ಯುವ ಪ್ರಪಂಚ,2009,ಬೆಂಗಳೂರು,ಎಸ್ ಟಿ ವಿಜಯೇಂದ್ರ,ಎಸ್ ಟಿ ವಿಜಯೇಂದ್ರ,ಮಾಸಿಕ,ಕನ್ನಡ,,
2672,ಜ್ಞಾನ,2009,ಚಿಂತಾಮಣಿ,ಜಿ ವಿ ಮಂಜುನಾಥ,ಜಿ ವಿ ಮಂಜುನಾಥ,ಪಾಕ್ಷಿಕ,ಕನ್ನಡ,,
2673,ಚೈತನ್ಯ,2009,ಪತಪಾಳ್ಯ/ಚಿಕ್ಕಬಳ್ಳಾಪುರ,ಎಸ್ ಶಂಕರ್ ರಾವ್,ಎಸ್ ಶಂಕರ್ ರಾವ್,ಸಾಪ್ತಾಹಿಕ,ಕನ್ನಡ,,
2674,ಕೋಲಾರ ಸೊಬಗು,2009,ಚಿಕ್ಕಬಳ್ಳಾಪುರ,ಟಿ ಎಸ್ ಬದರಿನಾಥ್,ಟಿ ಎಸ್ ಬದರಿನಾಥ್,ದೈನಿಕ,ಕನ್ನಡ,,
2675,ಕೋಲಾರ ವಾಹಿನಿ,2009,ಚಿಕ್ಕಬಳ್ಳಾಪುರ,ಎಂ ಎಸ್ ನಾಗೇಂದ್ರ ಪ್ರಸಾದ್,ಎಂ ಎಸ್ ನಾಗೇಂದ್ರ ಪ್ರಸಾದ್,ದೈನಿಕ,ಕನ್ನಡ,,
2676,ನಮಸ್ಕಾರ ಚಿಕ್ಕಮಗಳೂರು,2009,ಚಿಕ್ಕಮಗಳೂರು,ಎ.ಪಿ.ಗೋಪಾಲ್,ಎ.ಪಿ.ಗೋಪಾಲ್,ಪಾಕ್ಷಿಕ,ಕನ್ನಡ,,
2677,ಮಲ್ನಾಡ್ ಟೈಮ್ಸ್,2009,ತರಿಕೆರೆ/ಚಿಕ್ಕಮಗಳೂರು,ಜಿ.ನಾಗೇಂದ್ರಪ್ಪ,ಜಿ.ನಾಗೇಂದ್ರಪ್ಪ,ಸಾಪ್ತಾಹಿಕ,ಕನ್ನಡ,,
2678,ಧ್ವನಿ ಚೌಕಟ್ಟುಗಳು,2009,ಚಿತ್ರದುರ್ಗ/ಹೊಸದುರ್ಗ,ಎಂ ಸಿ ರಾಮಕೃಷ್ಣ,ಎಂ ಸಿ ರಾಮಕೃಷ್ಣ,ಪಾಕ್ಷಿಕ,ಕನ್ನಡ,,
2679,ಅಂಕಿತ್,2009,ಹರಿಹರ/ದಾವಣಗೆರೆ,ಎಂ.ಎಸ್.ಪರಮೇಶ್ವರಪ್ಪ,ಎಂ.ಎಸ್.ಪರಮೇಶ್ವರಪ್ಪ,ಸಾಪ್ತಾಹಿಕ,ಕನ್ನಡ,,
2680,ಕನ್ನಡ ರಂಗ ವೈಭವ,2009,ದಾವಣಗೆರೆ,,ಚಿಂದೋ ಎಲ್ ಚಂದ್ರದಾರ,ಪಾಕ್ಷಿಕ,ಕನ್ನಡ,,
2681,ಗ್ರಾಮೀಣ ಭಾರತ್,2009,ಧಾರವಾಡ,ಜಿಲ್ಲಾ ಪಂಚಾಯತ್ ಧಾರವಾಡ,ಸಿ ಶಿಖಾ/ಎಸ್ ವೈ ಕೊರವರ,,ಕನ್ನಡ,,
2682,ಕನ್ನಡ ದ್ವಜ,2009,ಧಾರವಾಡ,,ನಾಗರಾಜ ಎಂ ಗೋವಿ,ಮಾಸಿಕ,ಕನ್ನಡ,,
2683,ನಾಗರಿಕ ಭಾಷಣ,2009,ಧಾರವಾಡ,ವಿದ್ಯಾ ನಾರಾಯಣ,ವಿದ್ಯಾ ನಾರಾಯಣ,ಮಾಸಿಕ,ಕನ್ನಡ,,
2684,ಶ್ರೀನುಡಿ,2009,ಧಾರವಾಡ,ರಾಮಕೃಷ್ಣ ವಿವೇಕಾನಂದ ಆಶ್ರಮ,ಸ್ವಾಮಿ ರಘುವೀರಾನಂದ,ಮಾಸಿಕ,ಕನ್ನಡ,,
2685,ಮೊಗ್ಗು ಜನ,2009,ಸಾಲಿಗ್ರಾಮ,ಶಿವರಾಮಕಾರಂತ ಮಕ್ಕಳ ಸಾಹಿತ್ಯ ವೇದಿಕೆ/,ಸಿ ಉಪೇಂದ್ರ ಸೋಮಯಾಜಿ/ನೀರವರ ಸುರೇಂದ್ರ ಸಾದಿಗ,ಮಾಸಿಕ,ಕನ್ನಡ,,
2686,ಬಿಲ್ಲವ ಬ್ರಹ್ಮಶ್ರೀ,2009,ದಕ್ಷಿಣಕನ್ನಡ,,ರಘುನಾಥನಲ್ಲಿ ವರ್ಕಾಡಿ,,ಕನ್ನಡ,,
2687,ಬಂಟರ ಸಂಗಮ,2009,ದಕ್ಷಿಣಕನ್ನಡ,ರಂಜಿತ್ ಶೆಟ್ಟಿ ಕಾವೂರು,ರಂಜಿತ್ ಶೆಟ್ಟಿ ಕಾವೂರು,ಪಾಕ್ಷಿಕ,ಕನ್ನಡ,,
2688,ಗ್ರಾಹಕ ಚಹಾ,2009,ಮಂಗಳೂರು,ಎಂ ಜೆ ಸಾಲಿಯಾನ್,ಎಂ ಜೆ ಸಾಲಿಯಾನ್,ಮಾಸಿಕ,ಕನ್ನಡ,,
2689,ಕಡಲ ಸೃಷ್ಟಿ,2009,ಮಂಗಳೂರು,ಬಿ.ಸಂಜೀವ,ಬಿ.ಸಂಜೀವ,ಪಾಕ್ಷಿಕ,ಕನ್ನಡ,,
2690,ಕಲಾಸ್ಪಂದನ,2009,ಮಂಗಳೂರು,,ಗುರುಶ್ರೀ ಉದಯಕುಮಾರ್ ಶೆಟ್ಟಿ,,ಕನ್ನಡ,,
2691,ಮಾಸದ ನಿಲವು,2009,ಮಂಗಳೂರು,ಇಕ್ಬಾಲ್ ಕುತ್ತಾರ,ಹುಸೇನ್ ಕಟ್ಟಿಪಳ್ಳ,ಮಾಸಿಕ,ಕನ್ನಡ,,
2692,ಪರಿಷತ್ತು ಪಾತ್ರ,2009,ಮಂಗಳೂರು,,,ಮಾಸಿಕ,ಕನ್ನಡ,,
2693,ಪ್ರತಿಭ,2009,ಮಂಗಳೂರು,,ಟಿ ನಾಗೇಂದ್ರ ರಾವ್,ತ್ರೈಮಾಸಿಕ,ಕನ್ನಡ,,
2694,ರಕ್ಷಣಾ ಮಳಿಗೆ,2009,ದಕ್ಷಿಣಕನ್ನಡ,ರಾಜೇಶ್ ಅಮೀನ್,ರಾಜೇಶ್ ಅಮೀನ್,ಮಾಸಿಕ,ತುಳು,,
2695,ಥೈನದ ಸುದ್ದಿ,2009,ಪುತ್ತೂರು/ದಕ್ಷಿಣಕನ್ನಡ,ಜ್ಯೋತಿ ಎಸ್. ರಾವ್,ಸುಧಾಕರ ರಾವ್ ಆರ್ಯಾಪು,ಸಾಪ್ತಾಹಿಕ,ಕನ್ನಡ,,
2696,ಥಿಯಾ ಟೈಮ್ಸ್,2009,ಮಂಗಳೂರು,,ಸುಧೀರ್ ಬಿ ಮಂಜೇಶ್ವರ,ತ್ರೈಮಾಸಿಕ,ಕನ್ನಡ,,
2697,ವಿಶ್ವ ಮಂಗಳ,2009,ದಕ್ಷಿಣಕನ್ನಡ,ಕೆ ಪದ್ಮನಾಭ ಶೆಟ್ಟಿಗಾರ್,ಬೋಂಡಾ ನಿಥಿಲ ಸುಬ್ರಮಣ್ಯಂ,,ಕನ್ನಡ,,
2698,ವಿವೇಕ ವಾಣಿ,2009,ಮಂಗಳೂರು,ಮಾಧವ್ ಎಂ ಪೂಜಾರಿ,ಮಾಧವ್ ಎಂ ಪೂಜಾರಿ,ಮಾಸಿಕ,ಕನ್ನಡ,,
2699,ಗಾಣಿಗ ಕಸ್ಟಮ್ಸ್,2009,ಗದಗ,,ನಾಗೇಶ್ ಎಸ್ ಗೌರವ,ಮಾಸಿಕ,ಕನ್ನಡ,,
2700,ಜಗ ಜ್ಯೋತಿ,2009,ಗದಗ,ಬಸವರಾಜ್ ಎಚ್. ಮಲ್ಲಿ,ಬಸವರಾಜ್ ಎಚ್. ಮಲ್ಲಿ,ಮಾಸಿಕ,ಕನ್ನಡ,,
2701,ಹೇ ಸೂರ್ಯ 1,2009,ಹಾಸನ,ಜಗದೀಶ್ ಚೌಡವಳ್ಳಿ,ಜಗದೀಶ್ ಚೌಡವಳ್ಳಿ,ಸಾಪ್ತಾಹಿಕ,ಕನ್ನಡ,,
2702,ವಿಜಯ್ ಗುಲ್ಬರ್ಗ,2009,ಕಲಬುರ್ಗಿ,ಜಗನ್ನಾಥ್ ಚಿಟ್ಟೆಕಾರ್,ಜಗನ್ನಾಥ್ ಚಿಟ್ಟೆಕಾರ್,ದೈನಿಕ,ಕನ್ನಡ,,
2703,ಕೊಡಗಿನ ಸದ್ದು,2009,ಗೋಣಿಕೊಪ್ಪ,ಎಚ್ ಕೆ ಜಗದೀಶ್,ಎಚ್ ಕೆ ಜಗದೀಶ್,ಸಾಪ್ತಾಹಿಕ,ಕನ್ನಡ,,
2704,ಕೊಡಗು ರತ್ನ,2009,ಮಡಿಕೇರಿ,ಶ್ರೀಧರ ಹೂವಳ್ಳಿ,ಶ್ರೀಧರ ಹೂವಳ್ಳಿ,,ಕನ್ನಡ,,
2705,ಚೆನ್ನೈ ವಾಣಿ,2009,ಶ್ರೀನಿವಾಸಪುರ/ಕೋಲಾರ,ಸಿ ಕೆ ಲಕ್ಷ್ಮಣ್,ಸಿ ಕೆ ಲಕ್ಷ್ಮಣ್,ಪಾಕ್ಷಿಕ,ಕನ್ನಡ,,
2706,ಚುಂಬಕ ವಾಣಿ,2009,ಶ್ರೀನಿವಾಸಪುರ/ಕೋಲಾರ,,ಮಾರಿಪಲ್ಲಿ ಮ್ ಲಕ್ಷ್ಮಣ್ಣ,ದೈನಿಕ,ಕನ್ನಡ,,
2707,ಗಡಿನಾಡ ಕೂಗು,2009,ಕೋಲಾರ,ಸಿ ಕೆ ಲಕ್ಷ್ಮಣ್,ಶ್ರೀ ಮಾನಸ / ಶ್ರೀ ಲಕ್ಷ್ಮಣ್,ಪಾಕ್ಷಿಕ,ಕನ್ನಡ,,
2708,ಕೋಲಾರ ವಾಹಿನಿ,2009,ಕೋಲಾರ,,ಎಂ ಎಸ್ ನಾಗೇಂದ್ರ ಪ್ರಸಾದ್,ದೈನಿಕ,ಕನ್ನಡ,,
2709,ಶ್ರೀ ಶಿಕ್ಷಾ,2009,ಕೋಲಾರ,ಶ್ರೀಮಾತಾ ಎಂಟರ್‌ಪ್ರೈಸಸ್,,,Multi lingual,,
2710,ರಿಯಾಲಿಟಿ,2009,ಕೋಲಾರ,ರವೀಂದ್ರ ಪ್ರಸಾದ್,ರವೀಂದ್ರ ಪ್ರಸಾದ್,ಸಾಪ್ತಾಹಿಕ,ಕನ್ನಡ,,
2711,ಅಪ್ಪಲಿಸು,2009,ಕೊಪ್ಪಳ,ರುದ್ರಪ್ಪ ಭಂಡಾರಿ,ರುದ್ರಪ್ಪ ಭಂಡಾರಿ,ಪಾಕ್ಷಿಕ,ಕನ್ನಡ,,
2712,ಕೊಪ್ಪಳ ಜಿಲ್ಲಾ ವಾರ್ತಾ,2009,ಕೊಪ್ಪಳ,ವಿಶಾಲ್ ಪಬ್ಲಿಷರ್ಸ್‌ಗಾಗಿ ಜಿ ಎಸ್ ಗೋನಾಲ್,ಜಿ.ಎಸ್.ಗೋನಾಳ್,ಮಾಸಿಕ,ಕನ್ನಡ,,
2713,ನಮಸ್ಕಾರ ಮಂಡ್ಯ,2009,ಮಂಡ್ಯ,ಎಂ ಸಂತೋಷ್ ಕುಮಾರ್,ಎಂ ಸಂತೋಷ್ ಕುಮಾರ್,ಮಾಸಿಕ,ಕನ್ನಡ,,
2714,ಸಂತಾನೋತ್ಪತ್ತಿ ವಿಜ್ಞಾನ,2009,ಮಂಡ್ಯ,ಕೋಟ್ಕರ್ ಸುಬ್ಬಲೈ,ಭಾಸ್ಕರ್ ಭಟ್,ಮಾಸಿಕ,ಕನ್ನಡ,,
2715,ಮಂಡ್ಯ ಸರ್ಕಲ್,2009,ಮಂಡ್ಯ,ಶಿವಕುಮಾರ್,ಶಿವಕುಮಾರ್,ಸಾಪ್ತಾಹಿಕ,ಕನ್ನಡ,,
2716,ರಣಕಹಳೆ,2009,ಮಂಡ್ಯ,ಬಿ.ಪಿ. ಪ್ರಕಾಶ್,ಬಿ.ಪಿ. ಪ್ರಕಾಶ್,ದೈನಿಕ,ಕನ್ನಡ,,
2717,ಶೋಷಿತರ ಧ್ವನಿ,2009,ಮಂಡ್ಯ,ಎಲ್ ಶಿವಶಂಕರ್,ಎಲ್ ಶಿವಶಂಕರ್,ಪಾಕ್ಷಿಕ,ಕನ್ನಡ,,
2718,ಕನ್ನಡಿಗರ ಕರ್ನಾಟಕ ವಾಣಿ,2009,ಮೈಸೂರು,ಡಿ.ಪದ್ಮನಾಭ,ಡಿ.ಪದ್ಮನಾಭ,ಪಾಕ್ಷಿಕ,ಕನ್ನಡ,,
2719,ಮಹಿಷಾ ಎಕ್ಸ್‌ಪ್ರೆಸ್,2009,ಮೈಸೂರು,ಆರ್.ರಘು,ಆರ್ ರವಿಕಿರಣ್,ದೈನಿಕ,ಕನ್ನಡ,,
2720,ರೈತಾ ದ್ವಾನಿ,2009,ಮೈಸೂರು,ಕಬ್ಬು ಬೆಳೆಗಾರರ ಸಂಘ,ಕೆ ಶಾಂತಕುಮಾರ್,ಸಾಪ್ತಾಹಿಕ,ಕನ್ನಡ,,
2721,ಸಿಡಿಲಮರಿ,2009,ಮೈಸೂರು,ಬಿ.ವಿ.ವಾಸುದೇವನ್,ವಾಸುದೇವ್ ಐಂಗಾರ್,ಪಾಕ್ಷಿಕ,ಕನ್ನಡ,,
2722,ಸುಧಿಯಾ ಕೈಗಾನಾಡಿ,2009,ಮೈಸೂರು,ಎಂ.ಎನ್.ಲತಾ ಮೋಹನ್,ಎಂ.ಎನ್.ಲತಾ ಮೋಹನ್,ಸಾಪ್ತಾಹಿಕ,ಕನ್ನಡ,,
2723,ಬರಿ ವಾರೆ ಕೂರೆ,2009,ಮೈಸೂರು,ಪ್ರಕಾಶ್ ಶೆಟ್ಟಿ,ಪ್ರಕಾಶ್ ಶೆಟ್ಟಿ,ಮಾಸಿಕ,ಕನ್ನಡ,,
2724,ಜನ ಕೂಗು,2009,ರಾಯಚೂರು,ಜಿ ವೀರಾ ರೆಡ್ಡಿ,ಜಿ ವೀರಾ ರೆಡ್ಡಿ,ದೈನಿಕ,ಕನ್ನಡ,,
2725,ವೈದ್ಯ ಕಿರಣ,2009,ರಾಯಚೂರು,ಜಲಾಲುದ್ದೀನ್,ಜಲಾಲುದ್ದೀನ್,ಮಾಸಿಕ,ಕನ್ನಡ,,
2726,ವಿಜಯ ಧ್ವಜ,2009,ಮಾನ್ವಿ,ಗಿರೀಶ್ ಜೋಶಿ,ಗಿರೀಶ್ ಜೋಶಿ,,ಕನ್ನಡ,,
2727,ಕೆಂಗಲ್ ಪತ್ರಿಕೆ,2009,ಚನ್ನಪಟ್ಟಣ,ಎಸ್ ರಾಮಗಿರಿ,ಲೇಟ್. ಎ.ಸಿ.ಪುಟ್ಟುಸ್ವಾಮಿ / ಎಸ್ ರಾಮಗಿರಿ,ದೈನಿಕ,ಕನ್ನಡ,,
2728,ಚಿಗುರು,2009,ಸಾಗರ,ಚಿರಗು ಪತ್ರಿಕೆ ಬಳಗ,ಗಾಯತ್ರಿ ಎಂ ಎಸ್,ಮಾಸಿಕ,ಕನ್ನಡ,,
2729,ಸಂಪತ್ತು,2009,ಶಿವಮೊಗ್ಗ,ಸಂಪ ಪ್ರಕಾಶನಕ್ಕಾಗಿ ವೆಂಕಟೇಶ್ ಎಸ್ ಸಂಪ,ವೆಂಕಟೇಶ್ ಎಸ್ ಸಂಪ,ಮಾಸಿಕ,ಕನ್ನಡ,,
2730,ಧರಣಿ ಮಂಡಲ,2009,ತುಮಕೂರು,ಸಿ ಯತಿರಾಜ್,ಸಿ ಯತಿರಾಜ್,ದ್ವೈಮಾಸಿಕ,ಕನ್ನಡ,,
2731,ಸುದ್ದಿ ಮನೆ,2009,ಕುಂದಾಪುರ/ಉಡುಪಿ,ಸಂತೋಷ ಕೂನಿ,ಸಂತೋಷ ಕೂನಿ,ಸಾಪ್ತಾಹಿಕ,ಕನ್ನಡ,,
2732,ಅಕ್ಷರ ಕ್ರಾಂತಿ,2009,ಉತ್ತರಕನ್ನಡ,ನಾಗರಾಜ್ ನಾಯಕ್,ನಾಗರಾಜ್ ನಾಯಕ್,ಪಾಕ್ಷಿಕ,ಕನ್ನಡ,,
2733,ಹೆಂಪುರ,2009,ಉತ್ತರಕನ್ನಡ,ವೆಂಕಟರಮಣ ಶಂಕರ್ ಭಟ್,ವೆಂಕಟರಮಣ ಶಂಕರ್ ಭಟ್,ಮಾಸಿಕ,ಕನ್ನಡ,,
2734,ಜ್ಞಾನ ಸಂದೇಶ,2009,ಅಂಕೋಲ,ದೇವೇಂದ್ರ ಬಿ.ಎಚ್,ಗೀತಾ ಬಿ.ಎಸ್,ಮಾಸಿಕ,ಕನ್ನಡ,,
2735,ಕಲ್ಯಾಣ ರಾಜ್ಯ,2009,ಕಾರವಾರ,ಜನತಾ ಕಲ್ಯಾಣ ಪರಿಷತ್,ಶಿವರಾಜ್ ಪವಾರ್/ ವರದರಾಜ್ ಅಬ್ಕಾರಿ,ಮಾಸಿಕ,ಕನ್ನಡ,,
2736,ಹಾಟ್ ಸ್ಪಾಟ್,2009,ವಿಜಯಪುರ,,ತಮಾಶುದಿನ್ ಸೈಯದ್,ಪಾಕ್ಷಿಕ,ಕನ್ನಡ,,
2737,ಜಾಗೃತಿ ಕಹಳೆ,2010,ಹೊಸಕೋಟೆ,ಕೆ ರಾಜಣ್ಣ,ಕೆ ರಾಜಣ್ಣ,ಮಾಸಿಕ,ಕನ್ನಡ,,
2738,ಸಹಸ್ರ ಹೆಜ್ಜೆ,2010,ದೊಡ್ಡಬಳ್ಳಾಪುರ,ಸೈಯದ್ ಅಬ್ದುಲ್ ರೆಹಮಾನ್,ಸೈಯದ್ ಅಬ್ದುಲ್ ರೆಹಮಾನ್,ಸಾಪ್ತಾಹಿಕ,ಕನ್ನಡ,,
2739,ಯುನೈಟೆಡ್: ರೈಸ್,2010,ದೇವನಹಳ್ಳಿ,ಡಿ ಸಿ ಶಂಕರ್,ಡಿ ಸಿ ಶಂಕರ್,ಪಾಕ್ಷಿಕ,ಕನ್ನಡ,,
2740,ವನಸಿರಿ,2010,ದೇವನಹಳ್ಳಿ,,ಡಿಕೆ ಮಹೇಂದ್ರಕುಮಾರ್,ಮಾಸಿಕ,ಕನ್ನಡ,,
2741,ವಾಸವಿ ಸೇನೆ,2010,ದೊಡ್ಡಬಳ್ಳಾಪುರ,ಎಂ ಜೆ ರಾಜಶೇಖರ್ ಶೆಟ್ಟಿ,ಎಂ ಜೆ ರಾಜಶೇಖರ್ ಶೆಟ್ಟಿ,ಪಾಕ್ಷಿಕ,ಕನ್ನಡ,,
2742,ಎರಡನೇ ರಾಜಧಾನೀ,2010,ಬೆಳಗಾವಿ,ಗುರುರಾಜ ರಾಘವೇಂದ್ರ ಜೋಶಿ,ಗುರುರಾಜ ರಾಘವೇಂದ್ರ ಜೋಶಿ,ದೈನಿಕ,ಕನ್ನಡ,,
2743,ಅಗೋಚರ,2010,ಬೆಂಗಳೂರು,ಪಿ ನಾಗೇಶ್ ಚಡಾಗ,ಪಿ ನಾಗೇಶ್ ಚಡಾಗ,ಮಾಸಿಕ,ಕನ್ನಡ,,
2744,ಅಖಿಲ ಕರ್ನಾಟಕ,2010,ಬೆಂಗಳೂರು,ಎಸ್ ಪಿ ವಿಜಯರಾಜ್,ಎಸ್ ಪಿ ವಿಜಯರಾಜ್,ಪಾಕ್ಷಿಕ,ಕನ್ನಡ,,
2745,ಅಕ್ಷಯವಾಣಿ,2010,ಬೆಂಗಳೂರು,,ರವಿ ಕುಮಾರ್,ಮಾಸಿಕ,ಕನ್ನಡ,,
2746,ಅನನ್ಯಾ,2010,ಬೆಂಗಳೂರು,ಎಂ.ವಿ. ತ್ಯಾಗರಾಜ್,ಎಂ.ವಿ. ತ್ಯಾಗರಾಜ್,ಮಾಸಿಕ,ಕನ್ನಡ,,
2747,ಆಟೋ ಮಿತ್ರ,2010,ಬೆಂಗಳೂರು,ಗಣೇಶ್ ಬಿ,ಗಣೇಶ್ ಬಿ,ಪಾಕ್ಷಿಕ,ಕನ್ನಡ,,
2748,ಬಿ.ಟಿ.ಎಸ್. ಧ್ವನಿ,2010,ಬೆಂಗಳೂರು,ಬಿ.ಟಿ. ಶ್ರೀನಿವಾಸ,ಬಿ.ಟಿ. ಶ್ರೀನಿವಾಸ,ಮಾಸಿಕ,ಕನ್ನಡ,,
2749,ಬಾ ಬಾಪು,2010,ಬೆಂಗಳೂರು,ಬಿ ಆರ್ ನಾರಾಯಣ ರೆಡ್ಡಿ,ಬಿ ಆರ್ ನಾರಾಯಣ ರೆಡ್ಡಿ,ಮಾಸಿಕ,ಕನ್ನಡ,,
2750,ಭಕ್ತ ಮಾರ್ಕಂಡೇಯ,2010,ಬೆಂಗಳೂರು,ಎನ್.ಬಿ. ಶ್ರೀನಿವಾಸ್,ಎನ್.ಬಿ. ಶ್ರೀನಿವಾಸ್,ಮಾಸಿಕ,ಕನ್ನಡ,,
2751,ಬೃಹತ್ ಬೆಂಗಳೂರು ಬೆಳವಣಿಗೆ,2010,ಬೆಂಗಳೂರು,ಆರ್ ಕೃಷ್ಣಮೂರ್ತಿ,ಆರ್ ಕೃಷ್ಣಮೂರ್ತಿ,ದೈನಿಕ,ಕನ್ನಡ,,
2752,ಆರೋಪಪಟ್ಟಿ,2010,ಬೆಂಗಳೂರು,ಆರ್.ಪ್ರವೀಣ್,ಆರ್.ಪ್ರವೀಣ್,ಮಾಸಿಕ,ಕನ್ನಡ,,
2753,ದೇಶಸ್ತಾ ವಾಣಿ,2010,ಬೆಂಗಳೂರು,ವೈ ಕೆ ಮೋಹನ್,ವೈ ಕೆ ಮೋಹನ್,ಮಾಸಿಕ,ಕನ್ನಡ,,
2754,ಧ್ಯಾನ ಕಸ್ತೂರಿ,2010,ಬೆಂಗಳೂರು,ಕೆ.ಭೀಮೇಶ್ ರೆಡ್ಡಿ,ಕೆ.ಭೀಮೇಶ್ ರೆಡ್ಡಿ,ಮಾಸಿಕ,ಕನ್ನಡ,,
2755,ಈ ಧುನಿಯಾ,2010,ಬೆಂಗಳೂರು,ರಮಾನಂದ ಸಾಗರ್,ರಮಾನಂದ ಸಾಗರ್,ಸಾಪ್ತಾಹಿಕ,ಕನ್ನಡ,,
2756,ಈ-ಮುಂಜಾನೆ,2010,ಬೆಂಗಳೂರು,,,ದೈನಿಕ,ಕನ್ನಡ,,
2757,ಗರುಡ ವಾಹನ,2010,ಬೆಂಗಳೂರು,ಎನ್. ಕೃಷ್ಣ ಮೂರ್ತಿ,ಎನ್. ಕೃಷ್ಣ ಮೂರ್ತಿ,ಮಾಸಿಕ,ಕನ್ನಡ,,
2758,ಕರ್ನಾಟಕ ರಾಜ್ಯ,2010,ಬೆಂಗಳೂರು,,ವಸಂತ ಕುಮಾರ್ ಎಂ ಎಸ್,ಪಾಕ್ಷಿಕ,ಕನ್ನಡ,,
2759,ಹೇ ಸೂರ್ಯ,2010,ಬೆಂಗಳೂರು,ಜಗದೀಶ್ ಚೌಡುವಳ್ಳಿ,ಜಗದೀಶ್ ಚೌಡುವಳ್ಳಿ,ಮಾಸಿಕ,ಕನ್ನಡ,,
2760,ಆರಕ್ಷಕರಿಗೆ ಹ್ಯಾಟ್ಸ್ ಆಫ್,2010,ಬೆಂಗಳೂರು,ಪಕ್ಕದ ಆರ್ ಆರ್ಗೋಲಾ,ಪಕ್ಕದ ಆರ್ ಆರ್ಗೋಲಾ,ಪಾಕ್ಷಿಕ,ಕನ್ನಡ,,
2761,ಪ್ರಪಂಚವೇ,2010,ಬೆಂಗಳೂರು,ರಮಾನಂದ ಸಾಗರ್,ರಮಾನಂದ ಸಾಗರ್,ಸಾಪ್ತಾಹಿಕ,ಕನ್ನಡ,,
2762,ಪರಂಪರೆ ವಾರ್ತೆ,2010,ಬೆಂಗಳೂರು,,ಎನ್ ಕೃಷ್ಣೇಗೌಡ,ಸಾಪ್ತಾಹಿಕ,ಕನ್ನಡ,,
2763,ಜಾಗೃತಿ ಕಹಳೆ,2010,ಬೆಂಗಳೂರು,ಕೆ.ರಾಜಣ್ಣ,ಕೆ.ರಾಜಣ್ಣ,ಮಾಸಿಕ,ಕನ್ನಡ,,
2764,ಕಲಾ ಸ್ಪಂದನ,2010,ಬೆಂಗಳೂರು,ಉದಯಕುಮಾರ್ ಶೆಟ್ಟಿ ಟಿ ಬಿ,ಉದಯಕುಮಾರ್ ಶೆಟ್ಟಿ ಟಿ ಬಿ,ಮಾಸಿಕ,(ದ್ವಿಭಾಷಿಕ),,
2765,ಕಂಠೀರವ,2010,ಬೆಂಗಳೂರು,ಎಸ್ ಎನ್ ಮಲ್ಲಿಕಾರ್ಜುನ,ಎಸ್ ಎನ್ ಮಲ್ಲಿಕಾರ್ಜುನ,ಪಾಕ್ಷಿಕ,ಕನ್ನಡ,,
2766,ಕಲಶದ ಕಾನೂನು,2010,ಬೆಂಗಳೂರು,ರಾಘವೇಂದ್ರ ಎಸ್.ಆರ್.,ರಾಘವೇಂದ್ರ ಎಸ್.ಆರ್.,ಮಾಸಿಕ,ಕನ್ನಡ,,
2767,ಕರ್ನಾಟಕ ಡೈರಿ,2010,ಬೆಂಗಳೂರು,ವಿಜಯ್ ವಿ,ವಿಜಯ್ ವಿ,ಪಾಕ್ಷಿಕ,ಕನ್ನಡ,,
2768,ಕರ್ನಾಟಕ ಸರ್ಕಾರ,2010,ಬೆಂಗಳೂರು,ಕೆ ಜಿ ನರಸಿಂಹ ಮೂರ್ತಿ,ಕೆ ಜಿ ನರಸಿಂಹ ಮೂರ್ತಿ,ಸಾಪ್ತಾಹಿಕ,ಕನ್ನಡ,,
2769,ಕ್ರಾಂತಿ ಪರ್ವ,2010,ಬೆಂಗಳೂರು,ಎಸ್.ಮುನಿರಾಜು,ಎಸ್.ಮುನಿರಾಜು,ಸಾಪ್ತಾಹಿಕ,ಕನ್ನಡ,,
2770,ಕ್ಷತ್ರಿಯ ತಿಗಳ ವೀರ,2010,ಬೆಂಗಳೂರು,ಎಂ. ದೇವರಾಜ್,ಎಂ. ದೇವರಾಜ್,ಮಾಸಿಕ,ಕನ್ನಡ,,
2771,ಲಹರಿ ಸಂವಾದ,2010,ಬೆಂಗಳೂರು,ಎಸ್ ಎನ್ ಪ್ರಶಾಂತ್ ಚಂದ್ರ,ಅರಿವಿಂದ್ ಎಂ ನೆಗಳೂರು,,ಕನ್ನಡ,,
2772,ಲೋಕ ವೀರಶೈವ,2010,ಬೆಂಗಳೂರು,ಮಂಜುಶ್ರೀ ಎಲ್ ಮೂರ್ತಿ,ಮಂಜುಶ್ರೀ ಎಲ್ ಮೂರ್ತಿ,ಮಾಸಿಕ,ಕನ್ನಡ,,
2773,ಲೋಕಾಯುಕ್ತ: ಸುದ್ದಿ,2010,ಬೆಂಗಳೂರು,ವಿ. ಬೆಳಕು,ವಿ. ಬೆಳಕು,ಮಾಸಿಕ,ಕನ್ನಡ,,
2774,ಮೌಲ್ಯ ಸಂದೇಶ,2010,ಬೆಂಗಳೂರು,,ಆರ್ ಎಂ ಸುನೀಲ್ ಕುಮಾರ್,ಮಾಸಿಕ,ಕನ್ನಡ,,
2775,ಮುಜರಾಯಿ ಪತ್ರಿಕೆ,2010,ಬೆಂಗಳೂರು,ಬಿ.ಎಲ್.ರಾಜಗೋಪಾಲಾಚಾರ್ಯ,ಬಿ.ಎಲ್.ರಾಜಗೋಪಾಲಾಚಾರ್ಯ,ಮಾಸಿಕ,ಕನ್ನಡ,,
2776,ಮುಸ್ಸಂಜೆ,2010,ಬೆಂಗಳೂರು,,ಜೆ ನಾಗಭೂಷಣ,ದೈನಿಕ,ಕನ್ನಡ,,
2777,ನಮ್ಮ ಶಾಸಕರ ವಾರ್ತೆ,2010,ಬೆಂಗಳೂರು,ಹಲಗೆರೆ ಶಂಕರ್,ಹಲಗೆರೆ ಶಂಕರ್,ಸಾಪ್ತಾಹಿಕ,ಕನ್ನಡ,,
2778,ನಮ್ಮ ಸುರಕ್ಷಾ,2010,ಬೆಂಗಳೂರು,ಲೀಲಾವತಿ,ಲೀಲಾವತಿ,ಮಾಸಿಕ,ಕನ್ನಡ,,
2779,ನಂದಾ ದೀಪ,2010,ಬೆಂಗಳೂರು,ಗಂಗನರಸಿಂಹ,ಗಂಗನರಸಿಂಹ,ಮಾಸಿಕ,ಕನ್ನಡ,,
2780,ಊರೆಕೆರೆ ವಾಣಿ,2010,ಬೆಂಗಳೂರು,ಆರ್ ತಿಮ್ಮಣ್ಣ,ಆರ್ ತಿಮ್ಮಣ್ಣ,ಮಾಸಿಕ,ಕನ್ನಡ,,
2781,ಪಂಚಾಶತಾಥ ಔಷಧ,2010,ಬೆಂಗಳೂರು,ಎಂ ಮೋಹನ್ ದಾಸ್,ಎಂ ಮೋಹನ್ ದಾಸ್,ಮಾಸಿಕ,ಕನ್ನಡ,,
2782,ಪರಮ ಮೈತ್ರಿ,2010,ಬೆಂಗಳೂರು,ಪಂಡಿತ್ ಶಂಭು ದಾಸ್,ಪಂಡಿತ್ ಶಂಭು ದಾಸ್,ಮಾಸಿಕ,ಕನ್ನಡ,,
2783,ಪ್ರಜಾ ಸ್ಪೂತ,2010,ಬೆಂಗಳೂರು,ಸಿ ಕೆ ಹಳ್ಳಿ ಮಹದೇವ್,ಸಿ ಕೆ ಹಳ್ಳಿ ಮಹದೇವ್,ಮಾಸಿಕ,ಕನ್ನಡ,,
2784,ರಾಜಹಂಸ ಸಂಜೀವಿನಿ,2010,ಬೆಂಗಳೂರು,ಎ ಬಾಲಚಂದ್ರ,ಎ ಬಾಲಚಂದ್ರ,ಮಾಸಿಕ,ಕನ್ನಡ,,
2785,ರಂಗ ಜಂಗಮ ವಾಣಿ,2010,ಬೆಂಗಳೂರು,ಮೇಕಪ್ ಕೃಷ್ಣ,ಮೇಕಪ್ ಕೃಷ್ಣ,ಮಾಸಿಕ,ಕನ್ನಡ,,
2786,ರುಶಿ ಪ್ರಸಾದ,2010,ಬೆಂಗಳೂರು,ಕೌಶಿಕ್ ಭಾಯಿ ವಾಣಿ,ಕೌಶಿಕ್ ಭಾಯಿ ವಾಣಿ,ಮಾಸಿಕ,ಕನ್ನಡ,,
2787,ಸಾಕ್ಷಾತ್ ಸುಧಿ,2010,ಬೆಂಗಳೂರು,ಎಂ ಎನ್ ಮಹದೇವ ಗೌಡ,ಎಂ ಎನ್ ಮಹದೇವ ಗೌಡ,ದೈನಿಕ,ಕನ್ನಡ,,
2788,ಸಮಾಲೋಚನೇ,2010,ಬೆಂಗಳೂರು,ಎನ್ ವಿಶ್ವ ರೂಪಾಚರ್,ಎನ್ ವಿಶ್ವ ರೂಪಾಚರ್,,ಕನ್ನಡ,,
2789,ಸಂಭ್ರಮಾ,2010,ಬೆಂಗಳೂರು,,ಓಂಕಾರೇಶ್ವರ,ಮಾಸಿಕ,ಕನ್ನಡ,,
2790,ಮಂಥನ ಸಾಗರ,2010,ಬೆಂಗಳೂರು,ಕೆ ರಾಜೇಂದ್ರಪ್ರಸಾದ್,ಕೆ ರಾಜೇಂದ್ರಪ್ರಸಾದ್,ಮಾಸಿಕ,ಕನ್ನಡ,,
2791,ಸಂಯುಕ್ತ ರಂಗ,2010,ಬೆಂಗಳೂರು,ಆರ್.ಎನ್. ಹನುಮಂತಪ್ಪ,ಆರ್.ಎನ್. ಹನುಮಂತಪ್ಪ,ಮಾಸಿಕ,ಕನ್ನಡ,,
2792,ಸಂಜೆ ಕರ್ನಾಟಕ,2010,ಬೆಂಗಳೂರು,ಉಮೇಶ ಪೂಜಾರಿ,ಉಮೇಶ ಪೂಜಾರಿ,ದೈನಿಕ,ಕನ್ನಡ,,
2793,ಸಂಜೆ ಪ್ರಭಾ,2010,ಬೆಂಗಳೂರು,ವೆಂಕಟೇಶ ಪೈ,ವೆಂಕಟೇಶ ಪೈ,ದೈನಿಕ Evening,ಕನ್ನಡ,,
2794,ಸಂಜೀವಿನಿ,2010,ಬೆಂಗಳೂರು,ಎ ಬಾಲಚಂದ್ರ,ಎ ಬಾಲಚಂದ್ರ,ಮಾಸಿಕ,ಕನ್ನಡ,,
2795,ಸತ್ಯ ಯೋಧ,2010,ಬೆಂಗಳೂರು,ಶಿವಲೋಕ ಪ್ರಗತಿ ಪ್ರಿಂಟರ್ಸ್,ಎಂ.ರಮೇಶ್,ಸಾಪ್ತಾಹಿಕ,ಕನ್ನಡ,,
2796,ಸವಿ ಸವಿ ಪ್ರೀತಿ,2010,ಬೆಂಗಳೂರು,ಎಂ ಆರ್ ಸತೀಶ್,ಎಂ ಆರ್ ಸತೀಶ್,ಪಾಕ್ಷಿಕ,ಕನ್ನಡ,,
2797,ಶರಣ ಬಂಧು,2010,ಬೆಂಗಳೂರು,ಕೆ.ಎಸ್. ವಿರೂಪಾಕ್ಷಯ್ಯ,ಕೆ.ಎಸ್. ವಿರೂಪಾಕ್ಷಯ್ಯ,ಮಾಸಿಕ,ಕನ್ನಡ,,
2798,ಶರಣ ಜ್ಯೋತಿ,2010,ಬೆಂಗಳೂರು,ಕೆ.ಎಚ್.ಜಗದೀಶ್,ಕೆ.ಎಚ್.ಜಗದೀಶ್,ಮಾಸಿಕ,ಕನ್ನಡ,,
2799,ಶೂದ್ರ ಶಕ್ತಿ,2010,ಬೆಂಗಳೂರು,ಬಿ.ಆರ್.ರಾಮೇಗೌಡ,ಬಿ.ಆರ್.ರಾಮೇಗೌಡ,ಪಾಕ್ಷಿಕ,ಕನ್ನಡ,,
2800,ಶುಭಮಸ್ತು,2010,ಬೆಂಗಳೂರು,,ಕೆ ಎನ್ ಪ್ರಕಾಶ್,ಮಾಸಿಕ,ಕನ್ನಡ,,
2801,ಶುಭಶ್ರೀ ಜ್ಯೋತಿಷ್ಯ,2010,ಬೆಂಗಳೂರು,ಮುನಿಯಪ್ಪ ರಾಮು,ಮುನಿಯಪ್ಪ ರಾಮು,ಮಾಸಿಕ,ಕನ್ನಡ,,
2802,ಸಿರಿವಂತ ಕರ್ನಾಟಕ,2010,ಬೆಂಗಳೂರು,ಡಿ.ಮುನಿರಾಜು,ಡಿ.ಮುನಿರಾಜು,ಮಾಸಿಕ,ಕನ್ನಡ,,
2803,ಸ್ಪರ್ದ ಗುರುಕುಲ,2010,ಬೆಂಗಳೂರು,ರಾಜೇಶ್.ಬಿ,ರಾಜೇಶ್.ಬಿ,ಮಾಸಿಕ,ಕನ್ನಡ,,
2804,ಶ್ರೀ ಸಾಯಿ ನೇಹಾ,2010,ಬೆಂಗಳೂರು,ಎಂ. ಕೃಷ್ಣ,ಎಂ. ಕೃಷ್ಣ,ಮಾಸಿಕ,ಕನ್ನಡ,,
2805,ಶ್ರೀರಂಗವಾಣಿ,2010,ಬೆಂಗಳೂರು,ಆರ್.ಚಿಕ್ಕರಂಗಸ್ವಾಮಿ,ಆರ್.ಚಿಕ್ಕರಂಗಸ್ವಾಮಿ,ಮಾಸಿಕ,ಕನ್ನಡ,,
2806,ಸುಷ್ಮಾ ವಾನಿ,2010,ಬೆಂಗಳೂರು,ಜಿ. ಗಿರೀಶಾನಂದ,ಜಿ. ಗಿರೀಶಾನಂದ,ಮಾಸಿಕ,ಕನ್ನಡ,,
2807,ಸ್ವಯಂ ಕ್ರುಶಿ ವಾಹಿನಿ,2010,ಬೆಂಗಳೂರು,ಎಂ ಮುರಳಿ,ವೀರೇಂದ್ರ ಬಾಬು,ಮಾಸಿಕ,ಕನ್ನಡ,,
2808,ಹಿರಿಯ ನಾಗರಿಕ ಪೋಸ್ಟ್,2010,ಬೆಂಗಳೂರು,ಎಂ ಆರ್ ಪರಶುರಾಮ್,ಟಿ ಕೆ ಜಗನ್ನಾಥನ್,ಮಾಸಿಕ,ಕನ್ನಡ,,
2809,ದಿ ವಾಯ್ಸ್ ಆಫ್ ಲಾಡ್,2010,ಬೆಂಗಳೂರು,ಶ್ರೀಮತಿ ಸುನೀತಾ ಎಂ ಎಸ್,ಶ್ರೀಮತಿ ಸುನೀತಾ ಎಂ ಎಸ್,ಪಾಕ್ಷಿಕ,ಕನ್ನಡ,,
2810,ಟೈಮ್ಸ್ ಆಫ್ ಉದ್ಯೋಗ್,2010,ಬೆಂಗಳೂರು,ಚೌಡವಳ್ಳಿ ಜಗದೀಶ್,ಚೌಡವಳ್ಳಿ ಜಗದೀಶ್,ಮಾಸಿಕ,ಕನ್ನಡ,,
2811,ಉದ್ಯೋಗ ಪ್ರೇರಣೆ,2010,ಬೆಂಗಳೂರು,,,ಪಾಕ್ಷಿಕ,ಕನ್ನಡ,,
2812,ವಿಶ್ವದ ಧ್ವನಿ,2010,ಬೆಂಗಳೂರು,,ಟಿ ಸಿ ನಾಗರಾಜು,ಪಾಕ್ಷಿಕ,ಕನ್ನಡ,,
2813,ಭೂಮಿ ಧ್ವನಿ,2010,ಬೆಂಗಳೂರು,ಜಿ ಗುರುಪ್ರಸಾದ್,ಜಿ ಗುರುಪ್ರಸಾದ್,ಮಾಸಿಕ,ಕನ್ನಡ,,
2814,ಪ್ರಚಾರ ಕರ್ತ,2010,ಚಾಮರಾಜನಗರ,ಬಿ ಸಿ ಕುಮಾರ್,ಬಿ ಸಿ ಕುಮಾರ್,ಪಾಕ್ಷಿಕ,ಕನ್ನಡ,,
2815,ಭೂಮಿಗೀತೆ,2010,ಚಿಂತಾಮಣಿ,ಬೆಳಕ್ಕು,ಎಚ್ ಸಿ ರಾಮಕೃಷ್ಣಪ್ಪ,ಮಾಸಿಕ,ಕನ್ನಡ,,
2816,ಡಾ.ರಾಜ್ ಔಷಧ,2010,ಬಾಗೇಪಲ್ಲಿ,ಕೆ ರಮೇಶ್,ಕೆ ರಮೇಶ್,ಪಾಕ್ಷಿಕ,ಕನ್ನಡ,,
2817,ಈ ಮುಂಜಾನೆ,2010,ಬೆಂಗಳೂರು/ಚಿಕ್ಕಬಳ್ಳಾಪುರ,ಮೊಹಮ್ಮದ್ ಯೂನಸ್,ಮೊಹಮ್ಮದ್ ಯೂನಸ್,ದೈನಿಕ,ಕನ್ನಡ,,
2818,ಕೌಟಿಲ್ಯ,2010,ಬಾಗೇಪಲ್ಲಿ/ಚಿಕ್ಕಬಳ್ಳಾಪುರ,ಎಸ್ ಶಂಕರ್ ರಾವ್,ಎಸ್ ಶಂಕರ್ ರಾವ್,ಪಾಕ್ಷಿಕ,ಕನ್ನಡ,,
2819,ಪ್ರಜಾ ಪ್ರಭಂಜನ,2010,ಗೌರೀಬಿದನೂರು,ಎ ಎಚ್ ನಾಗರಾಜ್,ಎ ಎಚ್ ನಾಗರಾಜ್,ಪಾಕ್ಷಿಕ,ಕನ್ನಡ,,
2820,ಬಡವರ ಬಂಧು,2010,ಕೊಪ್ಪ/ಚಿಕ್ಕಮಗಳೂರು,ಯು.ಸಿದ್ಧಿಕ್,ಯು.ಸಿದ್ಧಿಕ್,ಸಾಪ್ತಾಹಿಕ,ಕನ್ನಡ,,
2821,ಚಿಕ್ಕಮಗಳೂರು ಜಮದಗ್ನಿ,2010,ತರಿಕೆರೆ/ಚಿಕ್ಕಮಗಳೂರು,ಎ.ಆರ್.ಕೆ ಶ್ರೀನಿವಾಸ್,ಎ.ಆರ್.ಕೆ ಶ್ರೀನಿವಾಸ್,ಸಾಪ್ತಾಹಿಕ,ಕನ್ನಡ,,
2822,ದಿವ್ಯಾಸ್ತ್ರ,2010,ತರಿಕೆರೆ/ಚಿಕ್ಕಮಗಳೂರು,ಪ್ರಕಾಶ ಜಿ,ಪ್ರಕಾಶ ಜಿ,ಪಾಕ್ಷಿಕ,ಕನ್ನಡ,,
2823,ವಿಭು,2010,ಚಿಕ್ಕಮಗಳೂರು,ಸಮತಾ,ಸುಪಾರ್ಶ್ವ ಎಂ,ಪಾಕ್ಷಿಕ,ಕನ್ನಡ,,
2824,ಕನ್ನಡ ಸಂಪಿಗೆ,2010,ಚಿತ್ರದುರ್ಗ,ಟಿ.ತಿಪ್ಪೇಸ್ವಾಮಿ,ಟಿ.ತಿಪ್ಪೇಸ್ವಾಮಿ,ದೈನಿಕ,ಕನ್ನಡ,,
2825,ಕನರಾ ವಿಜಯ್,2010,ಧಾರವಾಡ,,ಮಂಜುನಾಥ್ ಲಕ್ಷ್ಮಣ್ ನಾಯಕ್,ದೈನಿಕ,ಕನ್ನಡ,,
2826,ಹಳ್ಳಿಗಳಲ್ಲಿ,2010,ಮಂಗಳೂರು,ಚಂದ್ರಹಾಸ ರೈ ಬಿ,ಎಂ.ಬಿ.ಅಬ್ದುಲ್ ರೆಹಮಾನ್/ಹಮ್ಜಾ ಮಲಾರ್,ತ್ರೈಮಾಸಿಕ,ಕನ್ನಡ,,
2827,ಭಾಮಿನಿ,2010,ಮಂಗಳೂರು,ಭಾಮಿನಿ ಪಬ್ಲಿಕೇಷನ್ಸ್,ಮುರಳಿ ಶೇಣಿ,ಮಾಸಿಕ,ಕನ್ನಡ,,
2828,ಚಂದ್ರಗಿರಿ,2010,ದಕ್ಷಿಣಕನ್ನಡ,ರಮ್ಲತ್ ಅಬ್ದುಲ್ಲಾ,ರಮ್ಲತ್ ಅಬ್ದುಲ್ಲಾ,ದೈನಿಕ,ಕನ್ನಡ,,
2829,ಹೃಧಯ ವಾಹಿನಿ,2010,ಮಂಗಳೂರು,ಕೆ.ಪಿ. ಮಂಜುನಾಥ್,ಕೆ.ಪಿ. ಮಂಜುನಾಥ್,ಮಾಸಿಕ,ಕನ್ನಡ,,
2830,ಕಂಠೀರವ,2010,ಮಂಗಳೂರು,ಎಸ್.ಎನ್.ಮಲ್ಲಿಕಾರ್ಜುನ್,ಎಸ್.ಎನ್.ಮಲ್ಲಿಕಾರ್ಜುನ್,ಪಾಕ್ಷಿಕ,ಕನ್ನಡ,"1919-36, 1936 -66, Editor/Publish er - Bolura Vittala Rao, Periodicity - Weekly",
2831,ಕರದ ಸಿರಿ,2010,ಮಂಗಳೂರು,ಕರದ ಬ್ರಾಹ್ಮಣ ಅಭ್ಯುದಯ ಸಂಘ,ಶ್ರೀ ಹರಿ ಭಟ್,,ಕನ್ನಡ,,
2832,ಕೀರ್ತನೆ,2010,ಕುಂಬಳೆ/ಮಂಗಳೂರು,ಸಾಮ್ನಾಡಿಗ ಕುಂಬ್ಳೆ,ಸಾಮ್ನಾಡಿಗ ಕುಂಬ್ಳೆ,ಸಾಪ್ತಾಹಿಕ,ಕನ್ನಡ,,
2833,ಸ್ಟೈಲಸ್,2010,ಮಂಗಳೂರು,ಸ್ವಂತ ಪ್ರಕಾಶನ,,ಸಾಪ್ತಾಹಿಕ,ಕನ್ನಡ,,
2834,ಮಂಗಳೂರು ಮಿರರ್,2010,ಮಂಗಳೂರು,,ರಾಹೇಶ್ ಕದ್ರಿ,ಮಾಸಿಕ,ಕನ್ನಡ,,
2835,ನಮ್ಮ ಬಂಟ್ವಾಳ,2010,ಬಂಟ್ವಾಳ/ದಕ್ಷಿಣಕನ್ನಡ,ಪ್ರಶಾಂತ್ ಪುಂಜಾಲಕಟ್ಟೆ,ಪ್ರಶಾಂತ್ ಪುಂಜಾಲಕಟ್ಟೆ,ಪಾಕ್ಷಿಕ,ಕನ್ನಡ,,
2836,ನಮ್ಮ ಪಕ್ಷ,2010,ಬಂಟ್ವಾಳ/ದಕ್ಷಿಣಕನ್ನಡ,ಹೊನ್ನಯ್ಯ,ಹೊನ್ನಯ್ಯ,ಪಾಕ್ಷಿಕ,ಕನ್ನಡ,,
2837,ನವ್ಯಾ ವಾಣಿ,2010,ಬಂಟ್ವಾಳ,ಪಾರ್ಶ್ವನಾಥ,ಪಾರ್ಶ್ವನಾಥ,ಸಾಪ್ತಾಹಿಕ,ಕನ್ನಡ,,
2838,ಸೇವಾಪಥ,2010,ಮಂಗಳೂರು,ರತ್ನವರ್ಮ ಜೈನ್,ಬಿ ಶ್ರೀನಿವಾಸ ರಾವ್ ಕಲ್ಮಂಜ,ತ್ರೈಮಾಸಿಕ,ಕನ್ನಡ,,
2839,ಸುನ್ನಿವಾಣಿ,2010,ಮಂಗಳೂರು,ಟಿ.ಎಂ. ಮುಹಿದ್ದೀನ್ ಕಾಮಿಲ್ ಸಖಾಫಿ,ಟಿ.ಎಂ. ಮುಹಿದ್ದೀನ್ ಕಾಮಿಲ್ ಸಖಾಫಿ,ಮಾಸಿಕ,ಕನ್ನಡ,,
2840,ಪುರಸಭೆ,2010,ದಕ್ಷಿಣಕನ್ನಡ,ಜಯಂತಿ ಎಸ್ ಬಂಗೇರ,ಜಯಂತಿ ಎಸ್ ಬಂಗೇರ,ತ್ರೈಮಾಸಿಕ,ತುಳು,,
2841,ವಿರಾಟ್ ದರ್ಶನ,2010,ಮಂಗಳೂರು,ಸಮತಾ ಪಬ್ಲಿಕೇಷನ್ಸ್,ಸುಪಾರ್ಶ್ವ ಎಂ,ಮಾಸಿಕ,ಕನ್ನಡ,,
2842,ಅನ್ಮೋಲ್ ಟೈಮ್ಸ್,2010,ಗಂಗಾವತಿ/ಗದಗ,ಎಂ ಎ ವಾಲಿ ಸಾಹಿಬ್,ಎಂ ಎ ವಾಲಿ ಸಾಹಿಬ್,ದೈನಿಕ,ಕನ್ನಡ,,
2843,ಕುರುಹಿನ ಸಂದೇಶ,2010,ಗದಗ,ಜಗನ್ನಾಥ್ ಜಿ ತುಂಬಾ,ಜಗನ್ನಾಥ್ ಜಿ ತುಂಬಾ,ಮಾಸಿಕ,ಕನ್ನಡ,,
2844,ಹಾಸನ ಸಾಹಿತ್ಯ ಲೋಕ,2010,ಹಾಸನ,,ಎನ್ ಟಿ ಗಿರೀಶ್,ಮಾಸಿಕ,ಕನ್ನಡ,,
2845,ಸುದ್ದಿ ಧ್ವನಿ,2010,ಕೊಣನೂರು/ಹಾಸನ,ಕೊಣ್ಣನೂರು ಚೆನ್ನಕೇಶವಯ್ಯ,ಕೊಣ್ಣನೂರು ಚೆನ್ನಕೇಶವಯ್ಯ,ಸಾಪ್ತಾಹಿಕ,ಕನ್ನಡ,,
2846,ಕೊಡಗು ವಾರ್ತೆ,2010,ಮಡಿಕೇರಿ/ಗೋಣಿಕೊಪ್ಪ,ಸಿ.ಪ್ರವೀಣ್ ಉತ್ತಪ್ಪ,ಸಿ.ಪ್ರವೀಣ್ ಉತ್ತಪ್ಪ,ಸಾಪ್ತಾಹಿಕ,ಕನ್ನಡ,,
2847,ದುಂಬಿ,2010,ಕೋಲಾರ,ಬೇಡಶೆಟ್ಟಿಹಳ್ಳಿ ರಮೇಶ್,ಬೇಡಶೆಟ್ಟಿಹಳ್ಳಿ ರಮೇಶ್,ಸಾಪ್ತಾಹಿಕ,ಕನ್ನಡ,,
2848,ಸಮರ್ಥ ವಾಣಿ,2010,ಗಂಗಾವತಿ,ಗಿರೀಶ್ ಕುಲಕರ್ಣಿ,ಗಿರೀಶ್ ಕುಲಕರ್ಣಿ,ದೈನಿಕ,ಕನ್ನಡ,,
2849,ಸುದ್ದಿಚಿಂತನ,2010,ಗಂಗಾವತಿ,ಸಿ.ಎಚ್. ನಾರಿನಾಲ್,ಸಿ.ಎಚ್. ನಾರಿನಾಲ್,ಪಾಕ್ಷಿಕ,ಕನ್ನಡ,,
2850,ಸುದೀನಾ,2010,ಕೊಪ್ಪಳ,ಎಸ್.ಎಂ.ಹೊದ್ಲೂರು,ಹರೀಶ್ ಹೆಚ್ ಎಸ್/ ಎಸ್ ಎಂ ಹೊದ್ಲೂರು,ದೈನಿಕ,ಕನ್ನಡ,,
2851,ಸುವರ್ಣಗಿರಿ,2010,ಗಂಗಾವತಿ,ಶೇಕಮಹೆಬೂಬ್ ಪಟೇಲ್,ಶೇಕಮಹೆಬೂಬ್ ಪಟೇಲ್,ದೈನಿಕ,ಕನ್ನಡ,,
2852,ಕಂದಾಯ ದರ್ಪಣ,2010,ಮಂಡ್ಯ,ರಾಮಕೃಷ್ಣ,ರಾಮಕೃಷ್ಣ,ಮಾಸಿಕ,ಕನ್ನಡ,,
2853,ಮಂಡ್ಯ ಬೆಳಿಗ್ಗೆ,2010,ಮಂಡ್ಯ,ಸ್ವತಾ ಎಂ ಕೆ,ಮೇರಿ ಎಂ ಜೆ/ ನಾಗೈಹ ಲಾಲನಕೆರೆ,ದೈನಿಕ,ಕನ್ನಡ,,
2854,ಮಂಡ್ಯದ ರೂವಾರಿ,2010,ಮಂಡ್ಯ,ಎಸ್.ನಾರಾಯಣ ಸ್ವಾಮಿ,ಎಸ್.ನಾರಾಯಣ ಸ್ವಾಮಿ,ದೈನಿಕ,ಕನ್ನಡ,,
2855,ಅರುಹು ಕುರುರುಹು,2010,ಮೈಸೂರು,ಹಾ ತಿ ರತ್ನಾ,ಎಚ್.ಎಸ್. ಉಮೇಶ್,ತ್ರೈಮಾಸಿಕ,ಕನ್ನಡ,,
2856,ಕೌಸ್ತುಬ,2010,ಮೈಸೂರು,ರತ್ನ ಹಾಲಪ್ಪ ಗೌಡ,ರತ್ನ ಹಾಲಪ್ಪ ಗೌಡ,ಮಾಸಿಕ,ಕನ್ನಡ,,
2857,ಮೈಸೂರು ಶಕ್ತಿ,2010,,,ಕೆ ಚಂದ್ರಶೇಖರ್,ಪಾಕ್ಷಿಕ,ಕನ್ನಡ,,
2858,ನೇಗಿಲ ಭಾಗ್ಯ,2010,ಮೈಸೂರು,ನೇಗಿಲ ಯೋಗಿ ಸಮಾಜ ಸೇವಾ ಟ್ರಸ್ಟ್,ಎಲ್ ದೇವೇಗೌಡ,ಪಾಕ್ಷಿಕ,ಕನ್ನಡ,,
2859,ನಿರುಪಮಾ,2010,ಮೈಸೂರು,ಶಾಂತರಾಜು,ಶಾಂತರಾಜು,ಮಾಸಿಕ,ಕನ್ನಡ,,
2860,ಶ್ರೀ ರಾಘವೇಂದ್ರ ವಿಜಯ್,2010,ನಂಜನಗೂಡು,ಶ್ರೀ ಸುಶಮೀನ್ದ್ರ ಸೇವಾ ಪ್ರತಿಷ್ಠಾನ,,ಮಾಸಿಕ,ಕನ್ನಡ,,
2861,ಕಲ್ಯಾಣ ಕರ್ನಾಟಕ,2010,ರಾಯಚೂರು,ಲಕ್ಷ್ಮಣ ಬಾರಿಕರ್,ಲಕ್ಷ್ಮಣ ಬಾರಿಕರ್,ಪಾಕ್ಷಿಕ,ಕನ್ನಡ,,
2862,ನಮ್ಮೂರ ಶಾಸಕರು,2010,ರಾಯಚೂರು,ಜಲಾಲುದ್ದೀನ್,ಜಲಾಲುದ್ದೀನ್,ಮಾಸಿಕ,ಕನ್ನಡ,,
2863,ಅರ್ಗಾವತಿ ಥೇರ,2010,ರಾಮನಗರ,ಹೆಚ್ ಎಸ್ ರೂಪೇಶ್ ಕುಮಾರ್,ಹೆಚ್ ಎಸ್ ರೂಪೇಶ್ ಕುಮಾರ್,ಸಾಪ್ತಾಹಿಕ,ಕನ್ನಡ,,
2864,ದೇಗುಲ ಪ್ರಭೆ,2010,ಕನಕಪುರ,ಮುಮ್ಮಡಿ ನಿರ್ವಾಣ ಸ್ವಾಮೀಜಿ,ಸಿ ಶಿವಕುಮಾರ್ ಸ್ವಾಮಿ,ಮಾಸಿಕ,ಕನ್ನಡ,,
2865,ಈ -ಮುಂಜಾನೆ,2010,ಬೆಂಗಳೂರು/ರಾಮನಗರ,,,ದೈನಿಕ,ಕನ್ನಡ,,
2866,ಗುರು ಕಿರಣ,2010,ಮಾಗಡಿ,ಕೆ ಎನ್ ಪರಮೇಶ್ವರ,ಕೆ ಎನ್ ಪರಮೇಶ್ವರ,ಮಾಸಿಕ,ಕನ್ನಡ,,
2867,ಅಮೂಲ್ಯ ವಾಹಿನಿ,2010,ಶಿವಮೊಗ್ಗ,ಎಸ್ ವಿ ಶಾಸ್ತ್ರಿ,ಎಸ್ ವಿ ಶಾಸ್ತ್ರಿ,ಸಾಪ್ತಾಹಿಕ,ಕನ್ನಡ,,
2868,ಬೆಳಗಿನ ಛಲಗಾರ,2010,ತೀರ್ಥಹಳ್ಳಿ,ಎ ಎಸ್ ಗಣಪತಿ ಅವರಿಂದ,ನಿಶಾತ್ ಸಿ,ದೈನಿಕ,ಕನ್ನಡ,,
2869,ಹಲೋ ಶಿವಮೊಗ್ಗ,2010,ಶಿವಮೊಗ್ಗ,ಜಿ ನಾಗರಾಜ,ಜಿ ನಾಗರಾಜ,ದೈನಿಕ,ಕನ್ನಡ,,
2870,ಈ ಮುಂಜನ,2010,ತುಮಕೂರು,,,ದೈನಿಕ,ಕನ್ನಡ,,
2871,ಜನಪರ ರಾಜಕೀಯ,2010,ಉಡುಪಿ,ಶ್ರೀ ರಾಮ್ ದೀವಾನಾ,ಶ್ರೀ ರಾಮ್ ದೀವಾನಾ,ಪಾಕ್ಷಿಕ,ಕನ್ನಡ,,
2872,ಕುಂದಾಪುರ ಮಿತ್ರ,2010,ಕುಂದಾಪುರ,ಟಿ ಪಿ ಮಂಜುನಾಥ್,ಟಿ ಪಿ ಮಂಜುನಾಥ್,ಪಾಕ್ಷಿಕ,ಕನ್ನಡ,,
2873,ನವ್ಯಾ ವಾಣಿ,2010,ಉಡುಪಿ,ಪಾರ್ಶ್ವನಾಥ,ಪಾರ್ಶ್ವನಾಥ,ಸಾಪ್ತಾಹಿಕ,ಕನ್ನಡ,,
2874,ಪರಮಾ ಮೈತ್ರಿ,2010,ಉಡುಪಿ,ಪಿ ಶಂಬುದಾಸ,ಪಿ ಶಂಬುದಾಸ,ಮಾಸಿಕ,ಕನ್ನಡ,,
2875,ಸರ್ವೋದಯ ಸಾಮ್ರಾಟ್,2010,ಉಡುಪಿ,ಸಮತಾ ಪಬ್ಲಿಕೇಷನ್ಸ್,ಸುಪಾರ್ಶ್ವ ಎಂ,ಮಾಸಿಕ,ಕನ್ನಡ,,
2876,ತತ್ತ್ವ ಮಲ್ಲಿಕಾ,2010,ಉಡುಪಿ,ಶ್ರೀ ಭಾವಿಸಮೀರತತ್ವಪ್ ರಸರನ ಪ್ರತಿಸ್ಥಾತನ,ವಿಶ್ವವಲ್ಲಭತೀರ್ಥರು ಶ್ರೀಪಾದಂಗಳವರು,ತ್ರೈಮಾಸಿಕ,ಕನ್ನಡ,,
2877,ವಿಭು,2010,ಕಾರ್ಕಳ,ಸಮತಾ ಪಬ್ಲಿಕೇಷನ್ಸ್,ಸುಪಾರ್ಶ್ವ ಎಂ,ಪಾಕ್ಷಿಕ,ಕನ್ನಡ,,
2878,ಕೆನರಾ ವಿಜಯ್,2010,ಕುಮಟಾ,ಮಂಜುನಾಥ್ ಲಕ್ಷ್ಮಣ್ ನಾಯಕ್,ಮಂಜುನಾಥ್ ಲಕ್ಷ್ಮಣ್ ನಾಯಕ್,ದೈನಿಕ,ಕನ್ನಡ,,
2879,ಗೋಕರ್ಣಶ್ರೀ,2010,ಗೋಕರ್ಣ,ಜಿ.ಕೆ ಎಲ್ಲಿಯೂ ಗೋಲಾ ಆಫ್ ದಿ ಇಯರ್,ಶ್ರೀಧರ್ ಆಧಿ.,ಮಾಸಿಕ,ಕನ್ನಡ,,
2880,ಕುಂದಾಪುರ ಮಿತ್ರ,2010,ಕುಂದಾಪುರ,,ಟಿ.ಪಿ. ಮಂಜುನಾಥ್,ಪಾಕ್ಷಿಕ,ಕನ್ನಡ,,
2881,ಪಿಸು ಮಾತು,2010,ಗೇರುಸೊಪ್ಪ,,ಶ್ರೀಪತಿ ಎಂ.ಗೋಗಡಿಗೆ,ತ್ರೈಮಾಸಿಕ,ಕನ್ನಡ,,
2882,ಬಿಜಾಪುರ ವರದಿ,2010,ವಿಜಯಪುರ,ವಿ ಎ ಬನಸೋಡೆ,ವಿ ಎ ಬನಸೋಡೆ,ದೈನಿಕ,ಕನ್ನಡ,,
2883,ದಲಿತವರ್,2010,ವಿಜಯಪುರ,ಮನುಜುನಾಥಸ್ವಾಮಿ ಮಹದೇವಪ್ಪ ಕುಂದರಗಿ,ಮನುಜುನಾಥಸ್ವಾಮಿ ಮಹದೇವಪ್ಪ ಕುಂದರಗಿ,ಸಾಪ್ತಾಹಿಕ,ಕನ್ನಡ,,
2884,ಪುಡಾರಿ ಪುಂಡ,2010,ವಿಜಯಪುರ,ಲಡ್ಡೇಲ್ ಮಸಕ್ ಮೆಹಬೂಬ್ ಕೂಡ ನಂ,ಲಡ್ಡೇಲ್ ಮಸಕ್ ಮೆಹಬೂಬ್ ಕೂಡ ನಂ,ಪಾಕ್ಷಿಕ,ಕನ್ನಡ,,
2885,ರಕ್ತದ ಪಾತ್ರ,2010,ವಿಜಯಪುರ,ರವೀಂದ್ರ ಜಿ.ಮಾಯವಂಶಿ,ರವೀಂದ್ರ ಜಿ.ಮಾಯವಂಶಿ,ಪಾಕ್ಷಿಕ,ಕನ್ನಡ,,
2886,ಸಂಜೆ ಸಮಯ,2010,ವಿಜಯಪುರ,ಜೈಪ್ರಕಾಶ್ ಆರ್ ಜೋಶಿ,ಜೈಪ್ರಕಾಶ್ ಆರ್ ಜೋಶಿ,ದೈನಿಕ,ಕನ್ನಡ,,
2887,ಕನ್ನಡ ದೀಪಾ,2010,ಶಹಾಪುರ/ಯಾದಗಿರಿ,ಕೆ ಕೆ ಕುಲಕರ್ಣಿ,ಕೆ ಕೆ ಕುಲಕರ್ಣಿ,ದೈನಿಕ,ಕನ್ನಡ,,
2888,ಬೆಳ್ಕಿಂಡಿ,2011,ಬೀದರ್,ಕಾ ರಾಶಿ ಸಂಸ್ಥಾ ಸಂಶೋಧನಾ ಕೇಂದ್ರ,,ತ್ರೈಮಾಸಿಕ,ಕನ್ನಡ,,
2889,ಸಾಯಿ ಆದರ್ಶ,2011,ಬೀದರ್,ಓಂಕಾರ ಬೌಗಿ,ಓಂಕಾರ ಬೌಗಿ,ದೈನಿಕ,ಕನ್ನಡ,,
2890,ದಕ್ಷತೇ,2011,ಜಮಖಂಡಿ,ಶಶಿಕಾಂತ ಎನ್ ತೇರದಾಳ,ಶಶಿಕಾಂತ ಎನ್ ತೇರದಾಳ,ಪಾಕ್ಷಿಕ,ಕನ್ನಡ,,
2891,ಜನಮುಖಿ,2011,ಬಾಗಲಕೋಟೆ,ಈಶ್ವರಪ್ಪ ಎಸ್.ಶೆಟ್ಟರ್,ಈಶ್ವರಪ್ಪ ಎಸ್.ಶೆಟ್ಟರ್,ದೈನಿಕ,ಕನ್ನಡ,,
2892,ಕನ್ನಡ ನುಡಿಸಿರಿ,2011,ಬಾಗಲಕೋಟೆ,,ಕೆ.ಎಂ.ಗುಡ್ಡಿನ್ನಿ,ಮಾಸಿಕ,ಕನ್ನಡ,,
2893,ನೆಕ್ಕರ್ ಸಂಪದ,2011,ಬಾಗಲಕೋಟೆ,ವಿಜಯ್ ಕುಮಾರ್ ಜಿ ಭಾಷೆ,ವಿಜಯ್ ಕುಮಾರ್ ಜಿ ಭಾಷೆ,ಮಾಸಿಕ,ಕನ್ನಡ,,
2894,ಸಂಜೆ ಸವಾರಿ,2011,ಬಾಗಲಕೋಟೆ,ವಿವೇಕಾನಂದ ಗೈರಸಂಗಿ,ವಿವೇಕಾನಂದ ಗೈರಸಂಗಿ,ದೈನಿಕ Evening,ಕನ್ನಡ,,
2895,ನಿತಿನ್ ಕರ್ನಾಟಕ,2011,ಹೊಸಕೋಟೆ,ಟಿ ನಾಗರಾಜ,ಟಿ ನಾಗರಾಜ,ಮಾಸಿಕ,ಕನ್ನಡ,,
2896,ಬಸವ ವಾಣಿ,2011,ಬೆಳಗಾವಿ,ಲಕ್ಷ್ಮಿ ಎಂ,ಲಕ್ಷ್ಮಿ ಎಂ,ಮಾಸಿಕ,ಕನ್ನಡ,,
2897,ನಮಸ್ಕಾರ ಕಿತ್ತೂರು,2011,ಕಿತ್ತೂರ್,ಬಳಜ್ಜ ಗೋದಲ್ಲಿ,ಬಳಜ್ಜ ಗೋದಲ್ಲಿ,ಪಾಕ್ಷಿಕ,ಕನ್ನಡ,,
2898,ರಿಯಲ್ ಸ್ಟಾರ್,2011,ಹಗರಿಬೊಮ್ಮನಹಳ್ಳಿ,ಎಚ್.ಚಂದ್ರಶೇಖರ,ಎಚ್.ಚಂದ್ರಶೇಖರ,ಮಾಸಿಕ,ಕನ್ನಡ,,
2899,ಆದಿ ಜಂಬವ ಜಾಗೃತಿ,2011,ಬೆಂಗಳೂರು,ಎಂ.ಗಂಗಾಧರ,ಎಂ.ಗಂಗಾಧರ,ಪಾಕ್ಷಿಕ,ಕನ್ನಡ,,
2900,ಅಗ್ನಿ ಅಸ್ತ್ರ,2011,ಬೆಂಗಳೂರು,ಜಿ.ಆಂಜನಪ್ಪ,ಜಿ.ಆಂಜನಪ್ಪ,ಪಾಕ್ಷಿಕ,ಕನ್ನಡ,,
2901,ಅಂಬೇಡ್ಕರ್ ಸ್ಪೂರ್ತಿ,2011,ಬೆಂಗಳೂರು,ಎಂ ಮುನಿರಾಜು,ಎಂ ಮುನಿರಾಜು,ಮಾಸಿಕ,ಕನ್ನಡ/ ಇಂಗ್ಲೀಷ್,,
2902,ಅಮೃತ ವಾಹಿನಿ,2011,ಬೆಂಗಳೂರು,ಬಿ ಸಿ ಸತೀಶ್,ಬಿ ಸಿ ಸತೀಶ್,ಮಾಸಿಕ,ಕನ್ನಡ,,
2903,ಅನನ್ಯ ಕಲಾ ಸಿಂಚನ,2011,ಬೆಂಗಳೂರು,ಆರ್ ವಿ ರಾಘವೇಂದ್ರ,ಆರ್ ವಿ ರಾಘವೇಂದ್ರ,ಮಾಸಿಕ,ಕನ್ನಡ,,
2904,ಸಹೋದರ,2011,ಬೆಂಗಳೂರು,ಎಂ.ಎಸ್.ಶಂಕರ್,ಎಂ.ಎಸ್.ಶಂಕರ್,ಮಾಸಿಕ,ಕನ್ನಡ,,
2905,ಆರೋಗ್ಯ ಸ್ಪೂರ್ತಿ,2011,ಬೆಂಗಳೂರು,ಎಂ ರಾಹುಲ್,ಎಂ ರಾಹುಲ್,ಮಾಸಿಕ,ಕನ್ನಡ/ ಇಂಗ್ಲೀಷ್,,
2906,ಅರುಣಾ ಜ್ವಾಲೆ,2011,ಬೆಂಗಳೂರು,ಅರುಣ್ ಕುಮಾರ್ ಬಿ ಎಸ್,ಅರುಣ್ ಕುಮಾರ್ ಬಿ ಎಸ್,ಮಾಸಿಕ,ಕನ್ನಡ,,
2907,ಅಸ್ಟ್ರಾ,2011,ಬೆಂಗಳೂರು,ಬಿ ಟಿ ಶ್ರೀನಿವಾಸ್,ಬಿ ಟಿ ಶ್ರೀನಿವಾಸ್,ಸಾಪ್ತಾಹಿಕ,ಕನ್ನಡ,,
2908,ಬೆಂಗಳೂರು ಕನಸು,2011,ಬೆಂಗಳೂರು,ಎನ್ ತಿರುಮಲ,ಎನ್ ತಿರುಮಲ,ದೈನಿಕ,ಕನ್ನಡ,,
2909,ಭವ್ಯಾ ಭಾರತ,2011,ಬೆಂಗಳೂರು,ವಿ. ಮಣಿ,ವಿ. ಮಣಿ,ಪಾಕ್ಷಿಕ,ಕನ್ನಡ,,
2910,ಬೆಳ್ಳಿ ಬರಹ,2011,ಬೆಂಗಳೂರು,ಕರ್ನಾಟಕ ವಾಕಿಂಗ್ ಪಿಕ್ಚರ್ಸ್ ಅಕಾಡೆಮಿ,ಟಿ ಎಸ್ ನಾಗಭರಣ,,ಕನ್ನಡ,,
2911,ಭಗೀರಥ ವಾಣಿ,2011,ಬೆಂಗಳೂರು,ಎ.ವಿ. ಲೋಕೇಶ್,ಎ.ವಿ. ಲೋಕೇಶ್,ಮಾಸಿಕ,ಕನ್ನಡ/ ಇಂಗ್ಲೀಷ್,,
2912,ಭವ್ಯಾ ಭಾರತ,2011,ಬೆಂಗಳೂರು,ವಿ. ಮಣಿ,ವಿ. ಮಣಿ,ಪಾಕ್ಷಿಕ,ಕನ್ನಡ,,
2913,ಭೀಮ ವಾದ,2011,ಬೆಂಗಳೂರು,ಚಂದವಾರ್ ಪ್ರಿಂಟರ್ಸ್,ಆರ್. ಮಹಾನ್ ರಾಜ,ಮಾಸಿಕ,ಕನ್ನಡ,,
2914,ಭೂಮಿಕಾ,2011,ಬೆಂಗಳೂರು,ಕೆ ಲಕ್ಷ್ಮಣ,ಕೆ ಲಕ್ಷ್ಮಣ,ಪಾಕ್ಷಿಕ,ಕನ್ನಡ,,
2915,ಬ್ರಸ್ತಾರಾ ಕುಪಾ,2011,ಬೆಂಗಳೂರು,ಆರ್. ವಸುಂದರಾ,ಆರ್. ವಸುಂದರಾ,ಪಾಕ್ಷಿಕ,ಕನ್ನಡ,,
2916,ಸಿನಿಗಂಧ,2011,ಬೆಂಗಳೂರು,ಹೆಚ್ ಡಿ ನಾರಾಯಣ ಬಾಬು,ಹೆಚ್ ಡಿ ನಾರಾಯಣ ಬಾಬು,ಪಾಕ್ಷಿಕ,ಕನ್ನಡ,,
2917,ದೇವಾಂಗ ಜ್ಯೋತಿ,2011,ಬೆಂಗಳೂರು,ಎಚ್ ರಾಜಶೇಖರ್,ಎಚ್ ರಾಜಶೇಖರ್,ಮಾಸಿಕ,ಕನ್ನಡ,,
2918,ಧನಿಷ್ಠ ವಾಣಿ,2011,ಬೆಂಗಳೂರು,ಕೆ ಗುರುರಾಜ್,ಕೆ ಗುರುರಾಜ್,,ಕನ್ನಡ,,
2919,ದಿಟ್ಟ ಧಾರಿ,2011,ಬೆಂಗಳೂರು,ಎಂ. ಅನಂತಕುಮಾರ್,ಎಂ. ಅನಂತಕುಮಾರ್,ಮಾಸಿಕ,ಕನ್ನಡ,,
2920,ಈ ಸಂವಿಧಾನ,2011,ಬೆಂಗಳೂರು,ಟಿ ಜೆ ಮುರಳೀಧರ್,ಟಿ ಜೆ ಮುರಳೀಧರ್,ಪಾಕ್ಷಿಕ,ಕನ್ನಡ,,
2921,ಗಾಂಧಿನಗರ ಸಮಾಚಾರ,2011,ಬೆಂಗಳೂರು,ವೈ ಎ ಜೇಮ್ಸ್,ವೈ ಎ ಜೇಮ್ಸ್,ಮಾಸಿಕ,ಕನ್ನಡ,,
2922,ಗಾಣಿಗ ಐಸಿರಿ,2011,ಬೆಂಗಳೂರು,ಸುಟ್ಟೂರು ಮಂಜುನಾಥ,ಸುಟ್ಟೂರು ಮಂಜುನಾಥ,ಮಾಸಿಕ,ಕನ್ನಡ,,
2923,ಗ್ರೀನ್ ಸಿಟಿ ವಾಯ್ಸ್,2011,ಬೆಂಗಳೂರು,ಕೆ ಎ ಹೇಮಂತ್ ಕುಮಾರ್,ಕೆ ಎ ಹೇಮಂತ್ ಕುಮಾರ್,ಮಾಸಿಕ,ಕನ್ನಡ,,
2924,ಹಗರಣಗಳ ತನಿಖೆ,2011,ಬೆಂಗಳೂರು,ಟಿ ಎಚ್ ದಿನೇಶ್,ಟಿ ಎಚ್ ದಿನೇಶ್,ಮಾಸಿಕ,ಕನ್ನಡ,,
2925,ನಮಸ್ಕಾರ ಬೆಂದಕಾಳೂರು,2011,ಬೆಂಗಳೂರು,ಎಂ ಆರ್ ಚಂದ್ರಶೇಖರ್,ಎಂ ಆರ್ ಚಂದ್ರಶೇಖರ್,ಮಾಸಿಕ,ಕನ್ನಡ,,
2926,ಹುಚ್ಚಮ್ಮ ಟೈಮ್ಸ್,2011,ಬೆಂಗಳೂರು,ವೇಣುಗೋಪಾಲ್,ವೇಣುಗೋಪಾಲ್,ಮಾಸಿಕ,ಕನ್ನಡ,,
2927,ಜನಾರೋಗ್ಯ,2011,ಬೆಂಗಳೂರು,ಎಫ್ ಸಿ ಚೇಗರೆಡ್ಡಿ,ಎಫ್ ಸಿ ಚೇಗರೆಡ್ಡಿ,ಮಾಸಿಕ,ಕನ್ನಡ,,
2928,ಜೀವನ ಆಧಾರಿತ,2011,ಬೆಂಗಳೂರು,ಟಿ ಸುರೇಶ್,ಟಿ ಸುರೇಶ್,ಪಾಕ್ಷಿಕ,ಕನ್ನಡ,,
2929,ಉದ್ಯೋಗ ಸುದ್ದಿ,2011,ಬೆಂಗಳೂರು,ಮಾರ್ಗದರ್ಶಿ ಪ್ರಕಟಣೆ,ಪರ್ವತೇಶ,,ಕನ್ನಡ,,
2930,ಕಂದಾಯ ಮಿತ್ರ,2011,ಬೆಂಗಳೂರು,ಪಿ ಸಿದ್ದಪ್ಪಾಜಿ,ಪಿ ಸಿದ್ದಪ್ಪಾಜಿ,ಮಾಸಿಕ,ಕನ್ನಡ,,
2931,ಕರಾವಳಿ ಜ್ಯೋತಿ,2011,ಬೆಂಗಳೂರು,,ಉದಯ ಧರ್ಮಸ್ಥಳ,ತ್ರೈಮಾಸಿಕ,ಕನ್ನಡ,,
2932,,2011,ಬೆಂಗಳೂರು,ಕೆ ಜೆ ದಂಜಯ್,ಕೆ ಜೆ ದಂಜಯ್,ಪಾಕ್ಷಿಕ,ಕನ್ನಡ,,
2933,ಕರ್ನಾಟಕ ವಾಚ್,2011,ಬೆಂಗಳೂರು,ಬಿ.ಎಸ್. ಸಂದೀಪ್,ಬಿ.ಎಸ್. ಸಂದೀಪ್,ಮಾಸಿಕ,ಕನ್ನಡ,,
2934,ಕ್ರಾಂತಿ ದಿವಿಜ್,2011,ಬೆಂಗಳೂರು,ಪ್ರವೀಣ್ ಕುಮಾರ್ ಶೆಟ್ಟಿ,ಪ್ರವೀಣ್ ಕುಮಾರ್ ಶೆಟ್ಟಿ,ಮಾಸಿಕ,ಕನ್ನಡ,,
2935,ಲಂಚ ಸಾಮ್ರಾಜ್ಯ,2011,ಬೆಂಗಳೂರು,ಗಂಗಾರಾಜ,ಗಂಗಾರಾಜ,ಪಾಕ್ಷಿಕ,ಕನ್ನಡ,,
2936,ಲೋಕಾಯುಕ್ತ ಪಾತ್ರಧಾರಿ,2011,ಬೆಂಗಳೂರು,ಡಿ.ಮುನಿರಾಜು,ಡಿ.ಮುನಿರಾಜು,ಮಾಸಿಕ,ಕನ್ನಡ,,
2937,ಮನದಾಳದ ಮಾತು ವಿ ಅಸುಂದರೇ,2011,ಬೆಂಗಳೂರು,ಟಿ ಕಮಲಾ,ಟಿ ಕಮಲಾ,ಮಾಸಿಕ,ಕನ್ನಡ,,
2938,ಮತದಾನ,2011,ಬೆಂಗಳೂರು,ಜಿ ಗೇಶ್ವರ್ ರಾವ್ ಮಹಾದಿಕ್,ಜಿ ಗೇಶ್ವರ್ ರಾವ್ ಮಹಾದಿಕ್,ಪಾಕ್ಷಿಕ,ಕನ್ನಡ,,
2939,ಮುಜ್ರೈ ಸಮಾಚಾರ,2011,ಬೆಂಗಳೂರು,ಶ್ರೀವತ್ಸ,ಶ್ರೀವತ್ಸ,ಮಾಸಿಕ,ಕನ್ನಡ,,
2940,ನಿರಂತರ ಕರ್ನಾಟಕ,2011,ಬೆಂಗಳೂರು,,ಬಿ ವಿ ಚಂದ್ರಶೇಖರ್,ಸಾಪ್ತಾಹಿಕ,ಕನ್ನಡ,,
2941,ಪಂಚ ಭೂತ,2011,ಬೆಂಗಳೂರು,ಪಿ.ರಮೇಶ್ ಬಾಬು,ಪಿ.ರಮೇಶ್ ಬಾಬು,ಮಾಸಿಕ,ಕನ್ನಡ,,
2942,ಪೂಜಾ ವಾಣಿ,2011,ಬೆಂಗಳೂರು,ಜಿ ರಾಜು,ಜಿ ರಾಜು,ಮಾಸಿಕ,ಕನ್ನಡ,,
2943,ರಾಜ್ಯ ರೈಲ್ವೆ ಪತ್ರಿಕೆ,2011,ಬೆಂಗಳೂರು,ಟಿ.ಕುಮಾರ್ ಸ್ವಾಮಿ,ಟಿ.ಕುಮಾರ್ ಸ್ವಾಮಿ,ಮಾಸಿಕ,ಕನ್ನಡ,,
2944,ಸಮಯಾ ಕನಸು,2011,ಬೆಂಗಳೂರು,ಜೆ ಎಚ್ ಅನಿಲಕುಮಾರ್,ಜೆ ಎಚ್ ಅನಿಲಕುಮಾರ್,ದೈನಿಕ Evening,ಕನ್ನಡ,,
2945,ಸತ್ಯ ಸಿಂಚನ,2011,ಬೆಂಗಳೂರು,ಎಚ್.ಎಸ್. ಕುಮಾರಸ್ವಾಮಿ,ಎಚ್.ಎಸ್. ಕುಮಾರಸ್ವಾಮಿ,ಮಾಸಿಕ,ಕನ್ನಡ,,
2946,ಶಾಸಕರ ವಾರ್ತೆ,2011,ಬೆಂಗಳೂರು,ಹಲಗೆರೆ ಶಂಕರ್,ಹಲಗೆರೆ ಶಂಕರ್,ಸಾಪ್ತಾಹಿಕ,ಕನ್ನಡ,,
2947,ಶಶಾಂಕ,2011,ಬೆಂಗಳೂರು,ಚಿದಾನಂದ ಎ. ಕಡಲಾಸ್ಕರ್,ಚಿದಾನಂದ ಎ. ಕಡಲಾಸ್ಕರ್,ಮಾಸಿಕ,ಕನ್ನಡ,,
2948,ಶಿವ ಶಕ್ತಿ,2011,ಬೆಂಗಳೂರು,ಆರ್. ಶಿವಕುಮಾರ್,ಆರ್. ಶಿವಕುಮಾರ್,ಮಾಸಿಕ,ಕನ್ನಡ,,
2949,ಸಿಂಹ ದ್ವನಿ,2011,ಬೆಂಗಳೂರು,ಬಿ.ಡಿ.ಪ್ರಕಾಶ್,ಬಿ.ಡಿ.ಪ್ರಕಾಶ್,ಪಾಕ್ಷಿಕ,ಕನ್ನಡ,,
2950,ಕ್ಲಾಸಿಕಲ್ ನ್ಯೂಸ್,2011,ಬೆಂಗಳೂರು,ಟಿ.ಸುರೇಶ್ ಕುಮಾರ್,ಟಿ.ಸುರೇಶ್ ಕುಮಾರ್,ಮಾಸಿಕ,ಕನ್ನಡ,,
2951,ಟೈಮ್ಸ್ ಆಫ್ ದೀನ್ ಸ್ನೇಹಿತ,2011,ಬೆಂಗಳೂರು,ಬಿ ರೂಪ,ಬಿ ರೂಪ,ಪಾಕ್ಷಿಕ,ಕನ್ನಡ,,
2952,ಉದ್ಯೋಗ ಜ್ಯೋತಿ,2011,ಬೆಂಗಳೂರು,ನಾಗೇಂದ್ರ ಸುಂದರ ರಾಜು,ನಾಗೇಂದ್ರ ಸುಂದರ ರಾಜು,ಪಾಕ್ಷಿಕ,ಕನ್ನಡ,,
2953,ವಖಿಲರ ವಾಣಿ,2011,ಬೆಂಗಳೂರು,ಜಿ ಅಶ್ವಥ್ ನಾರಾಯಣ,ಜಿ ಅಶ್ವಥ್ ನಾರಾಯಣ,ಮಾಸಿಕ,ಕನ್ನಡ,,
2954,ವೇದಗಳ ಧರ್ಮ ದರ್ಶನ,2011,ಬೆಂಗಳೂರು,ಎಸ್. ಶೇಕರ್,ಎಸ್. ಶೇಕರ್,ಮಾಸಿಕ,ಕನ್ನಡ,,
2955,ವಿಪ್ರವನಿತ ನೀರಾವರಿ,2011,ಬೆಂಗಳೂರು,ಆರ್.ಕೋಮಲಾ ಮಂಜುನಾಥ್,ಆರ್.ಕೋಮಲಾ ಮಂಜುನಾಥ್,ಮಾಸಿಕ,ಕನ್ನಡ,,
2956,ಯಶಸ್ ಧ್ವನಿ,2011,ಬೆಂಗಳೂರು,ಎಚ್.ಎನ್. ಪ್ರಕಾಶ್,ಎಚ್.ಎನ್. ಪ್ರಕಾಶ್,ಮಾಸಿಕ,ಕನ್ನಡ,,
2957,ಯುಗ ಯುಗಾಂತರ,2011,ಬೆಂಗಳೂರು,ತಮ್ಮಯ್ಯ,ತಮ್ಮಯ್ಯ,ಮಾಸಿಕ,ಕನ್ನಡ,,
2958,ಯುವ ಸಂಭ್ರಮ,2011,ಬೆಂಗಳೂರು,ಓಂಕಾರೇಶ್ವರ,ಓಂಕಾರೇಶ್ವರ,ಮಾಸಿಕ,ಕನ್ನಡ,,
2959,ಯುವ ಸಂಸ್ಕೃತಿ,2011,ಬೆಂಗಳೂರು,ವಿ.ಪ್ರಶಾಂತ್,ವಿ.ಪ್ರಶಾಂತ್,ಮಾಸಿಕ,ಕನ್ನಡ,,
2960,ಅಥರ್ರ್ಕ್ಯ,2011,ಕೊಳ್ಳೆಗಾಲ,ಬಿ ಶಿವರಾಜು,ಬಿ ಶಿವರಾಜು,ಪಾಕ್ಷಿಕ,ಕನ್ನಡ,,
2961,ಜಗಜೀವನರಾಮ್ ಧ್ವನಿ,2011,ಚಿಕ್ಕಬಳ್ಳಾಪುರ,ಬಿ ವೆಂಕಟೇಶ್,ಬಿ ವೆಂಕಟೇಶ್,ಮಾಸಿಕ,ಕನ್ನಡ,,
2962,ಪತ್ರ ಕರ್ತನ ಖಡ್ಗ,2011,ಚಿಕ್ಕಬಳ್ಳಾಪುರ,ಎಂ ಆರ್ ನಾಗರಾಜ್,ಎಂ ಆರ್ ನಾಗರಾಜ್,ಮಾಸಿಕ,ಕನ್ನಡ/ ಇಂಗ್ಲೀಷ್,,
2963,ಮಹಿಳೆ ಜ್ಯೋತಿ,2011,ಚಿಕ್ಕಬಳ್ಳಾಪುರ,ಉಮಾ,ಉಮಾ,ಮಾಸಿಕ,ಕನ್ನಡ,,
2964,ಸುರಕ್ಷಾ ಸಾರಿಗೆ ವಾರ್ತೆ,2011,ಚಿಕ್ಕಬಳ್ಳಾಪುರ,ರಮ್ಯಾ ಎಂ.ವಿ,ಕೆ.ಪಿ.ನವಮೋಹನ್ /ರಮ್ಯಾ ಎಂ.ವಿ,ಪಾಕ್ಷಿಕ,ಕನ್ನಡ,,
2965,ತರೀಕೆರೆ ವಾಣಿ,2011,ಚಿಕ್ಕಮಗಳೂರು,ಬಿ.ಲೋಕೇಶಪ್ಪ,ಬಿ.ಲೋಕೇಶಪ್ಪ,ಸಾಪ್ತಾಹಿಕ,ಕನ್ನಡ,,Editor - Veerabha drayya
2966,ಅಕ್ಷರ ತೋರಣ,2011,ಚಿಕ್ಕಮಗಳೂರು,ಪಿ.ರಾಜೇಶ್,ಪಿ.ರಾಜೇಶ್,ದೈನಿಕ,ಕನ್ನಡ,,
2967,ಗಿರಿವಾಹಿನಿ,2011,ಚಿಕ್ಕಮಗಳೂರು,ಜಿ ವಿ ಚೂಡನಾಥ ಅಯ್ಯರ್,ಜಿ ವಿ ಚೂಡನಾಥ ಅಯ್ಯರ್,ದೈನಿಕ,ಕನ್ನಡ,,
2968,ಹಲ್ಮಿಡಿ ಸಂದೇಶ,2011,ಚಿಕ್ಕಮಗಳೂರು,ಎಚ್ ಎಂ ಪುರುಷೋತ್ತಮ್,ಎಚ್ ಎಂ ಪುರುಷೋತ್ತಮ್,ಪಾಕ್ಷಿಕ,ಕನ್ನಡ,,
2969,ಜಿಲ್ಲಾ ದಿಗ್ಗಜ,2011,ಚಿಕ್ಕಮಗಳೂರು,ಬಿ ಆರ್ ಜಗದೀಶ್,ಬಿ ಆರ್ ಜಗದೀಶ್,ಪಾಕ್ಷಿಕ,ಕನ್ನಡ,,
2970,ಮಲೆನಾಡು ಹೊಯ್ಸಳ,2011,ಚಿಕ್ಕಮಗಳೂರು,ಅಶೋಕ್ ಆರ್.ಪಿ,ಅಶೋಕ್ ಆರ್.ಪಿ,ಪಾಕ್ಷಿಕ,ಕನ್ನಡ,,
2971,ಮಲೆನಾಡು ಸಮೀಕ್ಷಾ,2011,ಎನ್.ಆರ್.ಪುರ/ಚಿಕ್ಕಮಗಳೂರು,ಹಾತೂರು ಪ್ರಭಾಕರ್,ಹಾತೂರು ಪ್ರಭಾಕರ್,ಪಾಕ್ಷಿಕ,ಕನ್ನಡ,,
2972,ಜಿಲ್ಲಾ ಅಗ್ನಿ,2011,ತರೀಕೆರೆ/ಚಿಕ್ಕಮಗಳೂರು,ಟಿ.ಎಸ್. ಬಸವರಾಜಪ್ಪ,ಟಿ.ಎಸ್. ಬಸವರಾಜಪ್ಪ,ಪಾಕ್ಷಿಕ,ಕನ್ನಡ,,
2973,ಜಿಲ್ಲಾ ರಕ್ಷಾ,2011,ಕಡೂರು/ಚಿಕ್ಕಮಗಳೂರು,ಕೆ.ಜಿ.ಲೋಕೇಶ್ವರ್,ಕೆ.ಜಿ.ಲೋಕೇಶ್ವರ್,ಸಾಪ್ತಾಹಿಕ,ಕನ್ನಡ,,
2974,ಹೊಸ ದಿಗಂತ,2011,ಹಾವೇರಿ,ಪಿಎಸ್ ಪ್ರಕಾಶ್ / ಜ್ಞಾನ ಭಾರತಿ ಪಬ್ಲಿಕೇಷನ್ಸ್,ಪಿ ಎಸ್ ಪ್ರಕಾಶ್,ದೈನಿಕ,ಕನ್ನಡ,,
2975,ಇಂದು ಸಂಜ್ಜೆ,2011,ಧಾರವಾಡ,ವಿ. ನಾಗರಾಜು,ವಿ. ನಾಗರಾಜು,ದೈನಿಕ,ಕನ್ನಡ,,
2976,ಕೃಷಿ ಕಾಯಕ,2011,ಧಾರವಾಡ,ಕೃಷಿ ವಿಶ್ವವಿದ್ಯಾಲಯ ಧಾರವಾಡ,,ತ್ರೈಮಾಸಿಕ,ಕನ್ನಡ,,
2977,ಸ್ಪೂರ್ತಿ ಸಿಂಚನಾ,2011,ಧಾರವಾಡ,ರೇಣುಕಾ ಲಕ್ಷ್ಮಣ್ ಉಪ್ಪಾರ್,ಲಕ್ಷ್ಮಣ್ ಎಸ್ ಉಪ್ಪಾರ,ತ್ರೈಮಾಸಿಕ,ಕನ್ನಡ/ ಇಂಗ್ಲೀಷ್,,
2978,ವಿಜಯ್ ಘರ್ಜನೆ,2011,ಹುಬ್ಬಳ್ಳಿ/ಧಾರವಾಡ,ಪರಶುರಾಮ ಮಹೇಂದಕರ,ಪರಶುರಾಮ ಮಹೇಂದಕರ,ಮಾಸಿಕ,ಕನ್ನಡ,,
2979,ವಿಪ್ರ ದರ್ಶನ,2011,ಧಾರವಾಡ,ಕೃಷ್ಣ ಎಸ್ ದಿವಾಕರ್,ಕೃಷ್ಣ ಎಸ್ ದಿವಾಕರ್,ಮಾಸಿಕ,ಕನ್ನಡ,,
2980,ಬಂಟರ ಮಿತ್ರ,2011,ಮಂಗಳೂರು,ನಳಿನ್ ಕುಮಾರ್ ರೈ,ನಳಿನ್ ಕುಮಾರ್ ರೈ,ಮಾಸಿಕ,ಕನ್ನಡ,,
2981,ಕಾರ್ಕೋಟಕ ಪಕ್ಷಿ,2011,ಪುತ್ತೂರು/ದಕ್ಷಿಣಕನ್ನಡ,ಶೇಕ್ ಇಸಾಕ್,ಶೇಕ್ ಇಸಾಕ್,ಪಾಕ್ಷಿಕ,ಕನ್ನಡ,,
2982,ಸರ್ವೋದಯ ಸಾಮ್ರಾಟ್,2011,ಕಾರ್ಕಳ/ದಕ್ಷಿಣಕನ್ನಡ,ಸಮತಾ ಪಬ್ಲಿಕೇಷನ್ಸ್,ಸುಪಾರ್ಶ್ವ ಎಂ,ಮಾಸಿಕ,ಕನ್ನಡ,,
2983,ಇಂದು ಸಂಜೆ,2011,ಹುಬ್ಬಳ್ಳಿ/ಗದಗ,ವಿ ನಾಗರಾಜು,ವಿ ನಾಗರಾಜು,ದೈನಿಕ,ಕನ್ನಡ,,
2984,ಕಿತ್ತೂರು ಕರ್ನಾಟಕ,2011,ಗದಗ,ಮಂಜುನಾಥ ಬಸಪ್ಪ ಅಭಿಗೇರಿ,ಮಂಜುನಾಥ ಬಸಪ್ಪ ಅಭಿಗೇರಿ,ದೈನಿಕ,ಕನ್ನಡ,,
2985,ಶ್ರೀಕಾಂತ ಜ್ಯೋತಿ,2011,ಗದಗ,ಪ್ರಕಾಶ್ ಎಲಿಜಾರ್,ಪ್ರಕಾಶ್ ಎಲಿಜಾರ್,ದೈನಿಕ,ಕನ್ನಡ,,
2986,ಹಾಯ್ ಒಕ್ಕಲಿಗ,2011,ಹಾಸನ,ಜಗದೀಶ್ ಚೌಡವಳ್ಳಿ,ಜಗದೀಶ್ ಚೌಡವಳ್ಳಿ,ದೈನಿಕ,ಕನ್ನಡ,,
2987,ಹಾಸನ ದರ್ಶಿನಿ,2011,ಹಾಸನ,ಎಂ ಜಿ ಮಂಜುನಾಥ್,ಎಂ ಜಿ ಮಂಜುನಾಥ್,ಸಾಪ್ತಾಹಿಕ,ಕನ್ನಡ,,
2988,ಹಾಸನ ಪ್ರಭಾ 1,2011,ಹಾಸನ,ಎಚ್ ಕೆ ಉಮಾಶಂಕರ್,ಎಚ್ ಕೆ ಉಮಾಶಂಕರ್,ದೈನಿಕ,ಕನ್ನಡ,,
2989,ಇಂದು ಸಂಜೆ,2011,ಹಾವೇರಿ,ವಿ ನಾಗರಾಜ,ವಿ ನಾಗರಾಜ / ಗುರುರಾಜ ಹಾಜರ್,ದೈನಿಕ,ಕನ್ನಡ,,
2990,ಪಥ ದರ್ಶಕ,2011,ರಾಣೆಬೆನ್ನೂರು,ಗುರುರಾಜ ವಿ ಶಿರಹಟ್ಟಿ,ಗುರುರಾಜ ವಿ ಶಿರಹಟ್ಟಿ,ಸಾಪ್ತಾಹಿಕ,ಕನ್ನಡ,,
2991,ಕಲ್ಬುರ್ಗಿ ವೇಗಾ ಚಾನೆಲ್,2011,ಕಲಬುರ್ಗಿ,ಶಶಿಕಲಾ ಹನುಮಂತಪ್ಪ,ಶಶಿಕಲಾ ಹನುಮಂತಪ್ಪ,ದೈನಿಕ,ಕನ್ನಡ,,
2992,ನ್ಯಾಯದ ಹಾದಿ,2011,ಮಡಿಕೇರಿ,ಯಶೋದಾ.ಎಚ್.ಬಿ,ಯಶೋದಾ.ಎಚ್.ಬಿ,ಪಾಕ್ಷಿಕ,ಕನ್ನಡ,,
2993,ಸರ್ವಾಧಿಕಾರಿ,2011,ಕೋಲಾರ,ಕೆ ಎಸ್ ಗಣೇಶ್,ಎಂ ಲಕ್ಷ್ಮಿ,ದೈನಿಕ,ಕನ್ನಡ,,
2994,ಬೆವರ ಹನಿ,2011,ಕೋಲಾರ,ಎಚ್ ಎನ್ ಮುರಳೀಧರ,ಎಚ್ ಎನ್ ಮುರಳೀಧರ/ಜಿ ಎಲ್ ನಾಗಮಣಿ,ದೈನಿಕ,ಕನ್ನಡ,,
2995,ಸರ್ವಕಾರನಾಟಕ,2011,ಕೋಲಾರ,ಟಿ ಮುನಿರಾಜು,ಟಿ ಮುನಿರಾಜು,ದೈನಿಕ,ಕನ್ನಡ,,
2996,ಅನ್ಮೋಲ್ ಟೈಮ್ಸ್,2011,ಗಂಗಾವತಿ,ಎಂ ಎ ವಾಲಿಸಾಹೇಬ್,ಎಂ ಎ ವಾಲಿಸಾಹೇಬ್,ದೈನಿಕ,ಕನ್ನಡ,,
2997,ಕೋಟೆಯ ಕರ್ನಾಟಕ,2011,ಕೊಪ್ಪಳ,ಪರಿಮಳ ಆರ್.ಮನಗೊಳಿ,ಸುಧೀರ್ ವೈ ಕಲ್ಕೆರೆ,ದೈನಿಕ,ಕನ್ನಡ,,
2998,ಮಹಿಳಾ ಲೋಕ,2011,ಕೊಪ್ಪಳ,ಸಾವಿತ್ರಿ ಮುಜುಂದಾರ್,ಸಾವಿತ್ರಿ ಮುಜುಂದಾರ್,ಮಾಸಿಕ,ಕನ್ನಡ,,
2999,ಅಂಬಿ ಕರ್ನಾಟಕ,2011,ಮದ್ದೂರು,,ಎಸ್ ಕೆ ಪ್ರಭುದೇವ್,ಸಾಪ್ತಾಹಿಕ,ಕನ್ನಡ,,
3000,ಜನೋದಯ (ಸಂಜೆ),2011,ಮಂಡ್ಯ,ಮಂಜುಳಾ ಕಿರುಗಾವಲು,ಮಂಜುಳಾ ಕಿರುಗಾವಲು,ದೈನಿಕ,ಕನ್ನಡ,,
3001,ಮಂಡ್ಯ ಎಕ್ಸ್‌ಪ್ರೆಸ್,2011,ಮಂಡ್ಯ,ಕಬ್ಬನಹಳ್ಳಿ ಪುಟ್ಟಸ್ವಾಮಿ,ಕಬ್ಬನಹಳ್ಳಿ ಪುಟ್ಟಸ್ವಾಮಿ,ದೈನಿಕ,ಕನ್ನಡ,,
3002,ಅನೇಕ ಸಿದ್ಧಾಂತಗಳು,2011,ಮೈಸೂರು,ಸಮತಾ ಪ್ರಕಾಶನಕ್ಕೆ ಸುಪಾರ್ಶ್ವ ಎಂ,ಸುಪಾರ್ಶ್ವ ಎಂ.,ಮಾಸಿಕ,ಕನ್ನಡ,,
3003,ಬೆಂಗಳೂರು ವೃತ್ತ,2011,ಮೈಸೂರು,ಎಂ. ಶಿವಕುಮಾರ್,ಎಂ. ಶಿವಕುಮಾರ್,ಪಾಕ್ಷಿಕ,ಕನ್ನಡ,,
3004,ಎದ್ದ ಧ್ವನಿ,2011,ನಂಜನಗೂಡು,ಎಂ ಎಸ್ ನಟರಾಜಮೂರ್ತಿ,ಎಂ ಎಸ್ ನಟರಾಜಮೂರ್ತಿ,ಪಾಕ್ಷಿಕ,ಕನ್ನಡ,,
3005,ಗಂಧರ್ವ ಗಿರಿ,2011,ಮೈಸೂರು,ಎಸ್. ಬಾಲಕೃಷ್ಣ ಸಂಗಪುರ,ಎಸ್. ಬಾಲಕೃಷ್ಣ ಸಂಗಪುರ,ಮಾಸಿಕ,ಕನ್ನಡ,,
3006,ಇತಿಹಾಸ ಪತ್ರಿಕೆ,2011,ಮೈಸೂರು,ಜೆ.ಸಿ.ಇತಿಹಾಸ್,ಜೆ.ಸಿ.ಇತಿಹಾಸ್,ಪಾಕ್ಷಿಕ,ಕನ್ನಡ,,
3007,ಕರ್ಮ ಕಾಂಡ,2011,ನಂಜನಗೂಡು,ಎಂ ಪ್ರಕಾಶ,ಎಂ ಪ್ರಕಾಶ,ಪಾಕ್ಷಿಕ,ಕನ್ನಡ,,
3008,ಕರ್ನಾಟಕ ಶಕ್ತಿ,2011,ಮೈಸೂರು,ಡಿ.ಎನ್.ಬಾಬು,ಡಿ.ಎನ್.ಬಾಬು,ಪಾಕ್ಷಿಕ,ಕನ್ನಡ,,
3009,ಕರುನಾಡ ವರದಿ,2011,ಮೈಸೂರು,ವಿ ಎಸ್ ಶಾಂತರಾಜ್,ವಿ ಎಸ್ ಶಾಂತರಾಜ್,ಸಾಪ್ತಾಹಿಕ,ಕನ್ನಡ,,
3010,ಕೃಷಿ ಕುಟುಂಬ,2011,ಮೈಸೂರು,ಎಲ್.ಜೆ.ಲಕ್ಷ್ಮಣ್,ಎಲ್.ಜೆ.ಲಕ್ಷ್ಮಣ್,ಸಾಪ್ತಾಹಿಕ,ಕನ್ನಡ,,
3011,ನಂಜನಗೂಡು ಮಿತ್ರ,2011,ನಂಜನಗೂಡು,ಶಿವಲಿಂಗ ನಾಯಕ,ಶಿವಲಿಂಗ ನಾಯಕ,ಪಾಕ್ಷಿಕ,ಕನ್ನಡ,,
3012,ಪೇಪರ್ 9,2011,ಮೈಸೂರು,ಬಿ ಮಹೇಶ,ಬಿ ಮಹೇಶ,ಸಾಪ್ತಾಹಿಕ,ಕನ್ನಡ,,
3013,ಸತ್ಯ ಪ್ರಭಾ,2011,ನಂಜನಗೂಡು,ಎಂ ಎಸ್ ಸತ್ಯನಾರಾಯಣ,ಎಂ ಎಸ್ ಸತ್ಯನಾರಾಯಣ,ದೈನಿಕ,ಕನ್ನಡ,,
3014,ಸುದ್ಧಿ ದರ್ಶಿನಿ,2011,ಮೈಸೂರು,ಎಚ್.ಎನ್. ಶ್ರೀಧರ ಮೂರ್ತಿ,ಎಚ್.ಎನ್. ಶ್ರೀಧರ ಮೂರ್ತಿ,ಪಾಕ್ಷಿಕ,ಕನ್ನಡ,,
3015,ಸ್ವಾಭಿಮಾನ್ ಪತ್ರಿಕೆ,2011,ಮೈಸೂರು,ಎಂ ಪರಶುರಾಮ್,ಎಂ ಪರಶುರಾಮ್,ಪಾಕ್ಷಿಕ,ಕನ್ನಡ,,
3016,ತ್ರಿವೇಣಿ ಸಂಗಮ,2011,ಟಿ.ನರಸೀಪುರ,,ಎಸ್.ಚಂದ್ರಶೇಖರ್,ಪಾಕ್ಷಿಕ,ಕನ್ನಡ,,
3017,ಹೊಸ ನಾವಿಕ,2011,ಶಿವಮೊಗ್ಗ,ಅಲ್ಫೋನ್ಸ್ ರಾಕೇಶ್ ಡಿಸೋಜಾ,ಸಂತೋಷ್ ಯೆಲಿಗಾರ್,ಸಾಪ್ತಾಹಿಕ,ಕನ್ನಡ,,
3018,ಟೈಮ್ಸ್ ಆ ದೀನಬಂಧು,2011,ಶಿವಮೊಗ್ಗ,ರೂಪಾ ಆರ್ ಶೆಟ್ಟಿ,ರೂಪಾ ಆರ್ ಶೆಟ್ಟಿ,ಪಾಕ್ಷಿಕ,ಕನ್ನಡ,,
3019,ಸಾಗರ್ ಧ್ವನಿ,2011,ಸಾಗರ,ವಿಜೇಂದ್ರ ಶಾನಭಾಗ,ವಿಜೇಂದ್ರ ಶಾನಭಾಗ,ಸಾಪ್ತಾಹಿಕ,ಕನ್ನಡ,,
3020,ಪ್ರಜಾ ಸಮತಾ,2011,ತುಮಕೂರು,ಪದ್ಮನಾಭ ಜೆ,ಸಿ ರಂಗನಾಥ್/ಪ್ರದ್ಮಾನ್ಭಾಜ್,ದೈನಿಕ,ಕನ್ನಡ,,
3021,ಬೆಳದಿಂಗಳ ಮಾತು,2011,ಉಡುಪಿ,ಶೇಖರ ಅಜೆಕಾರು ಫಾರ್ ಆಲ್ ಕರ್ನಾಟಕ ಮೂನ್ಲೈಟ್ ಲಿಟರರಿ ಮೀಟ್,ಶೇಖರ ಅಜೆಕಾರು,,ಕನ್ನಡ,,
3022,ಚಕ್ರವರ್ತಿ,2011,ಉಡುಪಿ,ಉಮೇಶ್,ಉಮೇಶ್,ಪಾಕ್ಷಿಕ,ಕನ್ನಡ,,
3023,ಸ್ಥಿತಿ ಗತಿ,2011,ಕೋಟೇಶ್ವರ,NRAMH ಪ್ರಕಟಣೆಗಾಗಿ ಸಬಿತಾ ಆಚಾರ್ಯ,ಎನ್ ಭಾಸ್ಕರಾಚಾರ್ಯ,ತ್ರೈಮಾಸಿಕ,ಕನ್ನಡ/ ಇಂಗ್ಲೀಷ್,,
3024,ಸಂಜಯ ವಾಣಿ,2011,ವಿಜಯಪುರ,ಸಂಜಯ ಕುಮಾರ್ ಎನ್. ಕೊಂಡಗೂಳಿ,ಸಂಜಯ ಕುಮಾರ್ ಎನ್. ಕೊಂಡಗೂಳಿ,ದೈನಿಕ,ಕನ್ನಡ,,
3025,ನಿಜವಾದ ಕ್ರಾಂತಿ,2011,ವಿಜಯಪುರ,ಮೋಹನ್ ಪಿ ಕುಲಕರ್ಣಿ,ಮೋಹನ್ ಪಿ ಕುಲಕರ್ಣಿ,ದೈನಿಕ,ಕನ್ನಡ,,
3026,ಕರ್ನಾಟಕದ ತಾರೆ,2011,ವಿಜಯಪುರ,ಸುಖದೇವ್ ಸಿದ್ರಪ್ಪ ಆರಂಭಿಸಿದರು,ಸುಖದೇವ್ ಸಿದ್ರಪ್ಪ ಆರಂಭಿಸಿದರು,ಪಾಕ್ಷಿಕ,ಕನ್ನಡ,,
3027,ಇಲ್ಲಿಯ ಜನ,2011,ಯಾದಗಿರಿ,ಚಂದ್ರಕಾಂತ ಕೆ.ಹಾವನೂರ,ಚಂದ್ರಕಾಂತ ಕೆ.ಹಾವನೂರ,ದೈನಿಕ,ಕನ್ನಡ,,
3028,ಬಿರುಗಾಳಿ ಜನ,2012,ಜಮಖಂಡಿ,ಇಲಾಹಿ ಅಮೀನ್ಸಾಬ್ ಮುಲ್ಲಾ,ಇಲಾಹಿ ಅಮೀನ್ಸಾಬ್ ಮುಲ್ಲಾ,ಪಾಕ್ಷಿಕ,ಕನ್ನಡ,,
3029,ನಮ್ಮ ದೂತ,2012,ಬಾಗಲಕೋಟೆ,ರವಿಕುಮಾರ್ ಭೀಮಸೇನ್ ಖಾಸೆ,ರವಿಕುಮಾರ್ ಭೀಮಸೇನ್ ಖಾಸೆ,ಮಾಸಿಕ,ಕನ್ನಡ,,
3030,ನೆಮ್ಮದಿ,2012,ಮಹಾಲಿಂಗಪುರ/ಮುಧೋಳ,ಕಾಶಿ ಮಹಾಂತೇಶ ಪ್ರಕಾಶನ,ವೀರೇಶ ಕುಮಾರ್ ಮ್ ಆಸಂಗಿ,ತ್ರೈಮಾಸಿಕ,ಕನ್ನಡ,,
3031,ಸತ್ಯ ಶೋಧ,2012,ಬಾಗಲಕೋಟೆ,ತಿಪ್ಪಣ್ಣ ಎಂ ಚಲವಾದಿ,ತಿಪ್ಪಣ್ಣ ಎಂ ಚಲವಾದಿ,ದೈನಿಕ,ಕನ್ನಡ,,
3032,ಅಗ್ನಿ ಟೈಮ್ಸ್,2012,ಅನೇಕಲ್,ಕೆ ವೆಂಕಟೇಶ್,ಕೆ ವೆಂಕಟೇಶ್,ಮಾಸಿಕ,ಕನ್ನಡ,,
3033,ಕರ್ನಾಟಕ ಜಿಲ್ಲಾ ಪಂಚಾಯತ್,2012,ದೊಡ್ಡಬಳ್ಳಾಪುರ,ಆನಂದ ರೆಡ್ಡಿ,ಆನಂದ ರೆಡ್ಡಿ,ಮಾಸಿಕ,ಕನ್ನಡ,,
3034,ನಾವು ಬಂಡೆದ್ದವರು,2012,ದೊಡ್ಡಬಳ್ಳಾಪುರ,ಗಂಗಾರಾಜ,ಗಂಗಾರಾಜ,ಪಾಕ್ಷಿಕ,ಕನ್ನಡ,,
3035,ರಾಜಕೀಯ ಪ್ರತಿಬಿಂಬ,2012,ವಿಜಯಪುರ/ದೇವನಹಳ್ಳಿ,ಸಿತಾರಾಮಯ್ಯ,ಸಿತಾರಾಮಯ್ಯ,ಮಾಸಿಕ,ಕನ್ನಡ,,
3036,ವೀರ ಧೀರ ಕನ್ನಡಿಗ,2012,ಬೆಳಗಾವಿ/ರಾಮದುರ್ಗ,ಶಶಿಕಾಂತ ಕೆ ನೆಲ್ಲೂರ,ಶಶಿಕಾಂತ ಕೆ ನೆಲ್ಲೂರ,ಸಾಪ್ತಾಹಿಕ,ಕನ್ನಡ,,
3037,ಅಭಿನಂದನೆ ಪತ್ರಿಕೆ,2012,ಬೆಂಗಳೂರು,ಆರ್ ಹರಿಕೃಷ್ಣ,ಆರ್ ಹರಿಕೃಷ್ಣ,ಮಾಸಿಕ,ಕನ್ನಡ,,
3038,ಅತಿರಥ,2012,ಬೆಂಗಳೂರು,ಮುನಿರಾಮ ರೆಡ್ಡಿ,ಮುನಿರಾಮ ರೆಡ್ಡಿ,ಪಾಕ್ಷಿಕ,ಕನ್ನಡ,,
3039,ಭಾರತ: ಸಾರಥಿ,2012,ಬೆಂಗಳೂರು,ಗಂಡಸಿ ಸದಾನಂದಸ್ವಾಮಿ,ಗಂಡಸಿ ಸದಾನಂದಸ್ವಾಮಿ,ಮಾಸಿಕ,ಕನ್ನಡ,,
3040,ಕ್ರೈಮ್ ಸ್ಪಾಟ್,2012,ಬೆಂಗಳೂರು,ಕೆ ಮೋಹನ್ ಗುಜ್ಜರ್,ಕೆ ಮೋಹನ್ ಗುಜ್ಜರ್,ಪಾಕ್ಷಿಕ,ಕನ್ನಡ,,
3041,ದೇಶಭಕ್ತ,2012,ಬೆಂಗಳೂರು,ಎಂ.ಜಿ.ವಜ್ಜರಮಟ್ಟಿ,ಎಂ.ಜಿ.ವಜ್ಜರಮಟ್ಟಿ,ಮಾಸಿಕ,ಕನ್ನಡ,,
3042,ದಿವ್ಯಾಗ್ನಿ,2012,ಬೆಂಗಳೂರು,ಲೋಕೇಶ್ ಕೊಪ್ಪದ,ಲೋಕೇಶ್ ಕೊಪ್ಪದ,ಪಾಕ್ಷಿಕ,ಕನ್ನಡ,,
3043,ಹಕ್ಕು ಹೋರಾಟ,2012,ಬೆಂಗಳೂರು,ಬಿ.ಪಿ.ಗಂಗಾಧರ,ಬಿ.ಪಿ.ಗಂಗಾಧರ,ಮಾಸಿಕ,ಕನ್ನಡ,,
3044,ಅಸೆಮಣೆ,2012,ಬೆಂಗಳೂರು,ಎಂ ಮಂಜುನಾಥ್,ಎಂ ಮಂಜುನಾಥ್,ಮಾಸಿಕ,ಕನ್ನಡ,,
3045,ಇಂದಿನ ಮಹಿಳೆ,2012,ಬೆಂಗಳೂರು,ಸರಸ್ವತಿ ಪಿ,ಸರಸ್ವತಿ ಪಿ,ಮಾಸಿಕ,ಕನ್ನಡ,,
3046,ಜನತೆಯ ಅಸಮಾನತೆ,2012,ಬೆಂಗಳೂರು,ಚಿಕ್ಕ ಕೊಮರಿಗೌಡ,ಚಿಕ್ಕ ಕೊಮರಿಗೌಡ,ಮಾಸಿಕ,ಕನ್ನಡ,,
3047,ಜ್ಯೋತಿಷ್ಯ ಮಾರ್ಗಸೂಚಿ,2012,ಬೆಂಗಳೂರು,ಎಸ್.ಪರಣೇಶ್,ಎಸ್.ಪರಣೇಶ್,ಮಾಸಿಕ,ಕನ್ನಡ,,
3048,ಕಾಲ ಬಂಧು,2012,ಬೆಂಗಳೂರು,ನರಸಿಂಹರಾಜು ಹೆಚ್.,ನರಸಿಂಹರಾಜು ಹೆಚ್.,ಮಾಸಿಕ,ಕನ್ನಡ,,
3049,ಕರಿ ಚಿರತೆ,2012,ಬೆಂಗಳೂರು,ಎ. ಶ್ರೀನಾಥ್,ಎ. ಶ್ರೀನಾಥ್,ಮಾಸಿಕ,ಕನ್ನಡ,,
3050,ಮನಸು ಮನಸುಗಳ ಪ್ರೇರಣಾ,2012,ಬೆಂಗಳೂರು,ಎಸ್ ತಾರಾನಾಥ್,ಶ್ವೇತಾ ನಿಹಾಲ್ ಜೈನ್,ಮಾಸಿಕ,ಕನ್ನಡ,,
3051,ನಾಯಕ ಮಿತ್ರ,2012,ಬೆಂಗಳೂರು,ಎ ಬಿ ಶಿವರಾಜು,ಎ ಬಿ ಶಿವರಾಜು,ಪಾಕ್ಷಿಕ,ಕನ್ನಡ,,
3052,ಪತ್ರಿಕೆ ಬಿಡುಗಡೆ,2012,ಬೆಂಗಳೂರು,ಲಿಂಗಣ್ಣ ಗೌಡ,ಲಿಂಗಣ್ಣ ಗೌಡ,ಮಾಸಿಕ,ಕನ್ನಡ,,
3053,ಪ್ರಬೋಧ ಪ್ರಮೋದಿನಿ,2012,ಬೆಂಗಳೂರು,ಎಸ್ ಶ್ರೀಧರ ಮೂರ್ತಿ,ಡಾ. ಎಚ್ ವಿ ಶಂಕರನಾರಾಯಣ,ತ್ರೈಮಾಸಿಕ,ಕನ್ನಡ,,
3054,ಪ್ರಜಾ ಪ್ರತೀಕ್ಷಾ,2012,ಬೆಂಗಳೂರು,ಆರ್. ವೆಂಕಟಲಕ್ಷ್ಮಿ,ಪ್ರಕಾಶ ಯಿಂಗಲಗುಂಡಿ,ಪಾಕ್ಷಿಕ,ಕನ್ನಡ,,
3055,ಪ್ರಜಾ ಸಂದೇಶ,2012,ಬೆಂಗಳೂರು,ಕೆ.ಎಸ್. ಸ್ವಾಮಿ,ಕೆ.ಎಸ್. ಸ್ವಾಮಿ,ಮಾಸಿಕ,ಕನ್ನಡ,,
3056,ಪ್ರಸ್ತುತ ಸುದ್ದಿ,2012,ಬೆಂಗಳೂರು,,,,ಕನ್ನಡ,,
3057,ಸ್ಕೌಟ್ ಗೈಡ್ ಕಾರಿಡಾರ್,2012,ಬೆಂಗಳೂರು,ಕೃಷ್ಣ ಪ್ರಸಾದ್ ಪಿ.ಎನ್.,ಕೃಷ್ಣ ಪ್ರಸಾದ್ ಪಿ.ಎನ್.,ಪಾಕ್ಷಿಕ,ಕನ್ನಡ,,
3058,ಸಿಡಿಲಿನ ಸಿಂಹ,2012,ಬೆಂಗಳೂರು,ವೆಂಕಟೇಶ ಗೌಡ,ವೆಂಕಟೇಶ ಗೌಡ,ಮಾಸಿಕ,ಕನ್ನಡ,,
3059,ಸಿಹಿ ಗಾಳಿ,2012,ಬೆಂಗಳೂರು,ಎಚ್ ಎಂ ನಳಿನಾಕ್ಷಿ,ಎಚ್ ಸಿ ಬುವನೇಶ್ವರಿ,ಮಾಸಿಕ,ಕನ್ನಡ,,
3060,ಸ್ಪರ್ಧ ಚಾಣುಕ್ಯ,2012,ಬೆಂಗಳೂರು,ಎಂ. ಸಹೋದರ,ಎಂ. ಸಹೋದರ,ಪಾಕ್ಷಿಕ,ಕನ್ನಡ,,
3061,ಸುವರ್ಣ ನಾಡು,2012,ಬೆಂಗಳೂರು,ಎ.ಮಹದೇವ ಪ್ರಸಾದ್,ಎ.ಮಹದೇವ ಪ್ರಸಾದ್,ಪಾಕ್ಷಿಕ,ಕನ್ನಡ,,
3062,ವಾರದ ಮಾತು,2012,ಬೆಂಗಳೂರು,ಚನ್ನಕೇಶವ ಎಂ ಜೆ,ಚನ್ನಕೇಶವ ಎಂ ಜೆ,ಸಾಪ್ತಾಹಿಕ,ಕನ್ನಡ,,
3063,ವರ್ಗ ಸಂಘರ್ಷ,2012,ಬೆಂಗಳೂರು,ಬಿ ಬಾಬು,ಬಿ ಬಾಬು,ಸಾಪ್ತಾಹಿಕ,ಕನ್ನಡ,,
3064,ವಾಸ್ತವ ಕರ್ನಾಟಕ,2012,ಬೆಂಗಳೂರು,ಎಚ್ ಎಲ್ ಸುರೇಶ,ಎಚ್ ಎಲ್ ಸುರೇಶ,ದೈನಿಕ,ಕನ್ನಡ,,
3065,ವಿಷ್ಣು ಧ್ವನಿ,2012,ಬೆಂಗಳೂರು,ಆರ್. ಚಂದ್ರಶೇಖರ್,ಆರ್. ಚಂದ್ರಶೇಖರ್,ಮಾಸಿಕ,ಕನ್ನಡ,,
3066,ಎಚ್ಚರ,2012,ಬೆಂಗಳೂರು,ಆನಂದ್ ಎಚ್ ಆರ್,ಆನಂದ್ ಎಚ್ ಆರ್,ಮಾಸಿಕ,ಕನ್ನಡ,,
3067,ಹಾಯ್ ನಮ್ಮೂರ ಸುದ್ಧಿ,2012,ಚಾಮರಾಜನಗರ,ವಿ ಗಂಗಾಧರ,ವಿ ಗಂಗಾಧರ,ಮಾಸಿಕ,ಕನ್ನಡ,,
3068,ಚಿಂತಾಮಣಿ ಎಕ್ಸ್‌ಪ್ರೆಸ್,2012,ಚಿಕ್ಕಬಳ್ಳಾಪುರ,,ಕೆ ಎಸ್ ಹರೀಶ್,ಸಾಪ್ತಾಹಿಕ,ಕನ್ನಡ,,
3069,ವಾಸ್ತವ ಕರ್ನಾಟಕ,2012,ಚಿಕ್ಕಬಳ್ಳಾಪುರ,ಎಚ್ ಎಲ್ ಸುರೇಶ,ಎಚ್ ಎಲ್ ಸುರೇಶ,ದೈನಿಕ,ಕನ್ನಡ,,
3070,ಗೌರಿಬಿದನೂರಿನ ಧ್ವನಿ,2012,ಗೌರೀಬಿದನೂರು,ಪಿ ವಿ ರಾಜಣ್ಣ,ಪಿ ವಿ ರಾಜಣ್ಣ,ಮಾಸಿಕ,ಕನ್ನಡ,,
3071,ಖಾಸಗಿಯಾಗಿ ಹೋಗಿ,2012,ಚಿಕ್ಕಮಗಳೂರು,ಎಲ್.ನಾಗರಾಜ,ಎಲ್.ನಾಗರಾಜ,ಮಾಸಿಕ,ಕನ್ನಡ,,
3072,ಡಿಸ್ಕಸ್,2012,ತರೀಕೆರೆ/ಚಿಕ್ಕಮಗಳೂರು,ಬಿ ಎನ್ ನಾಗರಾಜ್,ಕೆ ಕೃಷ್ಣಮೂರ್ತಿ/ ಬಿ ನಾಗರಾಜ,ಸಾಪ್ತಾಹಿಕ,ಕನ್ನಡ,,
3073,ಹೆಗ್ಗುರುತು,2012,ಚಿಕ್ಕಮಗಳೂರು,ಎಸ್ ಎಂ ರಮೇಶ್ ನಾಣಿ,ಎಸ್ ಎಂ ರಮೇಶ್ ನಾಣಿ,ಸಾಪ್ತಾಹಿಕ,ಕನ್ನಡ,,
3074,ಕನ್ನಡ ಧ್ವನಿ,2012,ಕಡೂರು/ಚಿಕ್ಕಮಗಳೂರು,ಟಿ.ಜಿ. ಲೋಕೇಶಪ್ಪ,ಟಿ.ಜಿ. ಲೋಕೇಶಪ್ಪ,ಪಾಕ್ಷಿಕ,ಕನ್ನಡ,,
3075,ಕಪ್ಪು ಸೇನೆ,2012,ಕಡೂರು/ಚಿಕ್ಕಮಗಳೂರು,ಟಿ ಆರ್ ಬೈರೇಶ್,ಟಿ ಆರ್ ಬೈರೇಶ್,ಪಾಕ್ಷಿಕ,ಕನ್ನಡ,,
3076,ಜಿಲ್ಲಾ ನೋಟಾ,2012,ಕಡೂರು/ಚಿಕ್ಕಮಗಳೂರು,ಸಿ.ಎಚ್.ಮೂರ್ತಿ,ಸಿ.ಎಚ್.ಮೂರ್ತಿ,ಪಾಕ್ಷಿಕ,ಕನ್ನಡ,,
3077,ಸುವರ್ಣ ಟೈಮ್ಸ್ ಆಫ್ ಕರ್ನಾಟಕ,2012,ಚಿತ್ರದುರ್ಗ,ಕೆ ಎಸ್ ಭಾಸ್ಕರ್,ಕೆ ಎಸ್ ಭಾಸ್ಕರ್,ದೈನಿಕ,ಕನ್ನಡ,,
3078,ದಾವಣಗೆರೆ ಶಿವ,2012,ದಾವಣಗೆರೆ,ಎಚ್.ನಿಂಗರಾಜ್ ಕುಕ್ಕುವಾಡ,ಎಚ್.ನಿಂಗರಾಜ್ ಕುಕ್ಕುವಾಡ,ದೈನಿಕ,ಕನ್ನಡ,,
3079,ಶಿವ ವಾಣಿ,2012,ದಾವಣಗೆರೆ,ಎ ಎನ್ ರವಿಕುಮಾರ್,ಎ ಎನ್ ರವಿಕುಮಾರ್,ಸಾಪ್ತಾಹಿಕ,ಕನ್ನಡ,,
3080,ಹುಬ್ಬಳ್ಳಿ ಸಂಜೆ,2012,ಧಾರವಾಡ,ಕೆ ಎಸ್ ದಿವಾಕರ್,ಕೆ ಎಸ್ ದಿವಾಕರ್,ಸಾಪ್ತಾಹಿಕ,ಕನ್ನಡ,,
3081,ಅಮರ ಸುದ್ದಿ,2012,ಸುಳ್ಯ/ದಕ್ಷಿಣಕನ್ನಡ,ಜಯಪ್ರಕಾಶ ಕುಕ್ಕರಿ,ಜಯಪ್ರಕಾಶ ಕುಕ್ಕರಿ,ಸಾಪ್ತಾಹಿಕ,ಕನ್ನಡ,,
3082,ಚಿಂತಿಸಬೇಡಿ,2012,ದಕ್ಷಿಣಕನ್ನಡ,ರೇಷ್ಮಾ ಜಿ ಭಟ್,ರೇಷ್ಮಾ ಜಿ ಭಟ್,ತ್ರೈಮಾಸಿಕ,ಕನ್ನಡ,,
3083,ಕರಾವಳಿ ವಾರ್ತೆ,2012,ಮಂಗಳೂರು,ಪ್ರಭಾ ರೈ,ಪ್ರಭಾ ರೈ,ಮಾಸಿಕ,ಕನ್ನಡ,,
3084,ಕಥಾ ಕೀರ್ತನೆ,2012,ಕಾಸರಗೋಡು,ಶಾಮ್ನಾಡಿಗೈ ಕುಂಬ್ಳೆ,ಶಾಮ್ನಾಡಿಗೈ ಕುಂಬ್ಳೆ,ಮಾಸಿಕ,ಕನ್ನಡ,,
3085,ಮೆಗಾ ಮೀಡಿಯಾ ನ್ಯೂಸ್,2012,ಮಂಗಳೂರು,ಶಿವಪ್ರಸಾದ್,ಶಿವಪ್ರಸಾದ್,ಪಾಕ್ಷಿಕ,ಕನ್ನಡ,,
3086,ಸತ್ಯಸಾರಥಿ,2012,ದಕ್ಷಿಣಕನ್ನಡ,ವಿ ಕೆ ಹಿದಾಯತುಲ್ಲಾ,ವಿ ಕೆ ಹಿದಾಯತುಲ್ಲಾ,ಮಾಸಿಕ,ಕನ್ನಡ,,
3087,ಸೂರ್ಯ ಪುತ್ರ,2012,ಮಂಗಳೂರು,ಎಚ್ ನಿಂಗಪ್ಪ,ಎಚ್ ನಿಂಗಪ್ಪ,ಸಾಪ್ತಾಹಿಕ,ಕನ್ನಡ,,
3088,ಹಲ್ಮಿಡಿ ಸಂದೇಶ,2012,ಹಾಸನ,ಎಚ್ ಎಂ ಪುರುಷೋತ್ತಮ್,ಎಚ್ ಎಂ ಪುರುಷೋತ್ತಮ್,ಪಾಕ್ಷಿಕ,ಕನ್ನಡ,,
3089,ಹಾಸನ ಟೈಮ್ಸ್,2012,ಹಾಸನ,,ಉದ್ದುರಹಲ್ ಪಿ ಜೈರಾಮ್,ಸಾಪ್ತಾಹಿಕ,ಕನ್ನಡ,,
3090,ಸೂರ್ಯನಿಗೆ ಹೋಗು,2012,ಚೆನ್ನರಾಯಪಟ್ಟಣ/ಹಾಸನ,ಸುರೇಶ ಬಲ್ದಾರೆ,ಸುರೇಶ ಬಲ್ದಾರೆ,,ಕನ್ನಡ,,
3091,ಹಣತೆ,2012,ಶಿಗ್ಗಾವಿ,ಎಸ್ ಸಿ ರಮೇಶ್,ಅಂಬಳಿಕೆ ಹಿರಿಯಣ್ಣ/ಎಸ್.ಕೆ.ರಮೇಶ್,ಮಾಸಿಕ,ಕನ್ನಡ,,
3092,ಜಗಲಿ,2012,ಶಿಗ್ಗಾವಿ,ಕರ್ನಾಟಕ ಜಾನಪದ ವಿಶ್ವವಿದ್ಯಾನಿಲಯ,,ಮಾಸಿಕ,ಕನ್ನಡ,,
3093,ಜನಾಭಿಪ್ರಾಯ,2012,ಕಲಬುರ್ಗಿ,ಸೂರ್ಯಕಾಂತ್ ಸೋನಂದ್,ಸೂರ್ಯಕಾಂತ್ ಸೋನಂದ್,ದೈನಿಕ,ಕನ್ನಡ,,
3094,ಪ್ರಥಮ ವಾಣಿ,2012,ಕಲಬುರ್ಗಿ,ಮಲ್ಲಿಕಾರ್ಜುನ ಎಸ್ ಯೋಗ,ಮಲ್ಲಿಕಾರ್ಜುನ ಎಸ್ ಯೋಗ,ದೈನಿಕ,ಕನ್ನಡ,,
3095,ಕೋಲಾರ ಮಿಂಚು,2012,ಕೋಲಾರ,ಎಸ್ ಲಕ್ಷ್ಮೀಪತಿ,ಎಸ್ ಲಕ್ಷ್ಮೀಪತಿ,ದೈನಿಕ,ಕನ್ನಡ,,
3096,ಅಂಗ ವಿಕಲರ ತೇಜಸ್ಸು,2012,ಕೊಪ್ಪಳ,ಮಟ್ಟು ಕಲ್ಯಾಣ ತೋಟದ್,ಮಟ್ಟು ಕಲ್ಯಾಣ ತೋಟದ್,ಮಾಸಿಕ,ಕನ್ನಡ,,
3097,ಸವಯ್ಯವ ಸಂಪದ,2012,ಗಂಗಾವತಿ,ಆಲೂರು ಪ್ರಕಾಶನಕ್ಕಾಗಿ ಲಿಂಗಾರೆಡ್ಡಿ ಆಲೂರು,ಲಿಂಗಾರೆಡ್ಡಿ ವಿ ಆಲೂರ್,ಮಾಸಿಕ,ಕನ್ನಡ,,
3098,ವಾರ್ತಾ ಲೋಕ,2012,ಗಂಗಾವತಿ,ವೆಂಕಟೇಶ ಕುಲಕರ್ಣಿ,ವೆಂಕಟೇಶ ಕುಲಕರ್ಣಿ,ದೈನಿಕ,ಕನ್ನಡ,,
3099,ವಸ್ತ್ರ ವಾಹಿನಿ,2012,ಗಂಗಾವತಿ,ರವಿಶಂಕರ್ ಮಲಗಿ,ರವಿಶಂಕರ್ ಮಲಗಿ,ಮಾಸಿಕ,ಕನ್ನಡ,,
3100,ಮೀಡಿಯಾ ಮಾಹಿತಿ,2012,ಮೈಸೂರು,ನಂಜುಡಸ್ವಾಮಿ ಎನ್ ಎಸ್,ನಂಜುಡಸ್ವಾಮಿ ಎನ್ ಎಸ್,ಸಾಪ್ತಾಹಿಕ,ಕನ್ನಡ,,
3101,ವಿಕಿರಣ,2012,ಮೈಸೂರು,ಚೆಲುವಾಚರ್ ಮೇಲೆ ಎಂ,ಚೆಲುವಾಚರ್ ಮೇಲೆ ಎಂ,ಸಾಪ್ತಾಹಿಕ,ಇಂಗ್ಲೀಷ್,,
3102,ಆರಂಭ,2012,ರಾಮನಗರ,ಎ.ಸಿ. ರಾಜಶೇಖರ್,ಎ.ಸಿ. ರಾಜಶೇಖರ್,ದೈನಿಕ,ಕನ್ನಡ,,
3103,ಕನಕಪ್ರಭಾ,2012,ಕನಕಪುರ,ಶಿವನಹಳ್ಳಿ ಶಿವಲಿಂಗ,ಶಿವನಹಳ್ಳಿ ಶಿವಲಿಂಗ,ಪಾಕ್ಷಿಕ,ಕನ್ನಡ,,1998
3104,ಮಾಸ್ತಮ್ಮ ವಾಣಿ,2012,ಚೆನ್ನಪಟ್ಟಣ,ಡಿ.ಎಂ. ಮಂಜುನಾಥ ದಶಾವರ,ಡಿ.ಎಂ. ಮಂಜುನಾಥ ದಶಾವರ,ದೈನಿಕ,ಕನ್ನಡ,,
3105,ರಾಮನಗರ ವಾರ್ತೆ,2012,ರಾಮನಗರ,ಡಿ.ನಾರಾಯಣ,ಡಿ.ನಾರಾಯಣ,ದೈನಿಕ,ಕನ್ನಡ,,
3106,ಅಜೇಯ,2012,ಶಿವಮೊಗ್ಗ,ಬಿ ನಾಗರಾಜ ಶೆಣೈ,ಬಿ ನಾಗರಾಜ ಶೆಣೈ,ದೈನಿಕ,ಕನ್ನಡ,,
3107,ಇಂದು ಶಿವಮೊಗ್ಗ,2012,ಶಿವಮೊಗ್ಗ,ಮೊಹಮ್ಮದ್ ಇರ್ಫಾನ್,ಮೊಹಮ್ಮದ್ ಇರ್ಫಾನ್,ಸಾಪ್ತಾಹಿಕ,ಕನ್ನಡ,,
3108,ಬೆಂಗಳೂರು ಡಾನ್,2012,ಪಾವಗಡ,ಜಿ ಎನ್ ನಾಗರಾಜ್ ದಾವದಬೆಟ್ಟ,ಜಿ ಎನ್ ನಾಗರಾಜ್ ದಾವದಬೆಟ್ಟ,ಪಾಕ್ಷಿಕ,ಕನ್ನಡ,,
3109,ಪ್ರಜಾಯೋಗ,2012,ತುಮಕೂರು,ಡಿ ಎಸ್ ನಾಗಭೂಷಣ,ಡಿ ಎಸ್ ನಾಗಭೂಷಣ,ದೈನಿಕ,ಕನ್ನಡ,,
3110,ಸಿರಿಸಮೃದ್ಧಿ,2012,ತಿಪಟೂರು/ತುಮಕೂರು,BAIF ಇನ್‌ಸ್ಟಿಟ್ಯೂಟ್ ಫಾರ್ ರೂರಲ್ ಡೆವಲಪ್‌ಮೆಂಟ್,ಮಲ್ಲಿಕಾರ್ಜುನಪ್ಪ ಕೆ,ಮಾಸಿಕ,ಕನ್ನಡ,,
3111,ವಾಸ್ತವ ಕರ್ನಾಟಕ,2012,ತುಮಕೂರು,ಎಚ್.ಎಲ್.ಸುರೇಶ್,ಎಚ್.ಎಲ್.ಸುರೇಶ್,ದೈನಿಕ,ಕನ್ನಡ,,
3112,ಜ್ಞಾನಸುಧಾ,2012,ಉಡುಪಿ,ಅಜೆಕಾರ್ ಪದ್ಮಾ ಗೋಪಾಲ ಎಜುಕೇಶನ್ ಟ್ರಸ್ಟ್‌ಗೆ ಸುದಾಕರ ಶೆಟ್ಟಿ,ಆದರ್ಶ ಗೋಖಲೆ ಬಿ,ತ್ರೈಮಾಸಿಕ,ಕನ್ನಡ,,
3113,ಅಘನಾಶಿನಿ,2012,ಕುಮಟಾ,,ದಿನೇಶಚಂದ್ರ ಅಂಗಡಿಕೇರಿ,ದೈನಿಕ,ಕನ್ನಡ,,
3114,ಸಮಾಜ ಮುಖಿ,2012,ಸಿದ್ಧಾಪುರ,ಕನ್ನೇಶ್ ಕೋಲಶಿರ್ಸಿ,ಕನ್ನೇಶ್ ಕೋಲಶಿರ್ಸಿ,ಸಾಪ್ತಾಹಿಕ,ಕನ್ನಡ,,
3115,ಸಪ್ತ ಸಾರ,2012,ದಾಂಡೇಲಿ,,,ಸಾಪ್ತಾಹಿಕ,ಕನ್ನಡ,,
3116,ಬಹುಜನ ನಾಯಕ,2012,ವಿಜಯಪುರ,ಸಂಘರ್ಷ ಹೊಸಮನಿ,ಸಂಘರ್ಷ ಹೊಸಮನಿ,ದೈನಿಕ,ಕನ್ನಡ,,
3117,ಉದಯ್ ವಾರ್ತೆ,2012,ವಿಜಯಪುರ,ಎಲ್ ಆರ್ ಮತ್ತು ಎಸ್ಟೇಟ್,ಎಲ್ ಆರ್ ಮತ್ತು ಎಸ್ಟೇಟ್,ದೈನಿಕ,ಕನ್ನಡ,,
3118,ವಚನ ಕ್ರಾಂತಿ,2013,ಬೀದರ್,ಬಾಬು ವಲಿ,ಬಾಬು ವಲಿ,ದೈನಿಕ,ಕನ್ನಡ,,
3119,ತೆರೆದ ಹೃದಯ,2013,ಬಾಗಲಕೋಟೆ,,ಆರ್ ಡಿ ಬಾಬು,ಮಾಸಿಕ,ಕನ್ನಡ,,
3120,ನಾಡಪ್ರಭು ಕೆಂಪೇಗೌಡ ಕಲನಶಾಸ್ತ್ರ,2013,ದೇವನಹಳ್ಳಿ,ಎಸ್ ರಾಜಯ್ಯ,ಎಸ್ ರಾಜಯ್ಯ,ಮಾಸಿಕ,ಕನ್ನಡ,,
3121,ಪ್ರಜಾ ನೋಟ,2013,ದೇವನಹಳ್ಳಿ,ಕೆ ಮುನಿರಾಜ್,ಕೆ ಮುನಿರಾಜ್,ಮಾಸಿಕ,ಕನ್ನಡ,,
3122,ಸುವರ್ಣ ಪಂಚಾಯತ್,2013,ದೊಡ್ಡಬಳ್ಳಾಪುರ,ಆನಂದ ರೆಡ್ಡಿ ಬಿ,ಆನಂದ ರೆಡ್ಡಿ ಬಿ,ಮಾಸಿಕ,ಕನ್ನಡ,,
3123,ವಿಜಯಪುರ ಧ್ವನಿ,2013,ದೇವನಹಳ್ಳಿ,ನರಸಿಂಹಮೂರ್ತಿ ವಿ,ನರಸಿಂಹಮೂರ್ತಿ ವಿ,ಮಾಸಿಕ,ಕನ್ನಡ,,
3124,ಭಾರತ: ತಾಯಿ,2013,ಬೆಳಗಾವಿ,ಎಸ್ ಡಿ ಚಕ್ರವರ್ತಿ,ಎಸ್ ಡಿ ಚಕ್ರವರ್ತಿ,ಸಾಪ್ತಾಹಿಕ,ಕನ್ನಡ,,
3125,ಗಗನ ಧ್ವಜ,2013,ಹೊಸಪೇಟೆ,ಮೋಹನ್ ಶಶಿಧರ್,ಮೋಹನ್ ಶಶಿಧರ್,ಸಾಪ್ತಾಹಿಕ,ಕನ್ನಡ,,
3126,ನೀಲಿ ಮೋಡ,2013,ಹಗರಿಬೊಮ್ಮನಹಳ್ಳಿ,ಬೆಸ್ತರ ಮಂಜುನಾಥ,ಬೆಸ್ತರ ಮಂಜುನಾಥ,ಪಾಕ್ಷಿಕ,ಕನ್ನಡ,,
3127,ಅಮರ ಬಾಪು ಚಿಂತನ,2013,ಬೆಂಗಳೂರು,ಜೆ.ಲೋಕೇಶ್,ಜೆ.ಲೋಕೇಶ್,ಮಾಸಿಕ,ಕನ್ನಡ,,
3128,ಬಸವ ಜ್ಯೋತಿ,2013,ಬೆಂಗಳೂರು,ಎಚ್.ಬಿ. ಕವನಾ,ಎಚ್.ಬಿ. ಕವನಾ,ಮಾಸಿಕ,ಕನ್ನಡ,,
3129,ಭೀಮಾ ಧ್ವನಿ,2013,ಬೆಂಗಳೂರು,ಎಚ್ ಕೃಷ್ಣಮೂರ್ತಿ,ಎಚ್ ಕೃಷ್ಣಮೂರ್ತಿ,ಮಾಸಿಕ,ಕನ್ನಡ,,
3130,ಭೀಮ್ ಹೊರಟ್,2013,ಬೆಂಗಳೂರು,ಅಶೋಕ್ ಬೆಳ್ಳಾವರ್,ಅಶೋಕ್ ಬೆಳ್ಳಾವರ್,ಪಾಕ್ಷಿಕ,ಕನ್ನಡ,,
3131,ವ್ಯಾಪಾರ ಗುರು,2013,ಬೆಂಗಳೂರು,ವೀರಣ್ಣ ರಾಯಣ್ಣ,ವೀರಣ್ಣ ರಾಯಣ್ಣ,ಪಾಕ್ಷಿಕ,ಕನ್ನಡ,,
3132,ವ್ಯಾಪಾರ ಗುರು,2013,ಬೆಂಗಳೂರು,ಕೆ ವಿ ಚೈತನ್ಯ,ಕೆ ವಿ ಚೈತನ್ಯ,ಮಾಸಿಕ,ಕನ್ನಡ,,
3133,ಚಿತ್ರ ಸಂತೆ,2013,ಬೆಂಗಳೂರು,ಗಿರೀಶ್ ವಿ ಗೌಡ,ಗಿರೀಶ್ ವಿ ಗೌಡ,ಪಾಕ್ಷಿಕ,ಕನ್ನಡ,,
3134,ಅಪರಾಧ ನೋಟಾ,2013,ಬೆಂಗಳೂರು,,ವಿ.ಸಾರಂಗಪಾಣಿ,ಮಾಸಿಕ,ಕನ್ನಡ,,
3135,ಅಪರಾಧ ಕಥೆ,2013,ಬೆಂಗಳೂರು,ಶಿವಪ್ರಸಾದ್ ಎನ್ ಕೆ,ಶಿವಪ್ರಸಾದ್ ಎನ್ ಕೆ,ಪಾಕ್ಷಿಕ,ಕನ್ನಡ/ ಇಂಗ್ಲೀಷ್,,
3136,ದಶ ಮುಖ,2013,ಬೆಂಗಳೂರು,ಎಚ್.ಕೆ.ಬೊಮ್ಮೇಗೌಡ,ಎಚ್.ಕೆ.ಬೊಮ್ಮೇಗೌಡ,ಮಾಸಿಕ,ಕನ್ನಡ,,
3137,ದಾವಣಗೆರೆ ಸದ್ದು,2013,ಬೆಂಗಳೂರು,ಯು ಎನ್ ಮಂಜುನಾಥ್,ಯು ಎನ್ ಮಂಜುನಾಥ್,ಮಾಸಿಕ,ಕನ್ನಡ/ ಇಂಗ್ಲೀಷ್,,
3138,ದೇವಿಶ್ರೀ ಜ್ಯೋತಿ,2013,ಬೆಂಗಳೂರು,ದೇವಿಶ್ರೀ,ದೇವಿಶ್ರೀ,ಸಾಪ್ತಾಹಿಕ,ಕನ್ನಡ,,
3139,ಧಾರ್ಮಿಕ ವಿಚಾರ,2013,ಬೆಂಗಳೂರು,ಜಾನಕಿ ರಾಮ್,ಜಾನಕಿ ರಾಮ್,ತ್ರೈಮಾಸಿಕ,ಕನ್ನಡ,,
3140,ದೃಶ್ಯ,2013,ಬೆಂಗಳೂರು,ವಿ ಚಂದ್ರಶೇಖರ್,ವಿ ಚಂದ್ರಶೇಖರ್,ಮಾಸಿಕ,ಕನ್ನಡ,,
3141,ಗರುಡ ಶಬ್ದ,2013,ಬೆಂಗಳೂರು,ರಘು ಕುಮಾರ್ ಎ,ರಘು ಕುಮಾರ್ ಎ,ಮಾಸಿಕ,ಕನ್ನಡ,,
3142,ಜ್ಞಾನ ಶಂಕರ,2013,ಬೆಂಗಳೂರು,ಜಿ ಶ್ರೀನಿವಾಸ,ಜಿ ಶ್ರೀನಿವಾಸ,,ಕನ್ನಡ,,
3143,ಜಸ್ಟ್ ಬೆಂಗಳೂರು,2013,ಬೆಂಗಳೂರು,ಕೆ ಜಿ ಜಯಪ್ರಕಾಶ್,ಕೆ ಜಿ ಜಯಪ್ರಕಾಶ್,ಸಾಪ್ತಾಹಿಕ,ಕನ್ನಡ,,
3144,ಕಲಾ ಸೌರಭ,2013,ಬೆಂಗಳೂರು,,ಜಿ.ಕೆ.ಗುಂಡೂರಾವ್,ತ್ರೈಮಾಸಿಕ,ಕನ್ನಡ,,
3145,ಕಲಸಂಪದ,2013,ಬೆಂಗಳೂರು,,ಜಿ.ಕೆ.ಗುಂಡೂರಾವ್,ತ್ರೈಮಾಸಿಕ,ಕನ್ನಡ,,
3146,ಖುಷಿ,2013,ಬೆಂಗಳೂರು,ಬಸವರಾಜು ಡಿ ಬಿ,ವಿಶ್ವೇಶ್ವರ ಭಟ್,ಸಾಪ್ತಾಹಿಕ,ಕನ್ನಡ,,
3147,ಕುಟುಂಬ ವಾರ್ತೆ,2013,ಬೆಂಗಳೂರು,NRHM ನಿರ್ದೇಶಕ,ಆರ್ ಆರ್ ಜೆನ್ನು,ಮಾಸಿಕ,ಕನ್ನಡ,,
3148,ನಾಯಕರ ಧ್ವನಿ,2013,ಬೆಂಗಳೂರು,ಜೆ ಕೆ ಮಹೇಶ್,ಜೆ ಕೆ ಮಹೇಶ್,ಮಾಸಿಕ,ಕನ್ನಡ,,
3149,ಮಧುರ ಸಿಹಿ,2013,ಬೆಂಗಳೂರು,ಡಿ.ಎಸ್.ಮಧುರ,ಡಿ.ಎಸ್.ಮಧುರ,ಮಾಸಿಕ,ಕನ್ನಡ,,
3150,ಮಹೇಶ್ ವಾಣಿ,2013,ಬೆಂಗಳೂರು,ಎನ್ ಮಹೇಶ್,ಎನ್ ಮಹೇಶ್,ಮಾಸಿಕ,ಕನ್ನಡ,,
3151,ಮಹಿಳಾ ಸುದ್ದಿ,2013,ಬೆಂಗಳೂರು,ಬಿ ಎನ್ ಕಾತ್ಯಾಯಿನಿ,ಬಿ ಎನ್ ಕಾತ್ಯಾಯಿನಿ,ಪಾಕ್ಷಿಕ/ಮಾಸಿಕ,ಕನ್ನಡ,,
3152,ನಮ್ಮ ವಿಜಯನಗರ,2013,ಬೆಂಗಳೂರು,ಬಸವರಾಜ ಪಾಟೀಲ,ಬಸವರಾಜ ಪಾಟೀಲ,ಸಾಪ್ತಾಹಿಕ,ಕನ್ನಡ,,
3153,ನವ ಕರ್ನಾಟಕ ಸೇನೆ,2013,ಬೆಂಗಳೂರು,ಆರ್. ಜೈಕುಮಾರಲ್,ಆರ್. ಜೈಕುಮಾರಲ್,ಮಾಸಿಕ,ಕನ್ನಡ,,
3154,ನವಭಾರತ ಚಿಂತನೆಗಳು,2013,ಬೆಂಗಳೂರು,,ಪಿ ವೆಂಕಟಮುನಿ,ಮಾಸಿಕ,ಕನ್ನಡ,,
3155,ಒಕ್ಕಲಿಗರ ಪ್ರಪಂಚ,2013,ಬೆಂಗಳೂರು,ಬಿ ಕೆಂಚಪ್ಪ ಗೌಡ,ಬಿ ಕೆಂಚಪ್ಪ ಗೌಡ,ಪಾಕ್ಷಿಕ,ಕನ್ನಡ,,
3156,ವೋನಕೆ ಒಬ್ಬವ್ವ,2013,ಬೆಂಗಳೂರು,ಲಕ್ಷ್ಮಮ್ಮ,ಲಕ್ಷ್ಮಮ್ಮ,ಮಾಸಿಕ,ಕನ್ನಡ,,
3157,ಪಲ್ಲವಿ ಧ್ವನಿ,2013,ಬೆಂಗಳೂರು,ಎಂ ರಮೇಶ್,ಎಂ ರಮೇಶ್,ಮಾಸಿಕ,ಕನ್ನಡ,,
3158,ಜನರ ಸುದ್ದಿ,2013,ಬೆಂಗಳೂರು,ನಾಗೇಶ್,ನಾಗೇಶ್,ಮಾಸಿಕ,ಕನ್ನಡ,,
3159,ಪ್ರಜಾ ಕೈ,2013,ಬೆಂಗಳೂರು,ಅಂಜನ್ ಕುಮಾರ್,ವಿ. ನಾಗರಾಜ್ / ಎಂ ಅಂಜನ್ ಕುಮಾರ್,ಪಾಕ್ಷಿಕ,ಕನ್ನಡ,,
3160,ಪ್ರಜಾ ಸೌರಭ,2013,ಬೆಂಗಳೂರು,ಹೆಚ್.ಸಿ. ಕೃಷ್ಣಪ್ಪ,ಹೆಚ್.ಸಿ. ಕೃಷ್ಣಪ್ಪ,ಮಾಸಿಕ,ಕನ್ನಡ,,
3161,ಸಾರ್ವಜನಿಕ ನುಡಿ,2013,ಬೆಂಗಳೂರು,ರುದ್ರ ಮುನಿ ಎಸ್ ವಿ,ರುದ್ರ ಮುನಿ ಎಸ್ ವಿ,ಮಾಸಿಕ,ಕನ್ನಡ,,
3162,ಸಾರ್ವಜನಿಕ ವಾರ್ತೆ,2013,ಬೆಂಗಳೂರು,ಕರ್ಣ ಡಿ,ಕರ್ಣ ಡಿ,ಮಾಸಿಕ,ಕನ್ನಡ,,
3163,ಸಾಗರ ವಾಣಿ,2013,ಬೆಂಗಳೂರು,ರಮಾನಂದ ಸಾಗರ್,ರಮಾನಂದ ಸಾಗರ್,ಸಾಪ್ತಾಹಿಕ,ಕನ್ನಡ,,
3164,ಘನ ಸಾರಥಿ,2013,ಬೆಂಗಳೂರು,ಎಂ ಶ್ರೀಕಾಂತ ಮೂರ್ತಿ,ಎಂ ಶ್ರೀಕಾಂತ ಮೂರ್ತಿ,ಪಾಕ್ಷಿಕ,ಕನ್ನಡ,,
3165,ಸ್ಪರ್ದಾ ಸೂರ್ಯ,2013,ಬೆಂಗಳೂರು,ಶಿವಶಂಕರ,ಶಿವಶಂಕರ,ಮಾಸಿಕ,ಕನ್ನಡ,,
3166,ಶ್ರೀ ದುರ್ಗಾದೇವಿ ವಾಣಿ,2013,ಬೆಂಗಳೂರು,ಪಂಡಿತ್ ಶ್ರೀ ಯೋಗಾಚಾರ್,ಪಂಡಿತ್ ಶ್ರೀ ಯೋಗಾಚಾರ್,ತ್ರೈಮಾಸಿಕ,ಕನ್ನಡ,,
3167,ಸುಗಂದ ಕರ್ನಾಟಕ,2013,ಬೆಂಗಳೂರು,ಕೆ ವಿ ಗೋಪಾಲಕೃಷ್ಣ,ಕೆ ವಿ ಗೋಪಾಲಕೃಷ್ಣ,ಮಾಸಿಕ,ಕನ್ನಡ,,
3168,ತೊಡೆಗಳ,2013,ಬೆಂಗಳೂರು,ಸುಷ್ಮಾ ಶಂಕರ್,ಸುಷ್ಮಾ ಶಂಕರ್,ಮಾಸಿಕ,ಕನ್ನಡ,,
3169,ಉದಯ ಪ್ರಭಾ,2013,ಬೆಂಗಳೂರು,ಎಲ್.ವೆಂಕಟೇಶ್,ಎಲ್.ವೆಂಕಟೇಶ್,ಮಾಸಿಕ,ಕನ್ನಡ,,
3170,ವಾಣಿಜ್ಯ ಲೇಖನಗಳು ಸುದ್ದಿ,2013,ಬೆಂಗಳೂರು,ಎನ್ ಶ್ರೀನಿವಾಸ್,ಎನ್ ಶ್ರೀನಿವಾಸ್,ಪಾಕ್ಷಿಕ,ಕನ್ನಡ,,
3171,ಅಪರಾಧದ ಧ್ವನಿ,2013,ಬೆಂಗಳೂರು,ಎಸ್ ಕೆ ನಾರಾಯಣಪ್ಪ,ಎಸ್ ಕೆ ನಾರಾಯಣಪ್ಪ,ಪಾಕ್ಷಿಕ,ಕನ್ನಡ,,
3172,ಆಶೀರ್ವದಿಸಿದ ಬೀಸು,2013,ಕೊಳ್ಳೆಗಾಲ,ಸಿ.ಆರ್.ಧರ್ಮರತ್ನಾಕರರಾಜ್,ಸಿ.ಆರ್.ಧರ್ಮರತ್ನಾಕರರಾಜ್,ಪಾಕ್ಷಿಕ,ಕನ್ನಡ,,
3173,ನಮಸ್ಕಾರ ರಾಜೇಶ್,2013,ಚಾಮರಾಜನಗರ,ಎಂ ಎಸ್ ಮೂರ್ತಿ,ಎಂ ಎಸ್ ಮೂರ್ತಿ,ಮಾಸಿಕ,ಕನ್ನಡ,,
3174,ಪ್ರಚಾರ ಮಿತ್ರ,2013,ಚಾಮರಾಜನಗರ,ಎಂ ಎನ್ ಮಹದೇವ,ಎಂ ಎನ್ ಮಹದೇವ,ಮಾಸಿಕ,ಕನ್ನಡ,,
3175,ಸಂವೇದನ,2013,ಚಾಮರಾಜನಗರ,ರವೀಂದ್ರ ಪ್ರಸಾದ್,ರವೀಂದ್ರ ಪ್ರಸಾದ್,ಮಾಸಿಕ,ಕನ್ನಡ,,
3176,ಸುದ್ದಿ ಬುದ್ದಿ,2013,ಚಾಮರಾಜನಗರ,ನಾಗೇಶ ಸೋಸಲೆ,ನಾಗೇಶ ಸೋಸಲೆ,ದೈನಿಕ,ಕನ್ನಡ,,
3177,ಜನ ಸಾಕ್ಷಿ,2013,ಚಿಕ್ಕಬಳ್ಳಾಪುರ,ಎಸ್.ಬಿ.ಶಿವಕುಮಾರ್,ಎಸ್.ಬಿ.ಶಿವಕುಮಾರ್,ದೈನಿಕ,ಕನ್ನಡ,,
3178,ಸಿದ್ಲಘಟ್ಟ ಕಾರ್ಪ್ಸ್,2013,ಶಿಡ್ಲಘಟ್ಟ/ಚಿಕ್ಕಬಳ್ಳಾಪುರ,ಮಂಜುಕಿರಣ್ ವಿ,ಮಂಜುಕಿರಣ್ ವಿ,ಸಾಪ್ತಾಹಿಕ,ಕನ್ನಡ,,
3179,ಕಾಗಿನೆಲಿ ಸಾಮ್ರಾಟ್ ಕನಕ ಮಿತ್ರ,2013,ಚಿಕ್ಕಮಗಳೂರು,ಗೋಪಾಲಕೃಷ್ಣ,ಗೋಪಾಲಕೃಷ್ಣ,ಪಾಕ್ಷಿಕ,ಕನ್ನಡ,,
3180,ಮಲೆನಾಡ ಮಿಂಚು,2013,ಚಿಕ್ಕಮಗಳೂರು,ಪ್ರಸನ್ನ ಕುಮಾರ,ಪ್ರಸನ್ನ ಕುಮಾರ,ಪಾಕ್ಷಿಕ,ಕನ್ನಡ,,
3181,ಮಾರ್ಗ ಪ್ರಭಾ,2013,ಕಡೂರು/ಚಿಕ್ಕಮಗಳೂರು,ಸಿ ಸಿ ದಿವಾಕರ್,ಸಿ ಸಿ ದಿವಾಕರ್,ಪಾಕ್ಷಿಕ,ಕನ್ನಡ,,
3182,ಸತ್ಯಪ್ರಭಾ,2013,ತರಿಕೆರೆ/ಚಿಕ್ಕಮಗಳೂರು,ಬಿ.ಎನ್.ನಾಗರಾಜ,ಬಿ.ಎನ್.ನಾಗರಾಜ,ಪಾಕ್ಷಿಕ,ಕನ್ನಡ,,
3183,ಶ್ರುತ ಭಂಡಾರ,2013,ಚಿಕ್ಕಮಗಳೂರು,ಆರ್ ಎನ್ ಜಯ ಕೀರ್ತಿ ಜೈನ್,ಆರ್ ಎನ್ ಜಯ ಕೀರ್ತಿ ಜೈನ್,ಪಾಕ್ಷಿಕ,ಕನ್ನಡ,,
3184,ದಾವಣಗೆರೆ ಸದ್ದು,2013,ದಾವಣಗೆರೆ,ಯು.ಎನ್.ಮಂಜುನಾಥ,ಯು.ಎನ್.ಮಂಜುನಾಥ,ಮಾಸಿಕ,ಕನ್ನಡ,,
3185,ಪ್ರಜಾ ಅಗ್ನಿ,2013,ದಾವಣಗೆರೆ,,ಶಿವಶಂಕರ್: ಐ,ಸಾಪ್ತಾಹಿಕ,ಕನ್ನಡ,,
3186,ಹುಬ್ಬಳ್ಳಿಯವ,2013,ಧಾರವಾಡ,ಮನೋಜ್ ಪಾಟೀಲ್,ಮನೋಜ್ ಪಾಟೀಲ್,ಸಾಪ್ತಾಹಿಕ,ಕನ್ನಡ,,
3187,ಜ್ಞಾನ ಸಂಗತಿ,2013,ಧಾರವಾಡ,ರೇಣುಕಾ ಎಲ್ ಉಪ್ಪಾರ್,ರೇಣುಕಾ ಎಲ್ ಉಪ್ಪಾರ್,ಮಾಸಿಕ,ಕನ್ನಡ,,
3188,ಆಧ್ಯಾತ್ಮಿಕ ರಹಸ್ಯಗಳು,2013,ಮಂಗಳೂರು,ಸತೀಶ್ ಕುಮಾರ್ ಕೋಟೇಶ್ವರ,ಸತೀಶ್ ಕುಮಾರ್ ಎಸ್,ಮಾಸಿಕ,ಕನ್ನಡ,,
3189,ಬ್ಯಾಲೆರೆನಿಯಾ,2013,ಮಂಗಳೂರು,ಅಜ್ಞಾಸೋಹಂ,ತಾರನಾಥ್ ವರ್ಕಾಡಿ,ಮಾಸಿಕ,ಕನ್ನಡ,,
3190,ಬಂಟರ ವಾಹಿನಿ,2013,ಮಂಗಳೂರು,ಪ್ರದೀಪ್ ಕುಮಾರ್ ರೈ,ಪ್ರದೀಪ್ ಕುಮಾರ್ ರೈ,ಮಾಸಿಕ,ಕನ್ನಡ,,
3191,ಗಡಿನಾಡ ಧ್ವನಿ,2013,ಪುತ್ತೂರು/ದಕ್ಷಿಣಕನ್ನಡ,ಎಸ್.ಅಬೂಬಕರ್,ಎಸ್.ಅಬೂಬಕರ್,ಮಾಸಿಕ,ಕನ್ನಡ,,
3192,ಜಿಡಿಸಿ ನ್ಯೂಸ್,2013,ಸೂರತ್‌ಕಲ್/ದಕ್ಷಿಣಕನ್ನಡ,ಗೋವಿಂದ ದಾಸ ಕಾಲೇಜು,ಗೋವಿಂದ ದಾಸ ಕಾಲೇಜಿನ ಪತ್ರಿಕೋದ್ಯಮ ವಿಭಾಗ,ಮಾಸಿಕ,ಕನ್ನಡ,,
3193,ಭಾರತೀಯ ಸುದ್ದಿ,2013,ಮಂಗಳೂರು,,,ಪಾಕ್ಷಿಕ,ಕನ್ನಡ,,
3194,ಸಾರ್ವಜನಿಕ ವಿಮೋಚನೆ,2013,ಬೆಳ್ತಂಡಡಿ/ದಕ್ಷಿಣಕನ್ನಡ,ಚನ್ನಕೇಶವ,ಚನ್ನಕೇಶವ,ಸಾಪ್ತಾಹಿಕ,ಕನ್ನಡ,,
3195,ಕರವಾಲಿ ಕೇಸರಿ,2013,ಮಂಗಳೂರು,ರಾಜನ್ ಕುಮಾರ್.,ರಾಜನ್ ಕುಮಾರ್.,ಮಾಸಿಕ,ಕನ್ನಡ,,
3196,ಮಂಗಳೂರು ಹವಾಯಕ್ ಯೋಗ್ಯ,2013,ಮಂಗಳೂರು,ಸಾವಿತ್ರಿ ಮ್ ಭಟ್ ಫಾರ್ ದಕ್ಷಿಣ  ಕನ್ನಡ ಹವ್ಯಕ ಮಹಾಜನ ಸಭಾ,ಎನ್ ಸುಬ್ರಾಯ ಭಟ್,ಮಾಸಿಕ,ಕನ್ನಡ,,
3197,ಪುಣ್ಯತೀರ್ಥ,2013,ಮಂಗಳೂರು,,ಬಾಲಕೃಷ್ಣ,,ಕನ್ನಡ,,
3198,ಸಂಖ್‌ಗಳು,2013,ಮಂಗಳೂರು,ತುಳಸಿ ಆರ್.ಜೆ. ಡಿಸೋಜಾ,ತುಳಸಿ ಆರ್.ಜೆ. ಡಿಸೋಜಾ,ಮಾಸಿಕ,ತುಳು,,
3199,ಸತ್ಯಧರ,2013,ದಕ್ಷಿಣಕನ್ನಡ,ಅಹ್ಮದ್ ಜಲೀಲ್ ಪಾತ್ರದಲ್ಲಿ ಮುಹಮ್ಮದ್ ಶರೀಫ್,ಎಸ್ ಒತ್ಮಾನ್ ಅಬ್ದುಲ್ಲಾ ಮುಬದ್ದರ್,,ಕನ್ನಡ,,
3200,ಸುನ್ನಿ ಇಂದು,2013,ಮಂಗಳೂರು,ಮುಹಮ್ಮದ್ ಹನೀಫ್,ಮುಹಮ್ಮದ್ ಹನೀಫ್,ಪಾಕ್ಷಿಕ,ಕನ್ನಡ,,
3201,ಟೈಮ್ಸ್ ಆಫ್ ಬೆದ್ರಾ,2013,ಮಂಗಳೂರು,ಜೇಸನ್ ಮಾರ್ಷಲ್ ಸೋರೆಸ್,ಜೇಸನ್ ಟಾಕೋಡ್ / ಜೇಸನ್ ಮಾರ್ಷಲ್ ಸೋರೆಸ್,ಸಾಪ್ತಾಹಿಕ,ಕನ್ನಡ,,
3202,ವಿಮೋಚನೆಯ ರಥ,2013,ಮಂಗಳೂರು,ಪದ್ಮನಾಭ,ಪದ್ಮನಾಭ,ಸಾಪ್ತಾಹಿಕ,ಕನ್ನಡ,,
3203,ಅರಕಲಗೂಡು ಮಿತ್ರ,2013,ಅರಕಲಗೂಡು/ಹಾಸನ,ಎ.ಆರ್.ಸುಬ್ಬರಾವ್,ಎ.ಆರ್.ಸುಬ್ಬರಾವ್,ಸಾಪ್ತಾಹಿಕ,ಕನ್ನಡ,,
3204,ಕ್ರೇಜಿ ವಾಯ್ಸ್,2013,ಹಾಸನ,ಪಿ ಆರ್ ಸಂಪತ್‌ಕುಮಾರ್,ಬೋರೇಹಳ್ಳಿ ವೆಂಕಟೇಶ್,ಸಾಪ್ತಾಹಿಕ,ಕನ್ನಡ,,
3205,ಹಾಸನ ಜಿಲ್ಲಾ ಅಪರಾಧ ಕಥೆ,2013,ಹಾಸನ,,ಎಂ ಜಿ ಮಂಜುನಾಥ್/ ಅರುಣಂದ,ಮಾಸಿಕ,ಕನ್ನಡ,,
3206,ಹಾಸನ ಸುದ್ದಿ,2013,ಹಾಸನ,ಎ ಕೆ ವೆಂಕಟೇಶ್,ಎ ಕೆ ವೆಂಕಟೇಶ್,ಪಾಕ್ಷಿಕ,ಕನ್ನಡ,,
3207,ಶೇಖರ್ ಪತ್ರಿಕೆ,2013,ಹಾಸನ,ಎ ಶೇಖರ್,ಎ ಶೇಖರ್,ಪಾಕ್ಷಿಕ,ಕನ್ನಡ,,
3208,ಚಿತ್ರ ಸುದ್ದಿ,2013,ಕಲಬುರ್ಗಿ,ಕಿಶೋರ್ ಸಿಂಗ್,ಕಿಶೋರ್ ಸಿಂಗ್,ದೈನಿಕ,ಕನ್ನಡ,,
3209,ಕೊಡಗಿನ ಕೂಗು,2013,ಮಡಿಕೇರಿ,ಶಶಿ ಕಿರಣ್ ಎಸ್ ಆರ್,ಶಶಿ ಕಿರಣ್ ಎಸ್ ಆರ್,ಪಾಕ್ಷಿಕ,ಕನ್ನಡ,,
3210,ದೇವನಹಳ್ಳಿ ಎಕ್ಸ್‌ಪ್ರೆಸ್,2013,ಕೋಲಾರ,,ಎನ್ ಮಧು,ದೈನಿಕ,ಕನ್ನಡ,,
3211,ಕೋಲಾರ ಕಿರಣ,2013,ಕೋಲಾರ,ಮೊಹಮ್ಮದ್ ಚಾಂದ್ ಪಾಷಾ,ಮೊಹಮ್ಮದ್ ಚಾಂದ್ ಪಾಷಾ,ದೈನಿಕ,ಕನ್ನಡ,,
3212,ಕೋಲಾರದ ಧ್ವನಿ,2013,ಕೋಲಾರ,ಎಂ ವಿ ವೇಣುಗೋಪಾಲ್,ಎಂ ವಿ ವೇಣುಗೋಪಾಲ್,ಸಾಪ್ತಾಹಿಕ,ಕನ್ನಡ,,
3213,ಸಂಜ್ಜೆ ಲೋಕ,2013,ಗಂಗಾವತಿ,ಗಿರೀಶ್ ಕುಲಕರ್ಣಿ,ಗಿರೀಶ್ ಕುಲಕರ್ಣಿ,ದೈನಿಕ,ಕನ್ನಡ,,
3214,ಹಳೇ ಮೈಸೂರು,2013,ಮಂಡ್ಯ,ಎಸ್ ಸಿ ಸತೀಶ್,ಎಂ.ಬಿ.ನಾಗಣ್ಣ/ಎಸ್ ಸಿ ಸತೀಶ್,ದೈನಿಕ,ಕನ್ನಡ,,
3215,ಮುಂಜಾನೆ,2013,ಮಂಡ್ಯ,ಆರ್ ಲೀಲಾ ಗೋಪಾಲ್,ಆರ್ ಲೀಲಾ ಗೋಪಾಲ್/ ತಿರುಮಲಾಪುರ ಗೋಪಾಲ್,ದೈನಿಕ,ಕನ್ನಡ,,
3216,ಪಿವಿಆರ್ ಪತ್ರಿಕೆ,2013,ಮಂಡ್ಯ,ಪಿ.ವೆಂಕಟರಾಮಯ್ಯ,ಪಿ.ವೆಂಕಟರಾಮಯ್ಯ,ದೈನಿಕ,ಕನ್ನಡ,,1980
3217,ಸಂಜೆ ದೀಪ,2013,ಮಂಡ್ಯ,ಎಚ್ ವಿ ಪುಟ್ಟಸ್ವಾಮಿ,ಎಚ್ ವಿ ಪುಟ್ಟಸ್ವಾಮಿ,ದೈನಿಕ,ಕನ್ನಡ,,
3218,ಏಕದಂತ,2013,ಮೈಸೂರು,ಬಿ ಬಿ ಶ್ರೀಕಂಠರಾಜ್ ಉರ್ಸ,ಬಿ ಬಿ ಶ್ರೀಕಂಠರಾಜ್ ಉರ್ಸ,ಮಾಸಿಕ,ಕನ್ನಡ,,
3219,ಸಂಜೆ ದೀಪ,2013,ಮೈಸೂರು,ಎಚ್ ವಿ ಪುಟ್ಟಸ್ವಾಮಿ,ಎಚ್ ವಿ ಪುಟ್ಟಸ್ವಾಮಿ,ದೈನಿಕ,ಕನ್ನಡ,,
3220,ವಿಜಯ ಮಿತ್ರ,2013,ಮೈಸೂರು,ಎಂ.ಕೋಮಲಾ,ಎಂ.ಕೋಮಲಾ,ದೈನಿಕ,ಕನ್ನಡ,,
3221,ವಿಜಯನಗರ ಎಕ್ಸ್‌ಪ್ರೆಸ್,2013,ರಾಯಚೂರು,ಜಿ.ಕೃಷ್ಣ,ಜಿ.ಕೃಷ್ಣ,ಪಾಕ್ಷಿಕ,ಕನ್ನಡ,,
3222,ಕಾರ್ತಿ ರಂಗ,2013,ಚನ್ನಪಟ್ಟಣ,ಚಿತ್ರಾ ಎಂ.ಆರ್,ಎಸ್.ಎನ್. ನಂದಕುಮಾರ್,ದೈನಿಕ,ಕನ್ನಡ,,
3223,ಕ್ಷೀರ ಸಂಪದ,2013,ರಾಮನಗರ,ಸಿದ್ದಲಿಂಗೇಗೌಡ,ಸಿದ್ದಲಿಂಗೇಗೌಡ,ಪಾಕ್ಷಿಕ,ಕನ್ನಡ,,
3224,ಸಮಾಲೋಚನೆ,2013,ರಾಮನಗರ,ಕೆ.ನರಸಿಂಗ ರಾವ್,ಕೆ.ನರಸಿಂಗ ರಾವ್,ದೈನಿಕ,ಕನ್ನಡ,,
3225,ಈ ಹೋರಾಟ,2013,ಶಿವಮೊಗ್ಗ,ಆರ್ ಶಿವಣ್ಣ,ಆರ್ ಶಿವಣ್ಣ,ಸಾಪ್ತಾಹಿಕ,ಕನ್ನಡ,,
3226,ಹೊಸ ಚಂದ್ರೋದಯ,2013,ಶಿವಮೊಗ್ಗ,ಸೈಯದ್ ಸುಯಬ ಪರ್ವೀನ್,ಸೈಯದ್ ಸುಯಬ ಪರ್ವೀನ್,ಸಾಪ್ತಾಹಿಕ,ಕನ್ನಡ,,
3227,ಮಲೆನಾಡು ಸಮೀಕ್ಷಾ,2013,ಕೊಪ್ಪ,ಹಾತೂರು ಪ್ರಭಾಕರ್,ಹಾತೂರು ಪ್ರಭಾಕರ್,ಪಾಕ್ಷಿಕ,ಕನ್ನಡ,,
3228,ಶಿವಮೊಗ್ಗ ಕನ್ನಡಿ,2013,ಶಿವಮೊಗ್ಗ,ಫಾತಿಮಾ ಬಿ,ಫಾತಿಮಾ ಬಿ,ಸಾಪ್ತಾಹಿಕ,ಕನ್ನಡ,,
3229,ಗಡಿನಾಡು ಮಿತ್ರ,2013,ತುಮಕೂರು,ಟಿ.ಎ.ರಾಮಾಂಜನಪ್ಪ,ಟಿ.ಎ.ರಾಮಾಂಜನಪ್ಪ,ಪಾಕ್ಷಿಕ,ಕನ್ನಡ,,
3230,ಕ್ರಾಂತಿಯ ಸಂಪದ,2013,ತುಮಕೂರು,ವಾಜಿದ್ ಖಾನ್,ವಾಜಿದ್ ಖಾನ್,ಸಾಪ್ತಾಹಿಕ,ಕನ್ನಡ,,
3231,ವಿಶಾಲ ಪ್ರಭಾ,2013,ತುಮಕೂರು,ವಿ.ವೆಂಕಟೇಶ್,ವಿ.ವೆಂಕಟೇಶ್,ದೈನಿಕ,ಕನ್ನಡ,,
3232,ಬ್ಯಾಲೆರೆನಿಯಾ,2013,ಉಡುಪಿ,ಅಗ್ನಸೋಹಂ ಪ್ರಕಾಶನ,ತಾರಾನಾಥ ವರ್ಕಾಡಿ,ಮಾಸಿಕ,ಕನ್ನಡ,,
3233,ಭೂಮಿ ವಾಣಿ,2013,ವಿಜಯಪುರ,,ಎಸ್ ಡಿ ಕುಮಾನಿ,ದೈನಿಕ,ಕನ್ನಡ,,
3234,ಓ ದಯಾಸಾಗರ್,2014,ಬೀದರ್,ರಾಜು ಕಡ್ಯಾಲ್,ಜಾಫೆಟ್ ಕಡ್ಯಾಲ್/ರಾಜು ಕಡ್ಯಾಲ್,ದೈನಿಕ,ಕನ್ನಡ,,
3235,ಬೀದರ್ ಎಕ್ಸ್‌ಪ್ರೆಸ್,2014,ಬೀದರ್,ಅನಿಲ್ ಕುಮಾರ್ ಕುಲಕರ್ಣಿ,ಅನಿಲ್ ಕುಮಾರ್ ಕುಲಕರ್ಣಿ,ದೈನಿಕ,ಕನ್ನಡ,,
3236,ಬೀದರ್ ಕಾಹಳೆ,2014,ಬೀದರ್,ಗಣಪತಿ,ಗಣಪತಿ,ದೈನಿಕ,ಕನ್ನಡ,,
3237,ಪೃಥ್ವಿ ರಹಸ್ಯ,2014,ಬೀದರ್,ಪೃಥ್ವಿ ರಾಜ್ ಎಸ್,ಪೃಥ್ವಿ ರಾಜ್ ಎಸ್,ದೈನಿಕ,ಕನ್ನಡ,,
3238,ಉಸೂಲ್ಲಾ,2014,ಬೀದರ್,ಶಾಕಾ ಮಾರುತಿರಾವ್,ಶಾಕಾ ಮಾರುತಿರಾವ್,ದೈನಿಕ,ಕನ್ನಡ,,
3239,ಪ್ರಜಾ ದೇವಿಗೆ,2014,ಬಾಗಲಕೋಟೆ,,ಮುದುಕಪ್ಪ ಎಂ ಪೂಜಾರ್/ಸಿತಿಮಾ ವಜ್ಜಲ/ಎಂ ಸಂಜಯ್,ಮಾಸಿಕ,ಕನ್ನಡ,,
3240,ಚಿನ್ನದ ಪೆನ್,2014,ದೇವನಹಳ್ಳಿ,ಎ ಸೀತಾರಾಮಯ್ಯ,ಎ ಸೀತಾರಾಮಯ್ಯ,ಪಾಕ್ಷಿಕ,ಕನ್ನಡ,,
3241,ವೀರಭದ್ರ ವಾಣಿ,2014,ದೊಡ್ಡಬಳ್ಳಾಪುರ,ಆರ್ ಮಹೇಶ್,ಆರ್ ಮಹೇಶ್,ಪಾಕ್ಷಿಕ,ಕನ್ನಡ,,
3242,ವಿಶ್ವ ಸಂಘರ್ಷ,2014,ದೇವನಹಳ್ಳಿ,ಎಂ.ಪ್ರೇಮಕುಮಾರ್,ಎಂ.ಪ್ರೇಮಕುಮಾರ್,ಮಾಸಿಕ,ಕನ್ನಡ,,
3243,ಧ್ವನಿ ಆಫ್ ರಾಜಕೀಯ,2014,ವಿಜಯಪುರ/ದೇವನಹಳ್ಳಿ,ಎಂ ಮುನಿಕೃಷ್ಣಪ್ಪ,ಎಂ ಮುನಿಕೃಷ್ಣಪ್ಪ,ಪಾಕ್ಷಿಕ,ಕನ್ನಡ/ ಇಂಗ್ಲೀಷ್,,
3244,ನಮಸ್ಕಾರ ಸಂಡೂರ್,2014,ಸಂಡೂರು,ಕೆ.ಗೋಪಾಲ್,ಕೆ.ಗೋಪಾಲ್,ಪಾಕ್ಷಿಕ,ಕನ್ನಡ,,
3245,ಅಮೃತ ಸ್ಪರ್ಶ,2014,ಬೆಂಗಳೂರು,ಟಿ ಎಸ್ ಶಿವಲಿಂಗಪ್ಪ,ಟಿ ಎಸ್ ಶಿವಲಿಂಗಪ್ಪ,ಮಾಸಿಕ,ಕನ್ನಡ,,
3246,ಬೆಂಗಳೂರು ಮೆಡಿಕಲ್ ನಿವ್ಸ್,2014,ಬೆಂಗಳೂರು,ಬಿ.ಎನ್. ಸತೀಶ್ ಚಂದ್ರ,ಬಿ.ಎನ್. ಸತೀಶ್ ಚಂದ್ರ,ಮಾಸಿಕ,ಕನ್ನಡ/ ಇಂಗ್ಲೀಷ್,,
3247,ಬೆಲ್ಲಿ ಚುಕ್ಕಿ,2014,ಬೆಂಗಳೂರು,ಡಿ ಕೆ ಮೋಹನಕುಮಾರ್,ಡಿ ಕೆ ಮೋಹನಕುಮಾರ್,ಮಾಸಿಕ,ಕನ್ನಡ,,
3248,ಬೆಂಗಳೂರು ಕರಾವಳಿ ಜ್ಯೋತಿ,2014,ಬೆಂಗಳೂರು,ಉದಯ ಕುಮಾರ್,ಉದಯ ಕುಮಾರ್,ತ್ರೈಮಾಸಿಕ,ಕನ್ನಡ,,
3249,ಬ್ರಸ್ತಾರ ಬೇಟೆ,2014,ಬೆಂಗಳೂರು,ನಾರಾಯಣಪ್ಪ ಎಸ್ ಕೆ,ನಾರಾಯಣಪ್ಪ ಎಸ್ ಕೆ,ಮಾಸಿಕ,ಕನ್ನಡ,,
3250,ಭ್ರಷ್ಟರಿಗೆ ನೇರ ಬ್ರಹ್ಮಸ್ತ್ರ,2014,ಬೆಂಗಳೂರು,ವಿ.ಸಾರಂಗಪಾಣಿ,ವಿ.ಸಾರಂಗಪಾಣಿ,ಪಾಕ್ಷಿಕ,ಕನ್ನಡ,,
3251,ಚಾಲಕ ಮಿತ್ರ,2014,ಬೆಂಗಳೂರು,ಕೃಷ್ಣಪ್ಪ,ಕೃಷ್ಣಪ್ಪ,ಮಾಸಿಕ,ಕನ್ನಡ,,
3252,ನಾಗರಿಕ ಸುದ್ದಿ,2014,ಬೆಂಗಳೂರು,ಬಾಬು ಕೆ ಶ್ರೀರಾಮ್,ಬಾಬು ಕೆ ಶ್ರೀರಾಮ್,ಸಾಪ್ತಾಹಿಕ,ಕನ್ನಡ,,
3253,ಸಿಟಿ ಕ್ರೈಮ್ ಮಿರರ್,2014,ಬೆಂಗಳೂರು,ಬಿ ಗೋಪಿನಾಯ್ಡು,ಬಿ ಗೋಪಿನಾಯ್ಡು,ಮಾಸಿಕ,ಕನ್ನಡ,,
3254,ದಿಗ್ವಿಜಯ ಭಾರತ,2014,ಬೆಂಗಳೂರು,ಬಿ ಎನ್ ಯೋಗೇಶ್ ಕುಮಾರ್,ಬಿ ಎನ್ ಯೋಗೇಶ್ ಕುಮಾರ್,ಪಾಕ್ಷಿಕ,ಕನ್ನಡ,,
3255,ಇದು ಸಾಕ್ಷಿ ವಾಣಿ,2014,ಬೆಂಗಳೂರು,ಕೆ ಕೆಂಪನಾಗರಾಜ,ಕೆ ಕೆಂಪನಾಗರಾಜ,ಪಾಕ್ಷಿಕ,ಕನ್ನಡ,,
3256,ಅರಣ್ಯ ವರದಿಗಾರ,2014,ಬೆಂಗಳೂರು,ಈ ಆರ್ ರವೀಂದ್ರ,ಈ ಆರ್ ರವೀಂದ್ರ,,ಕನ್ನಡ,,
3257,ಗಂಬೀರ ಸಿಂಹ,2014,ಬೆಂಗಳೂರು,ದರ್ಶನ್ ಎಸ್ ನಾಯ್ಕ್,ದರ್ಶನ್ ಎಸ್ ನಾಯ್ಕ್,ಮಾಸಿಕ,ಕನ್ನಡ,,
3258,ಹರಿತ ಪೆನ್ನು,2014,ಬೆಂಗಳೂರು,ಎಸ್ ಮುನಿರಾಜ್,ಎಸ್ ಮುನಿರಾಜ್,ಸಾಪ್ತಾಹಿಕ,ಕನ್ನಡ,,
3259,ಹೇ ದೇವನಹಳ್ಳಿ,2014,ಬೆಂಗಳೂರು,ಟಿಎಂ ನಾಗರಾಜ್,ಟಿಎಂ ನಾಗರಾಜ್,ಮಾಸಿಕ,ಕನ್ನಡ,,
3260,ಹಿಮಾಗ್ನಿ,2014,ಬೆಂಗಳೂರು,ಸ್ವಾಮಿಗೌಡ ಎಸ್ ಎಂ,ಸ್ವಾಮಿಗೌಡ ಎಸ್ ಎಂ,ಸಾಪ್ತಾಹಿಕ,ಕನ್ನಡ,,
3261,ಹೊಯ್ಸಳ ಕಿರಣ,2014,ಬೆಂಗಳೂರು,ವಿ ಕೃಷ್ಣಯ್ಯ,ವಿ ಕೃಷ್ಣಯ್ಯ,ದೈನಿಕ,ಕನ್ನಡ,,
3262,ಜಾಗೃತಗೊಳ್ಳಿ,2014,ಬೆಂಗಳೂರು,ಆರ್.ವೀರಭದ್ರ ಸ್ವಾಮಿ,ಆರ್.ವೀರಭದ್ರ ಸ್ವಾಮಿ,ಮಾಸಿಕ,ಕನ್ನಡ,,
3263,ಜನರ ಪ್ರತಿನಿಧಿ,2014,ಬೆಂಗಳೂರು,ಎಸ್ ಎಂ ಮಹೇಶ,ಎಸ್ ಎಂ ಮಹೇಶ,ಸಾಪ್ತಾಹಿಕ,ಕನ್ನಡ,,
3264,ಕಲಾ ಸರಸ್ವತಿ,2014,ಬೆಂಗಳೂರು,ಎನ್ ಶಿವಕುಮಾರ್,ಎನ್ ಶಿವಕುಮಾರ್,ಮಾಸಿಕ,ಕನ್ನಡ,,
3265,ಕಲಿಯುಗ ಕಲ್ಕಿ,2014,ಬೆಂಗಳೂರು,ಎಚ್ ಬಾಲರಾಜ್,ಎಚ್ ಬಾಲರಾಜ್,ಮಾಸಿಕ,ಕನ್ನಡ,,
3266,ಕಾರ್ಮಿಕರ ಸುದ್ದಿ,2014,ಬೆಂಗಳೂರು,ಪುಂಡರೀಕ ವರದರಾಜು,ಪುಂಡರೀಕ ವರದರಾಜು,ಮಾಸಿಕ,ಕನ್ನಡ,,
3267,ಕರ್ನಾಟಕ ಸಮಸ್ಥ ಸುದ್ದಿ,2014,ಬೆಂಗಳೂರು,ವಿ.ವಿಧಿಯಾ ಶ್ರೀ,ವಿ.ವಿಧಿಯಾ ಶ್ರೀ,ಪಾಕ್ಷಿಕ,ಕನ್ನಡ,,
3268,ಕಸ್ತುರಿ ಪ್ರಭಾ,2014,ಬೆಂಗಳೂರು,ಎನ್.ವೇಣುಗೋಪಾಲ್,ಎನ್.ವೇಣುಗೋಪಾಲ್,ಮಾಸಿಕ,ಕನ್ನಡ,,
3269,ಜೀವನ 360,2014,ಬೆಂಗಳೂರು,,ಬಿ.ಗಣಪತಿ,ಪಾಕ್ಷಿಕ,ಕನ್ನಡ,,
3270,ಮಂಡ್ಯ ಮಿತ್ರ,2014,ಬೆಂಗಳೂರು,ಚೆನ್ನೇಗೌಡ,ಚೆನ್ನೇಗೌಡ,ಮಾಸಿಕ,ಕನ್ನಡ,,
3271,ಮಿಂಚಿನ ಓಟ,2014,ಬೆಂಗಳೂರು,,,ಸಾಪ್ತಾಹಿಕ,ಕನ್ನಡ,,
3272,ಮುಜರಾಯಿ ವಾರ್ತೆ,2014,ಬೆಂಗಳೂರು,ಟಿ ಕುಮಾರಸ್ವಾಮಿ,ಟಿ ಕುಮಾರಸ್ವಾಮಿ,ಮಾಸಿಕ,ಕನ್ನಡ,,
3273,ನಮ್ಮ ಭಾರತೀಯ ಶಿಕ್ಷಣ,2014,ಬೆಂಗಳೂರು,ಟಿ ಎಸ್ ಅರುಣಾ,ಟಿ ಎಸ್ ಅರುಣಾ,ಮಾಸಿಕ,ದ್ವಿಭಾಷಿಕ,,
3274,ನಿಮ್ಮ ನಾಯಕ,2014,ಬೆಂಗಳೂರು,ಎಂ ರಾಮ,ಎಂ ರಾಮ,ಮಾಸಿಕ,ಕನ್ನಡ,,
3275,ಪರಿಸರ ಜಗತ್,2014,ಬೆಂಗಳೂರು,ಎನ್.ಶಿವರಾಜು,ಎನ್.ಶಿವರಾಜು,ಮಾಸಿಕ,ಕನ್ನಡ,,
3276,ಸಾರ್ವಜನಿಕ ಪಡೆ,2014,ಬೆಂಗಳೂರು,ಎಲ್ ಗುರುಪ್ರಸಾದ್,ಎಲ್ ಗುರುಪ್ರಸಾದ್,ಪಾಕ್ಷಿಕ,ಕನ್ನಡ,,
3277,ರಂಗ ವಿನೋದ,2014,ಬೆಂಗಳೂರು,ಮೈಸೂರು ರಮಾನಂದ್,ಮೈಸೂರು ರಮಾನಂದ್,ಮಾಸಿಕ,ಕನ್ನಡ/ ಇಂಗ್ಲೀಷ್,,
3278,ಸಕಲ ಬಂಧು,2014,ಬೆಂಗಳೂರು,ಬಿ ಸಿ ರಾಮಲಿಂಗಯ್ಯ,ಬಿ ಸಿ ರಾಮಲಿಂಗಯ್ಯ,ಸಾಪ್ತಾಹಿಕ,ಕನ್ನಡ,,
3279,ಸ್ಯಾಂಡಲ್‌ವುಡ್ ತಾರೆಯರು,2014,ಬೆಂಗಳೂರು,,ಮನೋಜನ ಗಲಗಲಿ,ಮಾಸಿಕ,ಕನ್ನಡ,,
3280,ಸ್ಯಾಂಡಲ್‌ವುಡ್ ಟೈಮ್ಸ್,2014,ಬೆಂಗಳೂರು,ವಿ ಸುಬ್ರಮಣಿ,ವಿ ಸುಬ್ರಮಣಿ,ಪಾಕ್ಷಿಕ,ಕನ್ನಡ,,
3281,ಸುದ್ದಿ ಸಂಗ್ರಹ,2014,ಬೆಂಗಳೂರು,ಶ್ರೀನಿವಾಸ್.ಎಂ,ಶ್ರೀನಿವಾಸ್.ಎಂ,ಮಾಸಿಕ,ಕನ್ನಡ,,
3282,ಸುದ್ದಿ ಸ್ಪರ್ಶ,2014,ಬೆಂಗಳೂರು,ಎನ್.ಲಕ್ಷ್ಮಿ ನಾರಾಯಣ,ಎನ್.ಲಕ್ಷ್ಮಿ ನಾರಾಯಣ,ಮಾಸಿಕ,ಕನ್ನಡ,,
3283,ವಾಲ್ಮೀಕಿ ವಾಹಿನಿ,2014,ಬೆಂಗಳೂರು,ಎಚ್.ತಿಪ್ಪೇಸ್ವಾಮಿ,ಎಚ್.ತಿಪ್ಪೇಸ್ವಾಮಿ,ಮಾಸಿಕ,ಕನ್ನಡ,,
3284,ವಸ್ತ್ರದಾತ,2014,ಬೆಂಗಳೂರು,ರಾಮಸ್ವಾಮಿ,ರಾಮಸ್ವಾಮಿ,ಮಾಸಿಕ,ಕನ್ನಡ,,
3285,ಅಕ್ಷಯ್ ಅವರ ಧ್ವನಿ,2014,ಬೆಂಗಳೂರು,ನರಸಿಂಹ ಮೂರ್ತಿ,ನರಸಿಂಹ ಮೂರ್ತಿ,ಮಾಸಿಕ,ಕನ್ನಡ,,
3286,ಮೇಯು,2014,ಚಾಮರಾಜನಗರ,ಎಂ ಪಿ ಪುಟ್ಟಸೋಮಾರಾಧ್ಯ,ಎಂ ಪಿ ಪುಟ್ಟಸೋಮಾರಾಧ್ಯ,ತ್ರೈಮಾಸಿಕ,ಕನ್ನಡ,,
3287,ಕರುನಾಡ ದೀಪ,2014,ಬಾಗೇಪಲ್ಲಿ,ಎ ರಮೇಶ್,ಎ ರಮೇಶ್,ಮಾಸಿಕ,ಕನ್ನಡ,,
3288,ಕಾಯಕ ವಾರ್ತೆ,2014,ಚಿಂತಾಮಣಿ,ಲಕ್ಷ್ಮೀಶ್ ಪ್ರಿಂಟರ್ಸ್,ಮಂಜುನಾಥ ಸಿಂಗ್,ಪಾಕ್ಷಿಕ,ಕನ್ನಡ,,
3289,ಗಿರಿ ದಿಗಂತ,2014,ಕಡೂರು/ಚಿಕ್ಕಮಗಳೂರು,ಬಿ.ಆರ್. ಕುಮಾರ್,ಬಿ.ಆರ್. ಕುಮಾರ್,ಪಾಕ್ಷಿಕ,ಕನ್ನಡ,,
3290,ಜಿಲ್ಲಾ ಮಂಥನ,2014,ಕಡೂರು/ಚಿಕ್ಕಮಗಳೂರು,ಟಿ.ಪ್ರಕಾಶ್,ಟಿ.ಪ್ರಕಾಶ್,ಪಾಕ್ಷಿಕ,ಕನ್ನಡ,,
3291,ದುರ್ಗದ ಧ್ವನಿ,2014,ಚಿತ್ರದುರ್ಗ,ವಿ.ಶ್ರೀನಿವಾಸ ನಾಯ್ಕ,ವಿ.ಶ್ರೀನಿವಾಸ ನಾಯ್ಕ,ದೈನಿಕ,ಕನ್ನಡ,,
3292,ರಾಜ ಹುಲಿ,2014,ಚಿತ್ರದುರ್ಗ,ಎಸ್ ಜಯಣ್ಣ,ಎಸ್ ಜಯಣ್ಣ,ದೈನಿಕ,ಕನ್ನಡ,,
3293,ಅಲ್ ಇಫ್ತಿತಾ,2014,ದಕ್ಷಿಣಕನ್ನಡ,ಕೆ ಮೊಹಮ್ಮದ್ ರಿಯಾಜ್,ಅಲ್ ಇಫ್ತಿಹ್ತಾ ಪ್ರಕಟಣೆ,Special Edition,ಕನ್ನಡ,,
3294,ಅಮೃತ ಪ್ರಕಾಶ,2014,ದಕ್ಷಿಣಕನ್ನಡ,ಮಾಲತಿ ಶೆಟ್ಟಿ ಮಣೂರು,ಮಾಲತಿ ಶೆಟ್ಟಿ ಮಣೂರು,ಮಾಸಿಕ,ಕನ್ನಡ,,
3295,ಗಾಳಿ ಸುದ್ದಿ,2014,ಕಾರ್ಕಳ/ದಕ್ಷಿಣಕನ್ನಡ,ಕೆ.ದಯಾನಂದ ಪೈ,ಕೆ.ದಯಾನಂದ ಪೈ,ದೈನಿಕ,ಕನ್ನಡ,,
3296,ಜ್ಞಾನ ಸಂಸ್ಕಾರ,2014,ಮಂಗಳೂರು,ಪುರಾಣಿಕ್.ಎಂ.ಬಿ,ಪುರಾಣಿಕ್.ಎಂ.ಬಿ,ತ್ರೈಮಾಸಿಕ,ಕನ್ನಡ,,
3297,ಜ್ಞಾನ ಸಂಸ್ಕಾರ ಕನ್ನಡ,2014,ಪುತ್ತೂರು,ಶಶಿಧರ ರೈ ಎ ಕುಟಾಯಲ,ದಕ್ಷಿಣ ಕನ್ನಡ,ದೈನಿಕ,ಕನ್ನಡ,,
3298,ಕ್ರೀಡಾ ದರ್ಶಿನಿ,2014,ಮಂಗಳೂರು,ಸುಬ್ರಹ್ಮಣ್ಯ.ಕೆ.ಎಂ,ಸುಬ್ರಹ್ಮಣ್ಯ.ಕೆ.ಎಂ,ಮಾಸಿಕ,ಕನ್ನಡ,,
3299,ನಮ್ಮ ಧ್ವನಿ,2014,ಪುತ್ತೂರು/ದಕ್ಷಿಣಕನ್ನಡ,ಅಮ್ಮ ಪ್ರತಿಷ್ಠಾನಕ್ಕೆ ಉದಯ್ ಸಾರಂಗ್,ಉದಯ್ ಸಾರಂಗ್,ಮಾಸಿಕ,ಕನ್ನಡ,,
3300,ನಮ್ಮ ಧ್ವನಿ,2014,ಮುಲ್ಕಿ/ದಕ್ಷಿಣಕನ್ನಡ,ನರೇಂದ್ರ ಎಂ ಪೂಜಾರಿ,ನರೇಂದ್ರ ಎಂ ಪೂಜಾರಿ,ಮಾಸಿಕ,ಕನ್ನಡ,,
3301,ಸಮಸ್ತವಾಣಿ,2014,ಮಂಗಳೂರು,ದಿಲೀಪ್ ರೈ,ದಿಲೀಪ್ ರೈ,ಮಾಸಿಕ,ಕನ್ನಡ,,
3302,ಸಮುದ್ರದ ಧ್ವನಿ,2014,ಮಂಗಳೂರು,ಯಶವಂತ ಬೋಳೂರು,ಯಶವಂತ ಬೋಳೂರು,ಮಾಸಿಕ,ಕನ್ನಡ,,
3303,ಶ್ರೀ ತುಳಸಿ,2014,ದಕ್ಷಿಣಕನ್ನಡ,ಶಿವಳ್ಳಿ ಬ್ರಾಹ್ಮಣಸಂಗ,ಶ್ರೀ ತುಳಸಿ,ಮಾಸಿಕ,ಕನ್ನಡ,,
3304,ವರಿಸ್ತಾ ವಾಣಿ,2014,ಮಂಗಳೂರು,ಮಂಗಳೂರು ಹಿರಿಯ ನಾಗರಿಕರ ಸಂಘ,ಟಿ.ಜಿ.ಶೆಣೈ ಮತ್ತಿತರರಿದ್ದರು,ಮಾಸಿಕ,ಕನ್ನಡ,,
3305,ಅನಂತ್ ಲೇಖನಿ,2014,ಗದಗ,,ಅನಂತ್ ಶ್ರೀನಿವಾಸರಾವ್ ಕಾರ್ಕಲ್,ಪಾಕ್ಷಿಕ,ಕನ್ನಡ,,
3306,ಜಿನಾ ಸಾರತಿ,2014,ಹಾಸನ,,ಪದ್ಮರಾಜ ಬಿ.ವೈ,ಮಾಸಿಕ,ಕನ್ನಡ,,
3307,ಕಲ್ಯಾಣ ಕ್ರಾಂತಿ,2014,ಕಲಬುರ್ಗಿ,ವೀರೇಶ ಮಾಲಗಾರ,ಸಿದ್ದಣ್ಣ ಮಾಲಗಾರ / ವೀರೇಶ ಮಾಲಗಾರ,ದೈನಿಕ,ಕನ್ನಡ,,
3308,ರೈತ ಶಕ್ತಿ,2014,ಕೋಲಾರ,ಎಚ್.ಕೆ.ನಾರಾಯಣಗೌಡ,ಎಚ್.ಕೆ.ನಾರಾಯಣಗೌಡ,ದೈನಿಕ,ಕನ್ನಡ,,
3309,ಹೊಸ ಔಷಧೀಯ ವಾರ್ತೆ,2014,ಗಂಗಾವತಿ,ಅಶೋಕಸ್ವಾಮಿ ಹೀರೂರ್,ಅಶೋಕಸ್ವಾಮಿ ಹೀರೂರ್,ಮಾಸಿಕ,ಕನ್ನಡ,,
3310,ಕೋಟೆ ಕದಂಬ,2014,ಕೊಪ್ಪ,ನಿಂಗಪ್ಪ.ಎಂ.ದೊಡ್ಡ ಮಣಿ,ನಿಂಗಪ್ಪ.ಎಂ.ದೊಡ್ಡಮನಿ/ ಮಂಜುನಾಥ ಜಿ ಗೊಂಡಬಾಳ,ಪಾಕ್ಷಿಕ,ಕನ್ನಡ,,
3311,ಬಾರುಕೋಲು,2014,ಮೈಸೂರು,ಟಿ.ಪದ್ಮಶ್ರೀ,ರಂಗಸ್ವಾಮಿ ಬಿ ಆರ್,ಪಾಕ್ಷಿಕ,ಕನ್ನಡ,,
3312,ಜನಪರ ವಾಣಿ,2014,ನಂಜನಗೂಡು,ಎನ್ ಮಹದೇವಸ್ವಾಮಿ,ಎನ್ ಮಹದೇವಸ್ವಾಮಿ,ಮಾಸಿಕ,ಕನ್ನಡ,,
3313,ಕನ್ನಡ ಜನ್ಮನಾ,2014,ಮೈಸೂರು,ಕಿರಣ್ ಕುಮಾರ್ ಕೆ.,ಕಿರಣ್ ಕುಮಾರ್ ಕೆ.,ದೈನಿಕ,ಕನ್ನಡ,,
3314,ಕಾವೇರಿ ಸಂಗಮ,2014,ಮೈಸೂರು,ಶಶಿಕಾಂತ ಎಸ್ ಆರ್,ಶಶಿಕಾಂತ ಎಸ್ ಆರ್,ಪಾಕ್ಷಿಕ,ಕನ್ನಡ,,
3315,ಓಂ ಪತ್ರಿಕೆ,2014,ಮೈಸೂರು,ಆರ್ ವಿ ಹಿರೇಮಟ್,ಆರ್ ವಿ ಹಿರೇಮಟ್,ಮಾಸಿಕ,ಕನ್ನಡ,,
3316,ಪ್ರಜಾ ಮಂಥನ,2014,ಮೈಸೂರು,ಎಸ್ ಆರ್ ಶ್ರೀಧರ,ಎಸ್ ಆರ್ ಶ್ರೀಧರ,ಮಾಸಿಕ,ಕನ್ನಡ,,
3317,ಬಂಕಿ ಬೆಳಕು,2014,ರಾಯಚೂರು,ಗುರುನಾಥ್,ಆರ್ ಮಾನಸಯ್ಯ/ ಗುರುನಾಥ್,ಪ್ರತಿ ಸಂಜೆ,ಕನ್ನಡ,,
3318,ಜನಸಾಮ್ರಾಟ್,2014,ರಾಯಚೂರು,ಶಿವರಾಜ್ ಸರ್ ನಾಯಕ್,ಶಿವರಾಜ್ ಸರ್ ನಾಯಕ್,ಪಾಕ್ಷಿಕ,ಕನ್ನಡ,,
3319,ಜನವಾದಿ,2014,ರಾಯಚೂರು,ಕಳಸಾ ಪ್ರಿಂಟಿಂಗ್ & ಪಬ್ಲಿಕೇಷನ್ಸ್,ಕಳಸ ಮಹಾನ್ ಬಸವರಾಜಪ್ಪ,ದೈನಿಕ,ಕನ್ನಡ,,
3320,ರಾಯಚೂರು ಖರ್ಗ,2014,ರಾಯಚೂರು,ರಂಗಸ್ವಾಮಿ,ರಂಗಸ್ವಾಮಿ,ಪಾಕ್ಷಿಕ,ಕನ್ನಡ,,
3321,ರಾಯಚೂರಿನ ನಕ್ಷತ್ರ,2014,ರಾಯಚೂರು,ಮಹಾನಂದ,ಮಹಾನಂದ,ದೈನಿಕ,ಕನ್ನಡ,,
3322,ಸುದ್ದಿ ಸಮರ,2014,ರಾಯಚೂರು,ಮಹಾನಂದ,ನಾಗರಾಜ ಸುತ್ತಿ/ಆರ್. ವಿ ವೀರಭದ್ರ,ಪಾಕ್ಷಿಕ,ಕನ್ನಡ,,
3323,ಕನ್ನಡಿಗರ ಆಸ್ತಿ,2014,ರಾಮನಗರ,ಆನಂದ್.ಎಸ್,ಆನಂದ್.ಎಸ್,ಮಾಸಿಕ,ಕನ್ನಡ,,
3324,ದೈವಜ್ಞ ಕಿರಣ,2014,ತಿಪಟೂರು,ಎಸ್ ಗಣೇಶ್,ಎಸ್ ಗಣೇಶ್,ಮಾಸಿಕ,ಕನ್ನಡ,,
3325,ಜಯನುಡಿ,2014,ತುಮಕೂರು,ಸಿ.ಜಯಣ್ಣ,ಸಿ.ಜಯಣ್ಣ,ಪಾಕ್ಷಿಕ,ಕನ್ನಡ,,
3326,ಸಾರ್ವಜನಿಕ ಕಾನೂನು,2014,ತುಮಕೂರು,,ಆರ್.ಎನ್. ಶೆಟ್ಟರ್,ಪಾಕ್ಷಿಕ,ಕನ್ನಡ,,
3327,ಅಧ್ಯಾತ್ಮ ರಹಸ್ಯ,2014,ಉಡುಪಿ,ಓಂ ಶಾಂತಿ ನಿರ್ಮಾಣಕ್ಕೆ ಎಸ್ ಸತೀಶ್ ಕುಮಾರ್,ಎಸ್ ಸತೀಶ್ ಕುಮಾರ್,ಮಾಸಿಕ,ಕನ್ನಡ,,
3328,ಗಾಳಿಸುದ್ದಿ,2014,ಕಾರ್ಕಳ/ಉಡುಪಿ,ಕೆ ದಯಾನಂದ ಪೈ,ಕೆ ದಯಾನಂದ ಪೈ,ದೈನಿಕ,ಕನ್ನಡ,,
3329,ಕಡಲ ಕೂಗು ಪತ್ರಿಕೆ,2014,ಕುಂದಾಪುರ,ಗಣೇಶ್ ಪಿ,ಗಣೇಶ್ ಪಿ,ಪಾಕ್ಷಿಕ,ಕನ್ನಡ,,
3330,ನಮ್ಮ ಕಮಲಾ,2014,ಉಡುಪಿ,ಶ್ರೀನಿವಾಸ ಪೂಜಾರಿ,ಶ್ರೀನಿವಾಸ ಪೂಜಾರಿ,ಮಾಸಿಕ,ಕನ್ನಡ,,
3331,ಪ್ರಸಿದ್ಧ ಪ್ಯಾಟ್ರಿಕ್,2014,ಉಡುಪಿ,ಸಂತೋಷ್ ಎ ಸುವರ್ಣ,ಸಂತೋಷ್ ಎ ಸುವರ್ಣ,ಸಾಪ್ತಾಹಿಕ,ಕನ್ನಡ,,
3332,ಪುನರ್ವಸು,2014,ಉಡುಪಿ,ಅಭಿ ಪ್ರಕಾಶನ,ಕೊಡಂಕೂರು ದೇವರಾಜ ಮೂರ್ತಿ,,ಕನ್ನಡ,,
3333,ಕನ್ನಡda ಹಣತೆ,2014,ಹೊನ್ನಾವರ,ಅರವಿಂದ ಕರ್ಕಿಕೋಡಿ,ಅರವಿಂದ ಕರ್ಕಿಕೋಡಿ,ಸಾಪ್ತಾಹಿಕ,ಕನ್ನಡ,,
3334,ಸಿರಿ ಸಿರಿ,2014,ಶಿರಸಿ,ಎಂ.ಆರ್. ಸಚಿನ್,ಎಂ.ಆರ್. ಸಚಿನ್,ಸಾಪ್ತಾಹಿಕ,ಕನ್ನಡ/ ಇಂಗ್ಲೀಷ್,,
3335,ನವನಾದ ಕರ್ನಾಟಕ,2014,ವಿಜಯಪುರ,ಸೀತಾರಾಮ ಸಿ.ಕುಲಕರಣಿ,ಸೀತಾರಾಮ ಸಿ.ಕುಲಕರಣಿ,ದೈನಿಕ,ಕನ್ನಡ,,
3336,ಪುಲಿಯನ್ ಸಾಮ್ರಾಜ್ಯ,2014,ವಿಜಯಪುರ,ಮಾಡ್ಯಾಳ ಅಭ್ಯಾಸ ಮಾಡಿ,ಮಾಡ್ಯಾಳ ಅಭ್ಯಾಸ ಮಾಡಿ,ಪಾಕ್ಷಿಕ,ಕನ್ನಡ,,
3337,ತನುವಾಣಿ,2014,ವಿಜಯಪುರ,ಸುರೇಶ್ ಎಸ್. ನಿಡೋನ್ನಿ,ಸುರೇಶ್ ಎಸ್. ನಿಡೋನ್ನಿ,ದೈನಿಕ,ಕನ್ನಡ,,
3338,ಗಜಕೇಸರಿ,2015,ಬೆಂಗಳೂರು,ಲಕ್ಷ್ಮಣ ಎಂ,ಲಕ್ಷ್ಮಣ ಎಂ,ಮಾಸಿಕ,ಕನ್ನಡ,,
3339,ಸ್ವತಂತ್ರ ಪ್ಯಾಟ್ರಿಕ್,2015,ಬೆಂಗಳೂರು,ವಿಶ್ವನಾಥ ರೆಡ್ಡಿ,ಯುಧಿಷ್ಠಿರ ಜಿ.ಎಸ್,,ಕನ್ನಡ,,
3340,ಯುವ ಬೃಹತ್ ಧ್ವನಿ,2015,ಬೆಂಗಳೂರು,ಎಂ ಆರ್ ರಫೀಕ್,ಎಂ ಆರ್ ರಫೀಕ್,ಪಾಕ್ಷಿಕ,ಕನ್ನಡ,,
3341,ಅದಾಬಿ ಅಕ್ಕಸ್,,ಬೀದರ್,,,ದೈನಿಕ,ಉರ್ದು,,
3342,ಸುರ್ಖ್ ಜಮೀನ್,,ಬೀದರ್,ಕ್ವಾಜಿ ಅರ್ಶೆದ್ ಅಲಿ,ಕ್ವಾಜಿ ಅರ್ಶೆದ್ ಅಲಿ,ದೈನಿಕ,ಉರ್ದು,,
3343,ರೈತ ಮಿತ್ರ,,ಬಾಗಲಕೋಟೆ,ವೈ.ಆರ್. ಕಂಬಾರ,ವೈ.ಆರ್. ಕಂಬಾರ,ತ್ರೈಮಾಸಿಕ,ಕನ್ನಡ,,
3344,ಸಂತ ವಾಣಿ,,ಬನಹಟ್ಟಿ,ಭಾಸ್ಕರ್ ಗಿವಾಜ್ ಕೊರ್ಪಡೆ/ಗಿರೀಶ್ ಮುದ್ರಾಣ ಮಂದಿರ,ಪ್ರಕಾಶ್,,ಕನ್ನಡ,,
3345,ದುರ್ಗಾ ದರ್ಶನ,,ಬೆಳಗಾವಿ,ಜೆವಾ ಶಿವ ಚಾರಿಟೇಬಲ್ ಟ್ರಸ್ಟ್,,ಮಾಸಿಕ,ಕನ್ನಡ,,
3346,ಮಧುರವಾಣಿ,,ಬೆಳಗಾವಿ,ಬುಲಿ ಶ್ರೀನಿವಾಸಾಚಾರ್ಯ,ಬುಲಿ ಶ್ರೀನಿವಾಸಾಚಾರ್ಯ,ಮಾಸಿಕ,ಸಂಸ್ಕೃತ,,
3347,ಅಚ್ಯುತ ಭಾರತ,,ಹೊಸಪೇಟೆ,ಶ್ರೀ ಅಚ್ಯುತ ಯೋಗ ವಿದ್ಯಾ ಪೀಠ,ಬಿ ಎಸ್ ಭಾಸ್ಕರ್,ಮಾಸಿಕ,ಕನ್ನಡ,,
3348,ಬುಡಕಟ್ಟು ಅದ್ಯಯನ,,ಹಂಪಿ,"ಪ್ರಸಾರಾಂಗ, ಕನ್ನಡ ವಿಶ್ವವಿದ್ಯಾಲಯ",,,ಕನ್ನಡ,,
3349,ಚರಿತ್ರೆ ಅಧ್ಯಾಯನ,,ಹಂಪಿ,"ಪ್ರಸಾರಾಂಗ, ಕನ್ನಡ ವಿಶ್ವವಿದ್ಯಾಲಯ",,,ಕನ್ನಡ,,
3350,ಜಗದ್ಗುರು ವಾಣಿ,,ಬಳ್ಳಾರಿ,ಕೆ ಪಾರ್ವತಿ ಕುಮಾರ್,ಕೆ ಪಾರ್ವತಿ ಕುಮಾರ್/ ಜೆ ಎನ್ ಮೂರ್ತಿ,ಮಾಸಿಕ,ಕನ್ನಡ,,
3351,ಕನ್ನಡ ಅದ್ಯಾಯನ,,ಹಂಪಿ,"ಪ್ರಸಾರಾಂಗ, ಕನ್ನಡ ವಿಶ್ವ ವಿದ್ಯಾನಿಲಯ",,ಮಾಸಿಕ,ಕನ್ನಡ,,
3352,ಅಬಕಾರಿ ಆರಕ್ಷಕ,,ಬೆಂಗಳೂರು,ಹಲ್ಲೆಗೆರೆ ಶಂಕರ್,ಹಲ್ಲೆಗೆರೆ ಶಂಕರ್,ಪಾಕ್ಷಿಕ,ಕನ್ನಡ,,
3353,ಆದರ್ಶ ದಂಪತ್ತಿ,,ಬೆಂಗಳೂರು,ಆರ್ ಬಾಲಕೃಷ್ಣ,ಆರ್ ಬಾಲಕೃಷ್ಣ,ಮಾಸಿಕ,ಕನ್ನಡ,,
3354,ಅಡಿಕೆ ಳಿವರಿಗೆ ಅದುನಿಕ ಬೇಸಾಯ ಕ್ರಮಗಳು,,ಬೆಂಗಳೂರು,ಕೃಷಿ ವಿಶ್ವವಿದ್ಯಾನಿಲಯ ಕರ್ನಾಟಕ ರಾಜ್ಯ ವ್ಯವಸಾಯ ಇಳಕೆ,,,ಕನ್ನಡ,,
3355,ಅಖಿಲ ಭಾರತ ಪತ್ರಿಕೆ,,ಬೆಂಗಳೂರು,ಅಜಿತ್ ಎಸ್ ಸಬ್ನಿಸ್,ಡಾ. ಕೆ ಎಸ್ ಅಮೂರ್,ಮಾಸಿಕ,ಕನ್ನಡ,"1971, Pub : Aravinda Partha",
3356,ಆಲ್ರೌಂಡರ್ 1,,ಬೆಂಗಳೂರು,ಅಬ್ದುಲ್ ಹಕೀಂ,ಅಬ್ದುಲ್ ಹಕೀಂ,ಸಾಪ್ತಾಹಿಕ,ಕನ್ನಡ,,
3357,ಅನಿಕೇತನ,,ಬೆಂಗಳೂರು,ಕರ್ನಾಟಕ ಶಿತ್ಯಾ ಅಕಾಡೆಮಿ,"ಬಿ.ವೈ ಲಲಿತಾಂಬ, ಆರ್ ಸುಂದರಂ ಮತ್ತು ಎಚ್.ಎಸ್.ವೆಂಕಟೇಶ್ ಮೂರ್ತಿ",ತ್ರೈಮಾಸಿಕ,ಕನ್ನಡ,,
3358,ಅಂಕುಶ,,ಬೆಂಗಳೂರು,ಆರ್ ಬಾಲಾಜಿ,ಆರ್ ಬಾಲಾಜಿ,ಮಾಸಿಕ,ಕನ್ನಡ,,
3359,ಅನುಕಲ್ಮಶಾ,,ಬೆಂಗಳೂರು,,,,ಕನ್ನಡ,,
3360,ಅರಗಿಣಿ,,ಬೆಂಗಳೂರು,,,ಸಾಪ್ತಾಹಿಕ,ಕನ್ನಡ,,"1985, Pub: K M Sampangi riramaiah ,T Venkates h"
3361,ಅರಳುವ ಮೊಗ್ಗು,,ಬೆಂಗಳೂರು,,ಎಚ್ ಕೆ ಸಾವಿತ್ರಿ,ತ್ರೈಮಾಸಿಕ,ಕನ್ನಡ,,
3362,ಬಿ ಜೆ ಪಿ ಸಮಾಚಾರ,,ಬೆಂಗಳೂರು,ರಾಜಾಚಾರ್,ರಾಜಾಚಾರ್,,ಕನ್ನಡ,,
3363,ಬಾಲ ಮಿತ್ರ,,ಬೆಂಗಳೂರು,,,ಮಾಸಿಕ,ಕನ್ನಡ,,
3364,ಬಾಮಿನಿ,,ಬೆಂಗಳೂರು,ದೀಪ್ತಿ,ದೀಪ್ತಿ,ಮಾಸಿಕ,ಕನ್ನಡ,,
3365,ಬೆಂಗಳೂರು 1,,ಬೆಂಗಳೂರು,,,ಸಾಪ್ತಾಹಿಕ,ಕನ್ನಡ,,
3366,ಬರಿ ವಾರೆ ಕೋರೆ,,ಬೆಂಗಳೂರು,ಪ್ರಕಾಶ್ ಶೆಟ್ಟಿ,ಪ್ರಕಾಶ್ ಶೆಟ್ಟಿ,ಮಾಸಿಕ,ಕನ್ನಡ,,
3367,ಬೀಮಾ,,ಬೆಂಗಳೂರು,,,,ಕನ್ನಡ,,
3368,ಬೆಳ್ಳಿ ಮೋಡ,,ಬೆಂಗಳೂರು,ಗುರುಪಾದ ಸೊರಗಂದ,ಸೋಮಾಲಿ ಪಾಟೀಲ್,,ಕನ್ನಡ,,
3369,ಗುಂಪು,,ಬೆಂಗಳೂರು,ಕೃಷಿ ವಿಶ್ವವಿದ್ಯಾಲಯ,,,ಕನ್ನಡ,,
3370,ಭವತರಂಗ,,ಬೆಂಗಳೂರು,ಎಂ ಶಾಂತ ಕುಮಾರಿ,ಎಂ ಶಾಂತ ಕುಮಾರಿ,ಮಾಸಿಕ,ಕನ್ನಡ,,
3371,ಭಯಂಕರ,,ಬೆಂಗಳೂರು,,ವಿನೋದ್,ಮಾಸಿಕ,ಕನ್ನಡ,,
3372,ಭೀಮ,,ಬೆಂಗಳೂರು,,,,ಕನ್ನಡ,,
3373,Bindu,,ಬೆಂಗಳೂರು,ಬಿ.ರಾಘವನ್ ರಾವ್,ಬಿ.ರಾಘವನ್ ರಾವ್,ಮಾಸಿಕ,ಕನ್ನಡ,,
3374,ಒಳಾಂಗಣದಲ್ಲಿ,,ಬೆಂಗಳೂರು,,,ಮಾಸಿಕ,ಕನ್ನಡ,,
3375,ಬುದ್ಧ ಧಮ್ಮ,,ಬೆಂಗಳೂರು,ಭೂಧಾ ವಚನ ಟ್ರಸ್ಟ್,,,ಕನ್ನಡ,,
3376,ಕರ್ನಾಟಕದಲ್ಲಿ ವಿಶ್ವವಿದ್ಯಾಲಯ ಮತ್ತು ಕಾಲೇಜು ಶಿಕ್ಷಕರ ಸಂಘದ ಒಕ್ಕೂಟದ ಬುಲೆಟಿನ್ -FUCTAK,,ಬೆಂಗಳೂರು,,,ಮಾಸಿಕ,ಕನ್ನಡ,,
3377,ಚೈತ್ರ ರಶ್ಮಿ,,ಬೆಂಗಳೂರು,ರಾಮಚಂದ್ರ ಹೆಗಡೆ,ರಾಮಚಂದ್ರ ಹೆಗಡೆ,ಮಾಸಿಕ,ಕನ್ನಡ,,
3378,ಚೈತ್ರ ರಶ್ಮಿ,,ಬೆಂಗಳೂರು,,,ಮಾಸಿಕ,,,
3379,ಚಂದನ,,ಬೆಂಗಳೂರು,ಕನ್ನಡ ಸಾಹಿತ್ಯ ಅಕಾಡೆಮಿ,,,ಕನ್ನಡ,,
3380,ಚಾರ್ಲು ಅವರ ಜ್ಯೋತಿಷ್ಯ ಇಂದು,,ಬೆಂಗಳೂರು,,,ಮಾಸಿಕ,ಕನ್ನಡ,,
3381,ಚಿಣ್ಣರ ಚೇತನ,,ಬೆಂಗಳೂರು,,,,ಕನ್ನಡ,,
3382,ಚಿರತೆ ಹೆಜ್ಜೆ,,ಬೆಂಗಳೂರು,ಡಿ ಮಹಾದೇವ,ಡಿ ಮಹಾದೇವ,,ಕನ್ನಡ,,
3383,ಚಿತ್ರಾವತಿ,,ಬೆಂಗಳೂರು,,ಡಿ.ಶೇಷರಾಘವಾಚಾರ್,,ಕನ್ನಡ,"1974-80, Pub: D Sesharaghavac har",1972
3384,ಸಿನಿ ಜೋಶ್,,,,,,,,
3385,ಸಿನಿಮಾತಾರೆ,,ಬೆಂಗಳೂರು,,,ಪಾಕ್ಷಿಕ,ಕನ್ನಡ,,
3386,ದೈವೀಕ ಜ್ಯೋತಿಷಿ,,ಬೆಂಗಳೂರು,ಜ್ಞಾನ ಪ್ರಕಾಶ್,ಜ್ಞಾನ ಪ್ರಕಾಶ್,ಮಾಸಿಕ,ಕನ್ನಡ,,
3387,ದಾಸ ಬಂಧು,,ಬೆಂಗಳೂರು,ಭದ್ರಗಿರಿ ಸರ್ವೋತ್ತಮ ಪೈ,ಭದ್ರಗಿರಿ ಕೇಶವದಾಸರು/ಸಂತ ಶ್ರೀ ಬದ್ರಗಿರಿ ಅಚ್ಯುತ ದಾಸರು,ಮಾಸಿಕ,ಕನ್ನಡ,,
3388,ದೇಶ ಕಲಾ ಕನ್ನಡ,,ಬೆಂಗಳೂರು,ವಿವೇಕ ಶಾನಭಾಗ,ವಿವೇಕ ಶಾನಭಾಗ,ತ್ರೈಮಾಸಿಕ,ಕನ್ನಡ,,
3389,ದೇವಾಂಗ,,ಬೆಂಗಳೂರು,,,ಮಾಸಿಕ,ಕನ್ನಡ,,
3390,ಧರ್ಮಶ್ರೀ,,ಬೆಂಗಳೂರು,ವಿಶ್ವ ಹಿಂದೂ ಪರಿಷತ್,,,ಕನ್ನಡ,,
3391,ಧಾರ್ಮಿಕ ವಾಣಿ,,ಬೆಂಗಳೂರು,ಅನುರಾಗ್ ಪಬ್ಲಿಕೇಷನ್ಸ್,,ಮಾಸಿಕ,ಕನ್ನಡ,,
3392,ಈ ಕ್ರಾಂತಿ,,ಬೆಂಗಳೂರು,ಮುರುಗೇಶ್ ಹಿಟ್ಟಿ,ಮುರುಗೇಶ್ ಹಿಟ್ಟಿ,ಪಾಕ್ಷಿಕ,ಕನ್ನಡ,,
3393,ಗಮಕ,,ಬೆಂಗಳೂರು,ಬಿ ಜಿ ರಮೇಶ್,,ಮಾಸಿಕ,ಕನ್ನಡ,,
3394,ಗರುಡ ವಾರ್ತೆ,,ಬೆಂಗಳೂರು,ಡಿ ಸಿ ಸಿದ್ದಪ್ಪ,ಡಿ ಸಿ ಸಿದ್ದಪ್ಪ,ಮಾಸಿಕ,ಕನ್ನಡ,,
3395,ಗೆಳತಿ ರಾಗಿಣಿ,,ಬೆಂಗಳೂರು,,ಶ್ರೀಧರ ದೇಶ ಕುಲಕರ್ಣಿ,,ಕನ್ನಡ,,
3396,ಜ್ಞಾನ ಸುಧಾ,,ಬೆಂಗಳೂರು,ಜ್ಞಾನ ಜ್ಯೋತಿ ಕಲಾ ಮಂದಿರ,,ತ್ರೈಮಾಸಿಕ,ಕನ್ನಡ,"1967-70, Pub: Gnana Jyothi Kala Mandira, Edi: Danvantari madhava murthy, Devudu sadashiva, K S Sulibele",
3397,ಗೌರಿ ಲಂಕೇಶ್,,ಬೆಂಗಳೂರು,ಗೌರಿ ಲಂಕೇಶ್,ಗೌರಿ ಲಂಕೇಶ್,ಪಾಕ್ಷಿಕ,ಕನ್ನಡ,"1967-70, Pub: Gnana Jyothi Kala Mandira, Edi: Danvantari madhava murthy, Devudu sadashiva, K S Sulibele",
3398,ಗೃಹಶೋಭಾ,,ಬೆಂಗಳೂರು,ವಿಶ್ವನಾಥ್,ವಿಶ್ವನಾಥ್,ಪಾಕ್ಷಿಕ,ಕನ್ನಡ,,
3399,ನಮಸ್ಕಾರ ಕೆಂಗೇರಿ ಪತ್ರಿಕೆ,,ಬೆಂಗಳೂರು,ಎಚ್ ಟಿ ಪರಮಶಿವಯ್ಯ,ಎಚ್ ಟಿ ಪರಮಶಿವಯ್ಯ,ಸಾಪ್ತಾಹಿಕ,ಕನ್ನಡ,,
3400,Hosa Dasarahalli Pathrike,,ಬೆಂಗಳೂರು,ಎನ್ ಶ್ರೀನಿವಾಸ ಯಾದವ್,ಎನ್ ಶ್ರೀನಿವಾಸ ಯಾದವ್,ಸಾಪ್ತಾಹಿಕ,ಕನ್ನಡ,,
3401,Hosa Prathi,,ಬೆಂಗಳೂರು,,ಟಿ ಕೃಷ್ಣ ಮೂರ್ತಿ,ಮಾಸಿಕ,ಕನ್ನಡ,,
3402,Hosathu,,ಬೆಂಗಳೂರು,ನವಕರ್ನಾಟಕ ಪ್ರಕಾಶಕರು,ಜಿ ರಾಮಕೃಷ್ಣ,ಮಾಸಿಕ,ಕನ್ನಡ,,
3403,Idu Rajakeeya Suddi,,ಬೆಂಗಳೂರು,ಆರ್ ಬಾಲಾಜಿ,ಆರ್ ಬಾಲಾಜಿ,ಪಾಕ್ಷಿಕ,ಕನ್ನಡ,,
3404,Jalaja,,ಬೆಂಗಳೂರು,,,ಮಾಸಿಕ,ಕನ್ನಡ,,
3405,Jana Seva,,ಬೆಂಗಳೂರು,,,,ಕನ್ನಡ,,"1978, Guruling appa"
3406,Janagere Patrike,,ಬೆಂಗಳೂರು,ವೆಂಕಟರಾಮಯ್ಯ,ವೆಂಕಟರಾಮಯ್ಯ,ಸಾಪ್ತಾಹಿಕ,ಕನ್ನಡ,,
3407,Janamanada Sanchalana,,ಬೆಂಗಳೂರು,ಮಹೇಶ್ ಪೈ ಕಾರ್ಕಳ,ಮಹೇಶ್ ಪೈ ಕಾರ್ಕಳ,ಮಾಸಿಕ,ಕನ್ನಡ,,
3408,Janapriya Nandini,,ಬೆಂಗಳೂರು,ಎನ್ ವಿ ಲಿಂಗರಾಜು,ಎನ್ ವಿ ಲಿಂಗರಾಜು,ಮಾಸಿಕ,ಕನ್ನಡ,,
3409,Jaya Karnataka Bharatha Bandu,,ಬೆಂಗಳೂರು,ಚಿದಂಬರಯ್ಯ,ಚಿದಂಬರಯ್ಯ,,ಕನ್ನಡ,,
3410,Jnana Ganga,,ಬೆಂಗಳೂರು,,,,ಕನ್ನಡ,,
3411,Jnana Sudha,,ಬೆಂಗಳೂರು,,,ತ್ರೈಮಾಸಿಕ,ಕನ್ನಡ,,
3412,Joke Hoysala,,ಬೆಂಗಳೂರು,ಜಿ.ವಿ. ರಾಮರಾವ್,ಜಿ.ವಿ. ರಾಮರಾವ್,ಮಾಸಿಕ,ಕನ್ನಡ,,
3413,Kajaana,,ಬೆಂಗಳೂರು,,ಜಾಣಗೆರೆ ವೆಂಕಟರಾಮಯ್ಯ,ಸಾಪ್ತಾಹಿಕ,ಕನ್ನಡ,,
3414,Kala Vikasa,,ಬೆಂಗಳೂರು,ಎ.ಎಲ್. ನರಸಿಂಹನ್,ಎ.ಎಲ್. ನರಸಿಂಹನ್,,ಕನ್ನಡ,,
3415,Kalana Shrushti,,ಬೆಂಗಳೂರು,ಪಿ ಲಕ್ಷ್ಮೀ ನಾರಾಯಣ,ಪಿ ಲಕ್ಷ್ಮೀ ನಾರಾಯಣ,ಮಾಸಿಕ,ಕನ್ನಡ,,
3416,Kali Nali,,ಬೆಂಗಳೂರು,"ನಿರ್ದೇಶಕರು, ಜಿಲ್ಲಾ ಪ್ರಾಥಮಿಕ ಶಿಕ್ಷಣ ಯೋಜನೆ",,,ಕನ್ನಡ,,
3417,Kaliyuga,,ಬೆಂಗಳೂರು,ಪದ್ಮನಾಭ ಜಿ,ಪದ್ಮನಾಭ ಜಿ,ಮಾಸಿಕ,ಕನ್ನಡ,,
3418,Kanaada,,ಬೆಂಗಳೂರು,ಕನ್ನಡ ಸಾಂಸ್ಕೃತಿಕ ಸಂಘ ಬೆಂಗಳೂರು,,,ಕನ್ನಡ,,
3419,Kanasina Bharatha,,ಬೆಂಗಳೂರು,,,,ಕನ್ನಡ,,
3420,ಕನ್ನಡ Naadi,,ಬೆಂಗಳೂರು,ಎಸ್.ಕೆ. ವಿವೇಕಾನಂದ,ಎಸ್.ಕೆ. ವಿವೇಕಾನಂದ,ಸಾಪ್ತಾಹಿಕ,ಕನ್ನಡ,,
3421,ಕನ್ನಡ Sahitya Parishad Patrike,,ಬೆಂಗಳೂರು,ಕನ್ನಡ ಸಾಹಿತ್ಯ ಪರಿಷತ್ತು,,,ಕನ್ನಡ,,1916
3422,Karave Nalnudi,,ಬೆಂಗಳೂರು,ವಿಶಾಲಾಕ್ಷಿ,ವಿಶಾಲಾಕ್ಷಿ,ಮಾಸಿಕ,ಕನ್ನಡ,,
3423,Karnataka Kala Varthe,,ಬೆಂಗಳೂರು,ಎಚ್ ಶಂಕರಪ್ಪ,ಕೆ ವಿ ಸುಬ್ರಹ್ಮಣ್ಯಂ,ತ್ರೈಮಾಸಿಕ,ಕನ್ನಡ,,
3424,Karnataka Maratha Vani,,ಬೆಂಗಳೂರು,,,ಮಾಸಿಕ,ಕನ್ನಡ,,
3425,Karnataka Police,,ಬೆಂಗಳೂರು,,,ಮಾಸಿಕ,ಕನ್ನಡ,,
3426,Karnataka Rakshanaa Vedike,,ಬೆಂಗಳೂರು,ಕೆ ಎನ್ ಚಂದ್ರಶೇಖರ್,K N Chandrashekar,ಮಾಸಿಕ,ಕನ್ನಡ,,
3427,Karnataka TV Loka,,ಬೆಂಗಳೂರು,,R K Raju/ A Jagadish,ಮಾಸಿಕ,ಕನ್ನಡ,,
3428,Karnataka Vyavasaya Patrike,,ಬೆಂಗಳೂರು,,,,ಕನ್ನಡ,,
3429,Kathavali,,ಬೆಂಗಳೂರು,O V Guptha,O V Guptha,,ಕನ್ನಡ,1937-56,1938
3430,Koravanji,,ಬೆಂಗಳೂರು,M Shivaram,Sri Ra Shi/ M Shivaram,ಮಾಸಿಕ,ಕನ್ನಡ,"194-67, Pub : TK Janardhana, B N Gupta, B S
 Iyengar,","1973/194 2, T K Janardha n"
3431,Krushi Mitra,,ಬೆಂಗಳೂರು,,,,ಕನ್ನಡ,,
3432,KSFC News,,ಬೆಂಗಳೂರು,Karnataka State financial,,,ಕನ್ನಡ,,
3433,Ksha Kirana,,ಬೆಂಗಳೂರು,corporation N Keshava,N Keshava,ಪಾಕ್ಷಿಕ,ಕನ್ನಡ,,
3434,Kuduremukha,,ಬೆಂಗಳೂರು,"Kuduremukha iron ore company Ltd.,",,,ಕನ್ನಡ,,
3435,Legislators Newsletter,,ಬೆಂಗಳೂರು,Harry Dsoza,Harry Dsoza,,ಕನ್ನಡ/ ಇಂಗ್ಲೀಷ್,,
3436,Lekhaki,,ಬೆಂಗಳೂರು,Karnataka Lekhakiyara Sangha,,,ಕನ್ನಡ,,
3437,Linganudi,,ಬೆಂಗಳೂರು,Linganudi Prakashana,Sharada Mallappa Aavati,ಮಾಸಿಕ,ಕನ್ನಡ,,
3438,Madhukara,,ಬೆಂಗಳೂರು,Prakashana Pvt Ltd.,Kateel Ganapathi Sharma,ಮಾಸಿಕ,ಕನ್ನಡ,,
3439,Makaranda,,ಬೆಂಗಳೂರು,Karnataka Education Network,,ಮಾಸಿಕ,ಕನ್ನಡ/ ಇಂಗ್ಲೀಷ್,,
3440,Malleshwaram Senior's News,,ಬೆಂಗಳೂರು,R N Manjunatha,R N Manjunatha,,ಕನ್ನಡ,,
3441,ಮಲ್ಲಿಗೆ,,ಬೆಂಗಳೂರು,B Krishna,B Krishna,,ಕನ್ನಡ,"1960, Pub : Bangalore Printer, Edi: B S Gupta and Tandaveshwar a",1962
3442,Mangale,,ಬೆಂಗಳೂರು,,B K Vishamani,,ಕನ್ನಡ,,"1977, Pub: C S Mani, Edi: Saroja srishailan ,RS Iyengar"
3443,Mooki-Taaki,,ಬೆಂಗಳೂರು,J V Venkataramaiah,J V Venkataramaiah,ಪಾಕ್ಷಿಕ,ಕನ್ನಡ,,
3444,ಮುರಳಿ,,ಬೆಂಗಳೂರು,Saroja Srishailan,C S Mani,ಮಾಸಿಕ,ಕನ್ನಡ,,
3445,Mushti Vani,,ಬೆಂಗಳೂರು,Adugodi B Krishna,Adugodi B Krishna,ಮಾಸಿಕ,ಕನ್ನಡ,,
3446,Nagaloka,,ಬೆಂಗಳೂರು,R. Raghu,R. Raghu,ಮಾಸಿಕ,ಕನ್ನಡ,,
3447,Naguvananda,,ಬೆಂಗಳೂರು,C. R. Krishna Rao,C. R. Krishna Rao,ಮಾಸಿಕ,ಕನ್ನಡ,,
3448,Namma Ranga Prapancha,,ಬೆಂಗಳೂರು,Subrahmanya S,Subrahmanya S,ಮಾಸಿಕ,ಕನ್ನಡ,,
3449,ನಟನ,,ಬೆಂಗಳೂರು,Natana Publication,Balakrishna K N,,ಕನ್ನಡ,"1972-1973, Edi: B V Karantha","1970, B V Karanth"
3450,Navya Vani,,ಬೆಂಗಳೂರು,Parshwanatha,Parshwanatha,ಸಾಪ್ತಾಹಿಕ,ಕನ್ನಡ,,
3451,Netravathi,,ಬೆಂಗಳೂರು,H.S. Vrushabharaj,H.S. Vrushabharaj,,ಕನ್ನಡ,,
3452,Nimma Sparda Prapancha,,ಬೆಂಗಳೂರು,Shaheeda Begum,Abdul Hakeem,ಪಾಕ್ಷಿಕ,ಕನ್ನಡ,,
3453,Nrithya Nada,,ಬೆಂಗಳೂರು,H Shankrappa,M A Jayaram Rao,ತ್ರೈಮಾಸಿಕ,ಕನ್ನಡ,,
3454,Nyaya Rakshaka,,ಬೆಂಗಳೂರು,,V Murthy,ಪಾಕ್ಷಿಕ,ಕನ್ನಡ,,
3455,O Manase,,ಬೆಂಗಳೂರು,Ravi Belagere,Ravi Belagere,ಪಾಕ್ಷಿಕ,ಕನ್ನಡ,,
3456,Panchayati Raj Varta Patra,,ಬೆಂಗಳೂರು,Dr K Shubha,Dr K Shubha,,ಕನ್ನಡ,,
3457,Police Times,,ಬೆಂಗಳೂರು,R Balakrishna,R Balakrishna,ಪಾಕ್ಷಿಕ,ಕನ್ನಡ,,
3458,Prajaprabhutva,,ಬೆಂಗಳೂರು,P S Bhat,P S Bhat,ಸಾಪ್ತಾಹಿಕ,ಕನ್ನಡ,,
3459,Prakruthi Bayalu,,ಬೆಂಗಳೂರು,G. Mahadeva Prasad,G. Mahadeva Prasad,ಮಾಸಿಕ,ಕನ್ನಡ,,
3460,Prarthisu,,ಬೆಂಗಳೂರು,G Guruprasad,G Guruprasad,ಮಾಸಿಕ,ಕನ್ನಡ,,
3461,Prasara Vani,,ಬೆಂಗಳೂರು,Marketing and Management Services,Vaddagiri Krishna Murthy,ಪಾಕ್ಷಿಕ,ಕನ್ನಡ,,
3462,Priyadarshini Chitra Kala Vrunda,,ಬೆಂಗಳೂರು,Priyadarshini Chitra Kala Vrunda,,,ಕನ್ನಡ,,
3463,Pungava,,ಬೆಂಗಳೂರು,K.S. Nagaraja,K.S. Nagaraja,ಪಾಕ್ಷಿಕ,ಕನ್ನಡ/ ಇಂಗ್ಲೀಷ್,,
3464,Putani Vijaya,,ಬೆಂಗಳೂರು,,,,ಕನ್ನಡ,,
3465,Ragini,,ಬೆಂಗಳೂರು,Padma News Printers,Shreedhara Deshakulakarani,,ಕನ್ನಡ,,
3466,Rajadhani Express,,ಬೆಂಗಳೂರು,Padma K. Bhat,Padma K. Bhat,ಮಾಸಿಕ,ಕನ್ನಡ,,
3467,Rajhans Chitra,,ಬೆಂಗಳೂರು,A Balachandra,A Balachandra,,ಕನ್ನಡ,,
3468,Romanchaka,,ಬೆಂಗಳೂರು,R. Narasimha,R. Narasimha,ಪಾಕ್ಷಿಕ,ಕನ್ನಡ,,
3469,Sadagara,,ಬೆಂಗಳೂರು,Raghavendra B Bhandari,Raghavendra B Bhandari,,ಕನ್ನಡ,,
3470,Sahitya Sangarsha,,ಬೆಂಗಳೂರು,S Shashikanth,S Shashikanth,,ಕನ್ನಡ,,
3471,Sakhath Suddi,,ಬೆಂಗಳೂರು,V. Vishwanath,V. Vishwanath,ದೈನಿಕ,ಕನ್ನಡ,,
3472,Samvada,,ಬೆಂಗಳೂರು,Honnalingaiah S R,Gopal Vajapayi,ತ್ರೈಮಾಸಿಕ,ಕನ್ನಡ,,
3473,Samyuktha Bharatha,,ಬೆಂಗಳೂರು,H Srikantaiah,H Srikantaiah,ದೈನಿಕ,ಕನ್ನಡ,1947,
3474,Sanjaya,,ಬೆಂಗಳೂರು,K Sham Rao,K Sham Rao,ಸಾಪ್ತಾಹಿಕ,ಕನ್ನಡ,,
3475,Sanna Kaigarika Varthe,,ಬೆಂಗಳೂರು,Harry D' Souza,Harry D' Souza,ಮಾಸಿಕ,ಕನ್ನಡ/ ಇಂಗ್ಲೀಷ್,,
3476,Satyakathegala Crime Story,,ಬೆಂಗಳೂರು,B Siddegowda,B Siddegowda,,ಕನ್ನಡ,,
3477,Shakthi,,ಬೆಂಗಳೂರು,,A N Somayya,,ಕನ್ನಡ,,
3478,Star of Bangalore,,ಬೆಂಗಳೂರು,R.Rajgiri Pradeep,R.Rajgiri Pradeep,ಸಾಪ್ತಾಹಿಕ,ಕನ್ನಡ,,
3479,Strong of Karnataka,,ಬೆಂಗಳೂರು,D.C. Shankar,D.C. Shankar,ಮಾಸಿಕ,ಕನ್ನಡ,,
3480,Suddi Sangati,,ಬೆಂಗಳೂರು,Indudhara Honnapura,Indudhara Honnapura,ಸಾಪ್ತಾಹಿಕ,ಕನ್ನಡ,,
3481,Suddi Sourabha,,ಬೆಂಗಳೂರು,Shiva Prakashan,,,ಕನ್ನಡ,,
3482,Sudha,,ಬೆಂಗಳೂರು,,,ಸಾಪ್ತಾಹಿಕ,ಕನ್ನಡ,"Pub: Mysore Pvt Ltd, Edi: E R Sethuram, Weekly",1965
3483,Suvarna Vani,,ಬೆಂಗಳೂರು,,,,ಕನ್ನಡ,,
3484,Swapna Loka,,ಬೆಂಗಳೂರು,Dr. Vidyashankar.S,Dr. Vidyashankar.S,ಮಾಸಿಕ,ಕನ್ನಡ,,
3485,Swatantra,,ಬೆಂಗಳೂರು,,,,ಕನ್ನಡ,"1949, Pub: Sharadha Prakashana, Edi: Basavaraja kattimane",
3486,Swathantradedege,,ಬೆಂಗಳೂರು,Basavaraja Kattimani,Basavaraja Kattimani,,ಕನ್ನಡ,,
3487,Tara Darshini,,ಬೆಂಗಳೂರು,,,ಮಾಸಿಕ,,,
3488,Tarangini,,ಬೆಂಗಳೂರು,Kateel Ganapathi Sharma,Kateel Ganapathi Sharma,ಮಾಸಿಕ,ಕನ್ನಡ,"1964-66, Pub : Prabha Press",1964
3489,Tattavada,,ಬೆಂಗಳೂರು,Sri H.N.Narayana Rao,Sri H.N.Narayana Rao,,ಕನ್ನಡ,,
3490,Tejashwini Patrike,,ಬೆಂಗಳೂರು,,,,ಕನ್ನಡ,,
3491,Thuthoori,,ಬೆಂಗಳೂರು,Jayakar C S,Jayakar C S,ಮಾಸಿಕ,ಕನ್ನಡ,,
3492,Tughalak,,ಬೆಂಗಳೂರು,T.P. Prasanna Kumar,T.P. Prasanna Kumar,,ಕನ್ನಡ,1972-75,
3493,Udayanudi,,ಬೆಂಗಳೂರು,Shivakumar Sahyadri,Shivakumar Sahyadri,ದೈನಿಕ,ಕನ್ನಡ,,
3494,Uttama Daravahi,,ಬೆಂಗಳೂರು,Sangama Prakashana,S Sundar Rajan,,ಕನ್ನಡ,,
3495,ಉತ್ಥಾನ,,ಬೆಂಗಳೂರು,S.R.Ramaswamy,S.R.Ramaswamy,ಮಾಸಿಕ,ಕನ್ನಡ,"1964, Pub: Rashtrothana parishath, Edi: Y C Jayadeva, S Venkata Rao",
3496,Vaidya Loka,,ಬೆಂಗಳೂರು,,,ಮಾಸಿಕ,ಕನ್ನಡ,,
3497,ವನಿತ,,ಬೆಂಗಳೂರು,B.Vishwanath Reddy,B.Vishwanath Reddy,,ಕನ್ನಡ,,
3498,ವಾರ್ತಾ ಪತ್ರ ೧,,ಬೆಂಗಳೂರು,B N Satyanaryana Rao,Karigowda Beechanahalli,ದ್ವೈಮಾಸಿಕ,ಕನ್ನಡ,,
3499,Vasan's GK,,ಬೆಂಗಳೂರು,,,ಮಾಸಿಕ,ಕನ್ನಡ,,
3500,ವಿಜಯ ನೆಕ್ಸ್ಟ್,,ಬೆಂಗಳೂರು,,,ಸಾಪ್ತಾಹಿಕ,ಕನ್ನಡ,,
3501,Vijayamala,,ಬೆಂಗಳೂರು,K.P. Muttuswamy,K.P. Muttuswamy,ಮಾಸಿಕ,ಕನ್ನಡ,1951-61,
3502,Vijnana deepa,,ಬೆಂಗಳೂರು,Karnataka rajya vijnana parishat,M A Sethuram,ಮಾಸಿಕ,ಕನ್ನಡ/ಇಂಗ್ಲೀಷ್/ಹಿಂದಿ,,
3503,Vikranta Bharatha,,ಬೆಂಗಳೂರು,,,ಪಾಕ್ಷಿಕ,ಕನ್ನಡ,,
3504,ವಿನೋದ,,ಬೆಂಗಳೂರು,Deshahalli G. Narayana,Deshahalli G. Narayana,ಮಾಸಿಕ,ಕನ್ನಡ,,
3505,Vipra Nudi,,ಬೆಂಗಳೂರು,,,ಮಾಸಿಕ,ಕನ್ನಡ,,
3506,Vishala Uluchukamme,,ಬೆಂಗಳೂರು,Uluchukamme Brahmana Mahasabha,,ತ್ರೈಮಾಸಿಕ,ಕನ್ನಡ,,
3507,Vishwa Kreedangana,,ಬೆಂಗಳೂರು,Shakeel H. Honnal,Shakeel H. Honnal,ಪಾಕ್ಷಿಕ,ಕನ್ನಡ,,
3508,Viveka Sampada,,ಬೆಂಗಳೂರು,Viveka Prakashana,A Chandrashekara Udupa,ದ್ವೈಮಾಸಿಕ,ಕನ್ನಡ,,
3509,Weekly Weather and Crop Report,,ಬೆಂಗಳೂರು,,,ಸಾಪ್ತಾಹಿಕ,ಕನ್ನಡ,,
3510,ಯದುಗಿರಿ,,ಬೆಂಗಳೂರು,,,ಮಾಸಿಕ,ಕನ್ನಡ,,
3511,Yellaru Nammavaru,,ಬೆಂಗಳೂರು,C.K. Kempanna,C.K. Kempanna,ಮಾಸಿಕ,ಕನ್ನಡ,,
3512,ಯೂತ್ ಕರ್ನಾಟಕ,,ಬೆಂಗಳೂರು,Directorate of Youth Service,N M Bhat,ತ್ರೈಮಾಸಿಕ,ಕನ್ನಡ,,
3513,ಯುವ ಚೇತನ,,ಬೆಂಗಳೂರು,Wilfred Lobo,Wilfred Lobo,ಪಾಕ್ಷಿಕ,ಕನ್ನಡ,,
3514,ಯುವ ಕರ್ನಾಟಕ,,ಬೆಂಗಳೂರು,Directorate of Youth Service Govt. of Karnataka,,ತ್ರೈಮಾಸಿಕ,ಕನ್ನಡ,,
3515,ಯುವ ಶಾಂತಿ,,ಬೆಂಗಳೂರು,-,,ಪಾಕ್ಷಿಕ,ಕನ್ನಡ,,
3516,ಯುವರಾಜ,,ಬೆಂಗಳೂರು,K Laxman,Govinda Muthy Desai,ಮಾಸಿಕ,ಕನ್ನಡ,,
3517,Sri Mahadeshwara Darshnam,,ಮಹದೇಶ್ವರಬೆಟ್ಟ/ಚಾಮರಾಜನಗರ,Sri Malay Mahadeshwara swamy Devastana trust.,,ಮಾಸಿಕ,ಕನ್ನಡ,,
3518,Vishwa Shikshana,,ಚಿಕ್ಕಬಳ್ಳಾಪುರ,Zilla Shikshana & Tarabete Samsthe,,,ಕನ್ನಡ,,
3519,Lions Friend,,ಮೂಡಿಗೆರೆ,,V N Narshimha Shetty,ಮಾಸಿಕ,ಕನ್ನಡ,,
3520,Star of Malenadu,,ಮೂಡಿಗೆರೆ,K Manjunath,K Manjunath,ಪಾಕ್ಷಿಕ,ಕನ್ನಡ,,
3521,Chandravalli,,ಚಿತ್ರದುರ್ಗ,K Basavananda,Thipperudra swamy / K Basavananda,ದೈನಿಕ,ಕನ್ನಡ,,1978
3522,Kote Koogu,,ಚಿತ್ರದುರ್ಗ,,Venkataram,ಮಾಸಿಕ,ಕನ್ನಡ,,
3523,Davangere Lions,,ದಾವಣಗೆರೆ,Lions Club of Davanagere,N V Ambarkar,ಮಾಸಿಕ,ಕನ್ನಡ,,
3524,Honnali Kannadiga,,ಹೊನ್ನಾಳಿ/ದಾವಣಗೆರೆ,Mangala Publisher,,ಮಾಸಿಕ,ಕನ್ನಡ,,
3525,Indian Astrology /Jyothishya Patrike,,ದಾವಣಗೆರೆ,Gururaja Ujjayini,Gururaja Ujjayini,ಮಾಸಿಕ,ಕನ್ನಡ,,
3526,Karnataka Bhaktabandhu,,ದಾವಣಗೆರೆ,,H Chidambaraiah,ಮಾಸಿಕ,ಕನ್ನಡ,,
3527,Samyuktha Karnataka,,ದಾವಣಗೆರೆ,Loka Shikshana Trust,,ದೈನಿಕ,ಕನ್ನಡ,,
3528,Caam News,,ಧಾರವಾಡ,Pariyaya Krushi Madhyama Kendra,ಅನಿತ ಪೈಲೂರು,,ಕನ್ನಡ,,
3529,Gramavani,,ಧಾರವಾಡ,Bharatha Abhudhya Seva Samsuthe,,,ಕನ್ನಡ,,
3530,Gupta Varadi,,ಧಾರವಾಡ,,,,ಕನ್ನಡ,,
3531,Hosa Swathantryda Belaku,,ಧಾರವಾಡ,Jasvirsingh P. Konsal,Mithun,,ಕನ್ನಡ,,
3532,Hotel Sandesha,,ಹುಬ್ಬಳ್ಳಿ/ಧಾರವಾಡ,Suresh Haragodu,Suresh Haragodu,ಮಾಸಿಕ,ಕನ್ನಡ,,
3533,Jagrat Vani,,ಹುಬ್ಬಳ್ಳಿ/ಧಾರವಾಡ,R T Majjagi,R T Majjagi,ಪಾಕ್ಷಿಕ,ಕನ್ನಡ,,
3534,Jagrutha Nagarika,,ಹುಬ್ಬಳ್ಳಿ/ಧಾರವಾಡ,Prajarajjya Special Edition,,,ಕನ್ನಡ,,
3535,Jeevana Shikshana,,ಧಾರವಾಡ,District Education and Training,,ಮಾಸಿಕ,ಕನ್ನಡ,"1956, edi-B D Mugi",
3536,Karmaveer,,ಧಾರವಾಡ,"Institute Loka Shikshana
 Trust",H R Purohith,ಸಾಪ್ತಾಹಿಕ,ಕನ್ನಡ,"1921-30/1940- 74/1992, Pub : lokashikshana trust, hubli, edi: R R Diwakar",
3537,Karnatak Lokrajya,,ಹುಬ್ಬಳ್ಳಿ/ಧಾರವಾಡ,,Vilas Siddappa Latte,ಸಾಪ್ತಾಹಿಕ,ಕನ್ನಡ,,
3538,Karnataka Vanijya,,ಹುಬ್ಬಳ್ಳಿ/ಧಾರವಾಡ,Karnataka Chamber of Commerce and Industry,,,ಕನ್ನಡ,,
3539,Nethaji,,ಹುಬ್ಬಳ್ಳಿ/ಧಾರವಾಡ,,Itagi Vedamurthi / Vikrama Itagi,ದೈನಿಕ,ಕನ್ನಡ,1947-79,
3540,Paraspara,,ಧಾರವಾಡ,Bifee Rural Development Institution,,,ಕನ್ನಡ,,
3541,Practice Test Series,,ಧಾರವಾಡ,Renuka Lakshman Uppar,Lakshman S Uppar,ಮಾಸಿಕ,ಕನ್ನಡ,,
3542,Prapancha,,ಹುಬ್ಬಳ್ಳಿ/ಧಾರವಾಡ,Indumathi P Patila,Patil Puttappa,ಸಾಪ್ತಾಹಿಕ,ಕನ್ನಡ,1954,
3543,Premi,,ಧಾರವಾಡ,Bhavana Prakasana,Ravindra Joshi,ಮಾಸಿಕ,ಕನ್ನಡ,,
3544,Rasaranga,,ಹುಬ್ಬಳ್ಳಿ/ಧಾರವಾಡ,C. Baabu Rao for Shakti Publication,C. Baabu Rao,ಮಾಸಿಕ,ಕನ್ನಡ,"1962-68, Pub: Radika ranjita Press,Ed- Gowri shankara Misra",
3545,Samskruti Vahini,,ಧಾರವಾಡ,Dharma Samskruti Pratishtana,K Ganapathi Bhat,Half Yearly,ಕನ್ನಡ,,
3546,Samvada,,ಧಾರವಾಡ,C R Honnalingaian for Karnataka Nataka Academy,B V Vaikunta Raju,ತ್ರೈಮಾಸಿಕ,ಕನ್ನಡ,,
3547,Sangama,,ಧಾರವಾಡ,Patil Puttappa,Patil Puttappa,ಮಾಸಿಕ,ಕನ್ನಡ,1956,
3548,Soundarya Mattu Arogya Bhagya,,ಹುಬ್ಬಳ್ಳಿ/ಧಾರವಾಡ,,,ಮಾಸಿಕ,ಕನ್ನಡ,,
3549,Stri Ratna,,ಹುಬ್ಬಳ್ಳಿ/ಧಾರವಾಡ,Sneha Kohil,Shanti Shah,ಮಾಸಿಕ,ಕನ್ನಡ,,
3550,Vishala Karnataka,,ಧಾರವಾಡ,H K Patil,H K Patil,,ಕನ್ನಡ,"1937-76,",
3551,ಅಭಿಯಾನ,,ಮಂಗಳೂರು,Latha A. Kalladka,Latha A. Kalladka,ಪಾಕ್ಷಿಕ,ಕನ್ನಡ,,
3552,ಅಗ್ನಿ,,ಮುಲ್ಕಿ/ದಕ್ಷಿಣಕನ್ನಡ,K.M.G Mulki,K.M.G Mulki,ಸಾಪ್ತಾಹಿಕ,ಕನ್ನಡ,"1968, Publisher - K.M.G. Husena",
3553,Akshara,,ಮಂಗಳೂರು,,Karavali Printers Association,,ಕನ್ನಡ,,
3554,Al Bayan,,ದಕ್ಷಿಣಕನ್ನಡ,Rabibulla Afzal,Dharimees Association,,ಕನ್ನಡ,,
3555,Al Kamar,,ಮಂಗಳೂರು,Mohiuddeen Shariff,Mohiuddeen Shariff,,ಕನ್ನಡ,,
3556,Alvas Mirror,,,,,,ಕನ್ನಡ,,
3557,Anche Geleya,,ಮಂಗಳೂರು,Akhila Bharatha Anche Naukararu,,ಮಾಸಿಕ,ಕನ್ನಡ,,
3558,ಅಂತರಂಗ,,ಮಂಗಳೂರು,K H Shetty,,,ಕನ್ನಡ,,
3559,Antharanga Bahiranga,,ಮಂಗಳೂರು,"Satish U Pai for Manipal Prakashana Pvt. Ltd.,",Santhosh Kumar Gulwadi,,ಕನ್ನಡ,,
3560,Areka News,,ದಕ್ಷಿಣಕನ್ನಡ,Akila Bharatha Adeke Belegarara Sangha,,,ಕನ್ನಡ,,
3561,ಅಸೀಮ,,,Dattatreya Hosabale,Dattatreya Hosabale,ಮಾಸಿಕ,ಕನ್ನಡ,,
3562,Atta Mutta,,ಪುತ್ತೂರು/ದಕ್ಷಿಣಕನ್ನಡ,,,,ಕನ್ನಡ,,
3563,Balakedara,,ದಕ್ಷಿಣಕನ್ನಡ,Balakedarara Vedike of Enmakajje Panchayat,Shri Padre,,ಕನ್ನಡ,,
3564,Bantwala Varthe,,ಬಂಟ್ವಾಳ/ದಕ್ಷಿಣಕನ್ನಡ,,N M Venkatesh,ಸಾಪ್ತಾಹಿಕ,ಕನ್ನಡ,,
3565,Bayalu,,ದಕ್ಷಿಣಕನ್ನಡ,,,,ಕನ್ನಡ,,
3566,Brahmavani,,ಕಾಸರಗೋಡು/ದಕ್ಷಿಣಕನ್ನಡ,Shivalli Brahmana Sabha,,,,,
3567,Coastal Times,,ಮಂಗಳೂರು,Ismal Moodushedde,Ismal Moodushedde,ಮಾಸಿಕ,ಕನ್ನಡ,,
3568,Hada,,ಬೆಳ್ತಂಗಡಿ/ದಕ್ಷಿಣಕನ್ನಡ,,,,ಕನ್ನಡ,,
3569,Hebberi,,ಮಂಗಳೂರು,H Rajeev Shetty,Ambatanaya Mudradi,ಸಾಪ್ತಾಹಿಕ,ಕನ್ನಡ,,
3570,Hikmath,,ದಕ್ಷಿಣಕನ್ನಡ,Jumadil Akir,Jumadil Akir,,ಕನ್ನಡ,,
3571,ಹೊಸ ಚಿಗುರು,,ದಕ್ಷಿಣಕನ್ನಡ,JCI Kundapura,H. Sujayindra Hande,ತ್ರೈಮಾಸಿಕ,ಕನ್ನಡ,,
3572,ಹೊಸ ದಿಗಂತ,,ಮಂಗಳೂರು,,J V Chudanath Iyer,ದೈನಿಕ,ಕನ್ನಡ,,
3573,ಇಂಚರ,,ಉಜಿರೆ/ಮಂಗಳೂರು,"S D M College, Ujire","S D M College, Ujire",,ಕನ್ನಡ,,
3574,ಜನದನಿ,,ಮಂಗಳೂರು,Lolaksha,Lolaksha,ಸಾಪ್ತಾಹಿಕ,ಕನ್ನಡ,,
3575,ಜ್ಞಾನಂ ಮಂಜರಿ,,ಮಂಗಳೂರು,Rama Hegde,Rama Hegde,ಮಾಸಿಕ,ಕನ್ನಡ,,
3576,Jnana Sudha,,ಕಾರ್ಕಳ/ದಕ್ಷಿಣಕನ್ನಡ,Sudhakar Shetty,Adarsha Gokale B,ತ್ರೈಮಾಸಿಕ,ಕನ್ನಡ,,
3577,Kala,,ದಕ್ಷಿಣಕನ್ನಡ,Yelluru Umesh Rao,Yelluru Umesh Rao,ಮಾಸಿಕ,ಕನ್ನಡ,,
3578,ಕನ್ನಡ Dwani,,ಕಾಸರಗೋಡು/ದಕ್ಷಿಣಕನ್ನಡ,Kasargudu Government College,,ಮಾಸಿಕ,ಕನ್ನಡ,,
3579,ಕನ್ನಡ Jana Antaranga,,ಮಂಗಳೂರು,B.V Seetaram,B.V Seetaram,ದೈನಿಕ,ಕನ್ನಡ,,
3580,Karavali Marutha,,ಮಂಗಳೂರು,Sudesh Kumar,Sudesh Kumar,ಸಾಪ್ತಾಹಿಕ,ಕನ್ನಡ,,
3581,M P C Samachar,,ಮಂಗಳೂರು,Mangalore Power Company,,ಮಾಸಿಕ,ಕನ್ನಡ,,
3582,Mahila Dwani,,ಮಂಗಳೂರು,Samanatha Mahila Okkuta,Samanatha Mahila Okkuta,,ಕನ್ನಡ,,
3583,Malenadu,,ಮಂಗಳೂರು,Assum Hegde,Assum Hegde,ಮಾಸಿಕ,ಕನ್ನಡ,"1947 -49, Editor/Publish er - M.N. Biole",1948
3584,MESCOM Kirana,,ಮಂಗಳೂರು,MESCOM,Jayram Alva,ಮಾಸಿಕ,,,
3585,Nagavruja,,ಕಾರ್ಕಳ/ದಕ್ಷಿಣಕನ್ನಡ,Sri Annappayaa Yuva Vedike,M Shashindra Kumar,ಮಾಸಿಕ,ಕನ್ನಡ,,
3586,Namma Karavali,,ಮಂಗಳೂರು,Sachin Raj,Sachin Raj,ಸಾಪ್ತಾಹಿಕ,ಕನ್ನಡ,,
3587,Nareeshwararu,,ಮಂಗಳೂರು,,Kudupi Vasudeva Shenoy,ಸಾಪ್ತಾಹಿಕ,ಕನ್ನಡ,,
3588,Niranthara Shikshana,,ದಕ್ಷಿಣಕನ್ನಡ,,Ando paul,ಸಾಪ್ತಾಹಿಕ,ಕನ್ನಡ,,
3589,Pingara,,ಮಂಗಳೂರು,Raymond Taccod,Raymond Taccod,ಸಾಪ್ತಾಹಿಕ,ಕನ್ನಡ,,
3590,Prachara,,ಮಂಗಳೂರು,,,,ಕನ್ನಡ,,
3591,Preraka/ Motivator,,ದಕ್ಷಿಣಕನ್ನಡ,,,ಮಾಸಿಕ,ಕನ್ನಡ,,
3592,Putturina Muttu,,ದಕ್ಷಿಣಕನ್ನಡ,,K.Vipinkumar,ದೈನಿಕ,ಕನ್ನಡ,,
3593,Rubber Varthe,,ಮಂಗಳೂರು,"Rubber Board, Regional Office Mangalore",Asst. Divisional Officer,ಮಾಸಿಕ,ಕನ್ನಡ,,
3594,Samprabha,,ದಕ್ಷಿಣಕನ್ನಡ,Lalita R. Nayak,Sumaukananda Jalavalli,ಮಾಸಿಕ,ಕನ್ನಡ,,
3595,Sangathi,,ಮಂಗಳೂರು,,,ಪಾಕ್ಷಿಕ,ಕನ್ನಡ,"1948 - 81, Editor - N. Naveena Chanolipala, Publisher - B.V. Karkera/ Sumana Prakashana",1948
3596,Sanje Ale,,ಮಂಗಳೂರು,B.S. Shivaprasad,B.S. Shivaprasad,ದೈನಿಕ,ಕನ್ನಡ,,
3597,Sanketh,,ಮಂಗಳೂರು,Sanketh Groups,Jagan Pavar Bekal,ಮಾಸಿಕ,ಕನ್ನಡ,,
3598,Shri Bharathi,,ದಕ್ಷಿಣಕನ್ನಡ,Sri Bharathi Krupa Prakashana,Bollava Satya Shankara,,ಕನ್ನಡ,,"1933, Editor - Vamana Shenoy"
3599,Sirath Puravani,,ಮಂಗಳೂರು,Students Islamik Organisation of India,,,ಕನ್ನಡ,,
3600,ಸುದ್ದಿ ಸಂಪದ,,ದಕ್ಷಿಣಕನ್ನಡ,,,,ಕನ್ನಡ,,
3601,ಸುತ್ತಾ ಮುತ್ತಾ,,ದಕ್ಷಿಣಕನ್ನಡ,Anantha Prakashana,Nishanth Kinjuru,ಮಾಸಿಕ,ಕನ್ನಡ,,
3602,ದಿ ಇಲ್ಲಸ್ಟ್ರೇಟೆಡ್ ವೀಕ್ಲಿ ಆಫ್ ಇಂಡಿಯಾ,,ಮಂಗಳೂರು,"Bennett & Coleman and Co. Ltd.,",M V Kamath,ಸಾಪ್ತಾಹಿಕ,ಇಂಗ್ಲೀಷ್,,
3603,ತುಳು ಬೊಳ್ಳಿ,,ಮಂಗಳೂರು,P S Rao,P S Rao,ಮಾಸಿಕ,ತುಳು,,
3604,ತುಳುವೆರೆ ಪುರಸಭೆ,,ದಕ್ಷಿಣಕನ್ನಡ,Umesh B Shetty,Umesh B Shetty,ಮಾಸಿಕ,ತುಳು,,
3605,ತುತ್ತೂರಿ,,ಮಂಗಳೂರು,,,ಮಾಸಿಕ,ಕನ್ನಡ,,
3606,ಉಡುಪಿ ನ್ಯೂಸ್,,ಮಂಗಳೂರು,Ando Paul Puttur,Ando Paul Puttur,,ಕನ್ನಡ,,
3607,ಉರಲ್,,ಕಿನ್ನಿಗೋಳಿ,Akhila Bharatha Tulu Okuta,Kuokady Vishwanatha Rai,ಮಾಸಿಕ,ತುಳು,,
3608,ವರ್ಧಮಾನ,,ಮೂಡಬಿದ್ರೆ,Vardamana Prashasthi Peeta,Ramdas,,ಕನ್ನಡ,,
3609,ವಾರ್ತಾಮಿತ್ರ,,ಮಂಗಳೂರು,Akbar Ullal,Akbar Ullal,ಮಾಸಿಕ,ಕನ್ನಡ,,
3610,ವರ್ತಮಾನ,,ಮಂಗಳೂರು,,,ತ್ರೈಮಾಸಿಕ,ಕನ್ನಡ,,
3611,ವೀಣಾ,,ಮಂಗಳೂರು,V eena Prakatanalaya,S N Rao,ಮಾಸಿಕ,ಕನ್ನಡ,1950 -58,1949
3612,ವಿದ್ಯಾರ್ಥಿ,,ಪುತ್ತೂರು/ದಕ್ಷಿಣಕನ್ನಡ,M.S Raghinatha Rao,Sumanasa,,ಕನ್ನಡ,,
3613,ವಿಮಾ ಜ್ಯೋತಿ,,ಪುತ್ತೂರು/ದಕ್ಷಿಣಕನ್ನಡ,ಎಲ್.ಐ.ಸಿ,,ಮಾಸಿಕ,ಕನ್ನಡ,,
3614,ಯುವ ವಾಹಿನಿ,,ಮಂಗಳೂರು,ಯುವ ವಾಹಿನಿ ಕೇಂದ್ರ ಮಂಡಳಿ,ಎಂ ಎಸ್ ಕೋಟ್ಯಾನ್,ಮಾಸಿಕ,ಕನ್ನಡ,,
3615,ಜ್ಯೋತಿಷ್ದರ್ಪಣ ,,ಗದಗ,,ಡಿ ಎಚ್ ಕಬಾಡಿ,ಮಾಸಿಕ,ಕನ್ನಡ,,
3616,ಕಲಾಪ್ರಪಂಚ,,ಗದಗ,,ಎಸ್ ಟಿ ಹಿರೇಮಠ,ಮಾಸಿಕ,ಕನ್ನಡ,,
3617,ಕರ್ನಾಟಕ ಬಂಧು,,ಗದಗ,ಸಿ. ವಿ ಹಿರೇಮಠ,ಸಿ. ವಿ ಹಿರೇಮಠ,ಮಾಸಿಕ,ಕನ್ನಡ,,
3618,ಸಮರ್ಥ ಸಂದೇಶ,,ಗದಗ,ಮರಾಠಿ ವಾಜ್ಮೇಯ ಪ್ರೇಮಿ ಮಂಡಲ,,ಮಾಸಿಕ,ಕನ್ನಡ,,
3619,ಟ್ಯಾಕ್ಸ್ ಮಿತ್ರ,,ಗದಗ,ಎಚ್ ಆರ್ ಕೊಪ್ಪಾರ್,ಎಚ್ ಆರ್ ಕೊಪ್ಪಾರ್,ಮಾಸಿಕ,ಕನ್ನಡ,,
3620,ವಾಸವಿ,,ಗದಗ,,ಎಸ್ ಎಚ್ ಶಿರಿಹಟ್ಟಿ,ಮಾಸಿಕ,ಕನ್ನಡ,,
3621,ಪ್ರಜಾ ಗೆಳೆಯ,,ಚನ್ನರಾಯಪಟ್ಟಣ,ಸಿ ಎಸ್ ಸತ್ಯ ನಾರಾಯಣ ಹೆಬ್ಬಾರ್,ಸಿ ಎಸ್ ಸತ್ಯ ನಾರಾಯಣ ಹೆಬ್ಬಾರ್,,ಕನ್ನಡ,,
3622,ಶಂಕರ ಸೇತುವೆ,,ಹಾಸನ,ಸಹಕಾರ ಸೇತುವೆ,,,ಕನ್ನಡ,,
3623,ಸಂವಹನ,,ಸಕಲೇಶಪುರ,,,ಮಾಸಿಕ,ಕನ್ನಡ,,
3624,ಶ್ರೀ ವಿದ್ಯಾ,,ಹಾಸನ,ರತ್ನಶ್ರೀ ಪ್ರಕಾಶನ / ನಾಗರಾಜ ರಾಯ ಟೀಸ್,ಟಿ ಎಸ್ ನಾಗರಾಜ ರಾಯರು,ತ್ರೈಮಾಸಿಕ,ಕನ್ನಡ,,
3625,ಬೋಧ ಭಾರತಿ,,ಹಾವೇರಿ,ಮಾಳಗಿ ಮಾಲತೇಶ್ವರ,ಮಾಳಗಿ ಮಾಲತೇಶ್ವರ,ಮಾಸಿಕ,ಕನ್ನಡ,,
3626,ಕ್ರೈಂ ನ್ಯೂಸ್,,ಕಲಬುರ್ಗಿ,ಸುರೇಶ ದೇಶಪಾಂಡೆ,ಸುರೇಶ ದೇಶಪಾಂಡೆ,ಪಾಕ್ಷಿಕ,ಕನ್ನಡ,,
3627,ಧಮ್ಮ ಪದ,,ಕಲಬುರ್ಗಿ,,ನಾಗಭೂಷಣ ಬಿ. / ಪರಾಠರಾವ್,ದೈನಿಕ,ಕನ್ನಡ,,
3628,HKCCI ನ್ಯೂಸ್,,ಕಲಬುರ್ಗಿ,ಉಮಾಕಾಂತ ನಿಗುಡಗಿ,ಉಮಾಕಾಂತ ನಿಗುಡಗಿ,,ಕನ್ನಡ/ ಇಂಗ್ಲೀಷ್,,
3629,ಫಿರ್ದೌಸ್,,ಮಡಿಕೇರಿ,ಎಂ. ಇ. ಮೊಹಮ್ಮದ್,ಎಂ. ಇ. ಮೊಹಮ್ಮದ್,ಸಾಪ್ತಾಹಿಕ,ಕನ್ನಡ,,1995
3630,ಕುಶಾಲ್ ಲಯನ್ಸ್,,ಮಡಿಕೇರಿ,,,ಮಾಸಿಕ,ಕನ್ನಡ,,
3631,ಸಿಂಹ ಕೋಲಾರ್,,ಕೋಲಾರ,ಎನ್. ವೆಂಕಟೇಶ್,ಎನ್. ವೆಂಕಟೇಶ್,ಸಾಪ್ತಾಹಿಕ,ಕನ್ನಡ,,
3632,ವಿವೇಕ ಸುಧಾ,,ಕೋಲಾರ,ಸ್ವಾಮಿ ಶ್ರೀಕಂಠಾನಂದಜಿ ರಾಮಕೃಷ್ಣ ಯೋಗಪೀಠ,ಸ್ವಾಮಿ ಶ್ರೀಕಂಠಾನಂದಜಿ,ಮಾಸಿಕ,ಕನ್ನಡ/ ಇಂಗ್ಲೀಷ್,,
3633,ಸ್ವಾಭಿಮಾನಿ,,ಕೊಪ್ಪಳ,ಅಶೋಕಸ್ವಾಮಿ ಹೆರೊರು,ಅಶೋಕಸ್ವಾಮಿ ಹೆರೊರು,,ಕನ್ನಡ,,
3634,ಅಭಿವ್ಯಕ್ತಿ,,,"ಎಂ. ಎಲ್. ಶ್ರೀಕಾಂತೇಗೌಡ, ಸಂಶೋಧನಾ ಕೇಂದ್ರ, ಕರ್ನಾಟಕ ಸಂಘ",,,ಕನ್ನಡ,,
3635,ಅಂಕುರ,,ಟಿ.ನರಸೀಪುರ,,ಹೊಸಮನೆ ವೆಂಕಟೇಶ್,ಮಾಸಿಕ,ಕನ್ನಡ,,
3636,CFTRI ವಾರ್ತಾಪತ್ರ,,ಮೈಸೂರು,"CFTRI, ಮೈಸೂರು",,ದ್ವೈಮಾಸಿಕ,ಕನ್ನಡ,,
3637,ಚಿತ್ರ ಸಾರಥಿ,,ಕೆ.ಆರ್.ನಗರ,ಕೆ. ಟಿ. ಮಂಜುನಾಥ,ಕೆ. ಟಿ. ಮಂಜುನಾಥ,ಮಾಸಿಕ,ಕನ್ನಡ,,
3638,ಗೋರಕ್ಷಣಾ,,ಮೈಸೂರು,ಎಂ. ಎಸ್. ಕೃಷ್ಣ ರಾವ್,ಎಂ. ಎಸ್. ಕೃಷ್ಣ ರಾವ್,ದೈನಿಕ,ಕನ್ನಡ,1946 -52,1941
3639,ಹೊಸ ಜಗನ್ನಾಥ ಪತ್ರಿಕೆ,,ಮೈಸೂರು,,ಸಿ. ಜಗನ್ನಾಥ್,ಸಾಪ್ತಾಹಿಕ,ಕನ್ನಡ,,
3640,ಜನಾಂದೋಲನ,,ಮೈಸೂರು,ಲೋಕೇಶ್ ಮೊಸಳೆ,ಲೋಕೇಶ್ ಮೊಸಳೆ,ಸಾಪ್ತಾಹಿಕ,ಕನ್ನಡ,,
3641,ಮೈಸೂರು ಮಲ್ಲಿಗೆ,,ಮೈಸೂರು,ಎಲ್. ಎಸ್. ಲಿಂಗಪ್ಪ,ಎಲ್. ಎಸ್. ಲಿಂಗಪ್ಪ,,ಕನ್ನಡ,,1980
3642,ಪಾಕ್ಷಿಕ ಪ್ರದಕ್ಷಿಣೆ,,ಮೈಸೂರು,ಬಿ. ಎಸ್. ರಾಜಶೇಖರ ಆಚಾರ್,ಬಿ. ಎಸ್. ರಾಜಶೇಖರ ಆಚಾರ್,ಪಾಕ್ಷಿಕ,ಕನ್ನಡ,,
3643,ಪರಿಮಳ,,ನಂಜನಗೂಡು,ಪರಿಮಳ ಸಂಶೋಧನಾ ಮತ್ತು ಪ್ರಕಾಶ ಮಂದಿರ,,ಮಾಸಿಕ,ಕನ್ನಡ,"1953 - 65, Pub - Parimala Shamshodana Prakashana mandira, Editor - Girirajachar",Editor -Gururay acharya
3644,ಪ್ರಜೀವ,,ಮೈಸೂರು,ವಿ. ವಿಜಯಲಕ್ಷ್ಮಿ,ಶಿವಕುಮಾರ್,ಮಾಸಿಕ,ಕನ್ನಡ/ ಇಂಗ್ಲೀಷ್,,
3645,ರುಜುವಾತು,,ಮೈಸೂರು,ಯು. ಅರ್. ಅನಂತಮೂರ್ತಿ,ಯು. ಅರ್. ಅನಂತಮೂರ್ತಿ/ ಎನ್. ವಿದ್ಯಾಶಂಕರ್,ತ್ರೈಮಾಸಿಕ,ಕನ್ನಡ,,1980
3646,ಸಾಕ್ಷಿ,,,ಅಕ್ಷರ ಪ್ರಕಾಶನ,ಎಂ. ಗೋಪಾಲಕೃಷ್ಣ ಅಡಿಗ,ತ್ರೈಮಾಸಿಕ,ಕನ್ನಡ,,
3647,ಸಂಸಾದಭ್ಯಾಯ,,ಮೈಸೂರು,,,ದೈನಿಕ,ಕನ್ನಡ/ ಇಂಗ್ಲೀಷ್,,
3648,ಸಂಜೆ ಮಿಂಚು,,ಮೈಸೂರು,,,,ಕನ್ನಡ,,
3649,ಸಂಕ್ರಾಂತಿ,,ಮೈಸೂರು,ಜಯದೇವರಾಜ್ ಅರಸ್,ಡಿ.ಟಿ.ಎಸ್. ರಾವ್,ದೈನಿಕ,ಕನ್ನಡ,,
3650,ಸುಧೇನು,,ಮೈಸೂರು,ಎಂ.ಪಿ. ಉಮೇಶ್ ಆಚಾರ್ಯ,ಎಂ.ಪಿ. ಉಮೇಶ್ ಆಚಾರ್ಯ,ಮಾಸಿಕ,ಕನ್ನಡ,,
3651,ಆಶೀರ್ವಾದ,,ಮಸ್ಕಿ,ಘನಮಠದಯ್ಯ ಸಾಲಿಮಠ,ಘನಮಠದಯ್ಯ ಸಾಲಿಮಠ,ಮಾಸಿಕ,ಕನ್ನಡ,,
3652,ಅಲೋಚನೆ,,ತೀರ್ಥಹಳ್ಳಿ,,,,ಕನ್ನಡ,,
3653,ಅನಂತ ಪ್ರಭಾ,,ಸಾಗರ,ಎ. ಜಿ. ಚಂದ್ರರಾಜ ಜೈನ,ಎ. ಜಿ. ಚಂದ್ರರಾಜ ಜೈನ,,ಕನ್ನಡ,,
3654,ಅಶೋಕ,,ಹೆಗ್ಗೋಡು,,,ಸಾಪ್ತಾಹಿಕ,ಕನ್ನಡ,,
3655,ಭದ್ರ ಸಿಂಹ,,‌ಭದ್ರಾವತಿ,ಲಯನ್ಸ್ ಕ್ಲಬ್ ಭದ್ರಾವತಿ,ಕೆ.ಎಂ. ಸತೀಶ್,,ಕನ್ನಡ,,
3656,ಡೈರಿ ಕಟ್ಟೆ,,ಸಾಗರ,ಚಿಂತನ ವಿಕಾಸ ವಾಹಿನಿ,,,ಕನ್ನಡ,,
3657,ದಿಗ್ದರ್ಶಕ,,ಶಿವಮೊಗ್ಗ,ಮಲ್ನಾಡ್ ಆಫ್‌ಸೆಟ್ ಪ್ರಿಂಟರ್ಸ್ ಮತ್ತು ಪಬ್ಲಿಕೇಷನ್,ಶೇಕಭ್,ಪಾಕ್ಷಿಕ,ಕನ್ನಡ,,
3658,ಗಿರಿತರಂಗ,,ಶಿವಮೊಗ್ಗ,ಜಿ. ಪದ್ಮನಾಭ,ಪಿ. ಸುಬ್ರಮಣ್ಯ,,ಕನ್ನಡ,,
3659,ಕಮಲವಾಣಿ,,ಶಿವಮೊಗ್ಗ,,ಟಿ. ಎಮ್.ನರಸಿಂಹ,,ಕನ್ನಡ,,
3660,ಕನ್ನಡ ಜ್ಞಾನಾಂತರಂಗ,,ಸಾಗರ,ಏನ್. ವೈದ್ಯ,ಏನ್. ವೈದ್ಯ,ದೈನಿಕ,ಕನ್ನಡ,,
3661,ಕಿಸಾನ್ ವಾರ್ತಾ,,ತೀರ್ಥಹಳ್ಳಿ,,,,ಕನ್ನಡ,,
3662,ಮಲೆನಾಡ ಸಂಗತಿ,,ಶಿವಮೊಗ್ಗ,,ಹೆಚ್. ಎಸ್. ಸುಂದ್ರೇಶ್,ದೈನಿಕ,ಕನ್ನಡ,,
3663,ಮಲೆನಾಡ ವಾರ್ತಾ ವಿಶೇಷ ಸಂಚಿಕೆ,,ಶಿವಮೊಗ್ಗ,ಹುಲಿಕಲ್ ಸುಬ್ಬರಾಯ,ಭೂಪಾಲಂ ಆರ್. ಚಂದ್ರಶೇಖರಯ್ಯ,,ಕನ್ನಡ,,
3664,ಮಂದಾನಿಲ,,ತೀರ್ಥಹಳ್ಳಿ,,,ತ್ರೈಮಾಸಿಕ,ಕನ್ನಡ,,
3665,ನವಜಾತ,,ಸಾಗರ,ನವಜಾತ ಬಳಗ,ಅವಿನಾಶ್ ಜಿ.,ಮಾಸಿಕ,ಕನ್ನಡ,,
3666,ಪಾರ್ಶ್ವನಾಥ ವಾಣಿ,,ಸಾಗರ,ಹೆಚ್. ಎಂ. ವೀರ ರಾಜಯ್ಯ ಜೈನ,ಹೆಚ್. ಎಂ. ವೀರ ರಾಜಯ್ಯ ಜೈನ,ಮಾಸಿಕ,ಕನ್ನಡ,,
3667,ಪ್ರಜಾ ಚಿಂತನ,,ತೀರ್ಥಹಳ್ಳಿ,ಏನ್. ನಾಗರಾಜ,ಏನ್. ನಾಗರಾಜ,ಸಾಪ್ತಾಹಿಕ,ಕನ್ನಡ,,
3668,ರುಜುವಾತು,,ಹೆಗ್ಗೋಡು,"ಕವಿಕಾವ್ಯ, ಹೆಗ್ಗೋಡು",ಪ್ರಸನ್ನ / ಯು. ಆರ್. ಅನಂತಮೂರ್ತಿ,ತ್ರೈಮಾಸಿಕ,ಕನ್ನಡ,,
3669,ಸಾಕ್ಷಿ,,ಸಾಗರ,ಸಾಕ್ಷಿ ಮತ್ತು ಕವಿತಾ,ಗೋಪಾಲಕೃಷ್ಣ ಅಡಿಗ,,ಕನ್ನಡ,,
3670,ಸಾರ್ವಭೌಮ,,ಶಿವಮೊಗ್ಗ,ಎಂ. ನಾಗೇಂದ್ರ ರಾವ್,ಹೆಚ್. ಸಿ. ಜಯರಾಮ,ಸಾಪ್ತಾಹಿಕ,ಕನ್ನಡ,,
3671,ಸತ್ಯಕಾಮ,,ಶಿವಮೊಗ್ಗ,ಗೀತಾ ಸತ್ಸಂಗ,ರಾಜಾರಾಮ್ ಮೂರ್ತಿ,ಮಾಸಿಕ,ಕನ್ನಡ,,
3672,ಶ್ರೀ ಮುಖ,,ಹೊಸನಗರ,ಭಾರತಿ ಪ್ರಕಾಶನಕ್ಕಾಗಿ ಕೆ. ಕೆ. ಶಿವಾನಂದ,ಸೀತಾರಾಮ ಹೆಗಡೆ,ಮಾಸಿಕ,ಕನ್ನಡ,,
3673,ಸುದ್ದಿ ದೂತ,,ಶಿವಮೊಗ್ಗ,ಜಿ. ಗಣೇಶ,ಜಿ. ಗಣೇಶ,ದೈನಿಕ,ಕನ್ನಡ,,
3674,ತೃಷ್ಣ,,ತೀರ್ಥಹಳ್ಳಿ,ತೀರ್ಥಹಳ್ಳಿ ಜೆ.ಸಿ.ಐ. ವ್ಯಕ್ತಿತ್ವ ವಿಕಸನ ಸಂಸ್ಥೆ,,ತ್ರೈಮಾಸಿಕ,ಕನ್ನಡ,,
3675,ವರದಿ,,ಶಿವಮೊಗ್ಗ,ಯು. ಲಕ್ಷ್ಮಣ್ ಕುಮಾರ್,ಯು. ಲಕ್ಷ್ಮಣ್ ಕುಮಾರ್,ಸಾಪ್ತಾಹಿಕ,ಕನ್ನಡ,,
3676,ವಿಧಾತ,,ತೀರ್ಥಹಳ್ಳಿ,ಟಿ. ಜೆ. ಅನಿಲ್,ಟಿ. ಜೆ. ಅನಿಲ್ / ಹೆಚ್. ಏನ್. ದಿನೇಶ್,ಸಾಪ್ತಾಹಿಕ,ಕನ್ನಡ,,
3677,ಗೊರವನಹಳ್ಳಿ ಮಹಾಲಕ್ಷ್ಮಿ ವಾಣಿ,,,,,,ಕನ್ನಡ,,
3678,ಸಿದ್ಧಾಂತ ಸಂದೇಶ,,ತುಮಕೂರು,,ವೈ. ಡಿ. ರತ್ನಾಕರ,ಪಾಕ್ಷಿಕ,ಕನ್ನಡ,,
3679,ತುಮಕೂರು ವಾಣಿ,,ತುಮಕೂರು,,,,ಕನ್ನಡ,,
3680,ಅಂತರಂಗ,,ಉಡುಪಿ,,ಕೆ. ಹೆಚ್. ಶೆಟ್ಟಿ,,ಕನ್ನಡ,,
3681,ಚಾಲುಕ್ಯ,,ಉಡುಪಿ,ಚಂದ್ರಶೇಖರ,ಚಂದ್ರಶೇಖರ,ಪಾಕ್ಷಿಕ,ಕನ್ನಡ,,
3682,ಕಂದ,,,,,ಮಾಸಿಕ,ಕನ್ನಡ/ ಇಂಗ್ಲೀಷ್,,
3683,ಕನ್ನಡ ಡಿಂಡಿಮ,,ಉಡುಪಿ,ದಿನಕರ ಎಸ್. ಬೆಂಗ್ರೆ,ದಿನಕರ ಎಸ್. ಬೆಂಗ್ರೆ,ಪಾಕ್ಷಿಕ,ಕನ್ನಡ,,
3684,ಕೃಷಿ ಬಿಂಬ ಪತ್ರಿಕೆ,,ಕಾರ್ಕಳ,ರಾಧಾ ಕೃಷ್ಣ ಸಣ್ಣ ಕಿವಿ,ರಾಧಾ ಕೃಷ್ಣ ಸಣ್ಣ ಕಿವಿ,ಮಾಸಿಕ,ಕನ್ನಡ,,
3685,ಮಕ್ಕಳ ಪಂಚಾಯತ್ ತೂಫಾನ್,,ಕುಂದಾಪುರ/ಉಡುಪಿ,,,,ಕನ್ನಡ,,
3686,ಪಟ್ಟಣ ಸುದ್ದಿ,,ಉಡುಪಿ,ಜಗನ್ಮೋಹನ ಯು.,ಜಗನ್ಮೋಹನ ಯು.,ಪಾಕ್ಷಿಕ,ಕನ್ನಡ,,
3687,ಪಟ್ಟಾಂಗ,,ಉಡುಪಿ,,,ಪಾಕ್ಷಿಕ,ಕನ್ನಡ,,
3688,ಪಿಸುಮಾತು,,ಕಾರ್ಕಳ,ಪ್ರಕಾಶ್ ಕಾಬೆಟ್ಟು,ಪ್ರಕಾಶ್ ಕಾಬೆಟ್ಟು,ಮಾಸಿಕ,ಕನ್ನಡ,,
3689,ರ್ಯಾಲಿ ರಶ್ಮಿ,,ಉಡುಪಿ,ಶ್ರೀಪತಿ ರಾವ್ ಪಲಿಮಂಕರ್ /ಎಂ. ಜಿ. ರಾವ್,ಶ್ರೀಪತಿ ರಾವ್ ಪಲಿಮಂಕರ್ / ಎಂ. ಜಿ. ರಾವ್,,ಕನ್ನಡ,,
3690,ರಂಗೋಲಿ,,ಉಡುಪಿ,ಸಂಸ್ಕೃತಿ ಸೇವಾ ವಿಕಾಸ ನಿಧಿ,ಭಾರತಿ ಮರವಂತೆ,,ಕನ್ನಡ,,
3691,ರಸ ಸಂಜೆ,,ಬ್ರಹ್ಮಾವರ/ಉಡುಪಿ,ವಸಂತ ಜ್ಞಾನ ಜ್ಞಾನ ಪ್ರಕಾಶನಕ್ಕಾಗಿ,ವಸಂತ ಜ್ಞಾನ,ದೈನಿಕ,ಕನ್ನಡ,,
3692,ಸಾಧನ,,ಉಡುಪಿ,ಎಲ್. ಐ. ಸಿ.,,,ಕನ್ನಡ/ ಇಂಗ್ಲೀಷ್,,
3693,ಸ್ಪಂದನ,,ಕುಂದಾಪುರ/ಉಡುಪಿ,ರಾಧಾಕೃಷ್ಣ ಯು. ಕುಂದಾಪುರ ಜೆ.ಸಿ.ಐ. ಗಾಗಿ ಕುಂದಾಪುರ,ರಾಧಾಕೃಷ್ಣ ಯು.,ಸಾಪ್ತಾಹಿಕ,ಕನ್ನಡ,,
3694,ಶ್ರೀ ಕೃಷ್ಣ ಸಂದೇಶ,,ಉಡುಪಿ,ವೆಂಕಟರಮಣಾಚಾರ್ಯ ಯು.,ಎಂ. ಜನಾರ್ಧನಾಚಾರ್ಯ,ಮಾಸಿಕ,ಕನ್ನಡ/ಇಂಗ್ಲೀಷ್/ಹಿಂದಿ,1932 - 35,
3695,ಸುದ್ದಿಗಳು,,ಕುಂದಾಪುರ/ಉಡುಪಿ,,,,ಕನ್ನಡ,,
3696,ಸುಖದ ದಾರಿ,,ಉಡುಪಿ,ಅಂತರಂಗ ಕಾರ್ಯಾಲಯ,,,ಕನ್ನಡ,,
3697,ತರಂಗ,,ಉಡುಪಿ,"ಮಣಿಪಾಲ್ ಪ್ರಿಂಟರ್ಸ್ ಅಂಡ್ ಪಬ್ಲಿಕೇಶನ್ ಲಿ., ರಾಷ್ಟ್ರಕವಿ
ಗೋವಿಂದಪೈ ಸಂಶೋಧನಾ ಕೇಂದ್ರ",ಸಂತೋಷ ಕುಮಾರ ಗುಲ್ಪಾಡಿ,,ಕನ್ನಡ,,
3698,ತುಳುವ,,ಉಡುಪಿ,,,ತ್ರೈಮಾಸಿಕ,ಕನ್ನಡ,,
3699,ವೀಣ,,ಉಡುಪಿ,,,ಮಾಸಿಕ,ಕನ್ನಡ,,
3700,ವಿಮರ್ಶಕ,,ಉಡುಪಿ,ಎನ್. ವಿಠ್ಠಲ್ ದಾಸ್,ಎನ್. ವಿಠ್ಠಲ್ ದಾಸ್,ಮಾಸಿಕ,ಕನ್ನಡ,,
3701,ವಿನೂತನ ಹೊಸ ಬದುಕು,,ಉಡುಪಿ,ಶಶಿಧರ ಹೆಮ್ಮಾಡಿ,ಶಶಿಧರ ಹೆಮ್ಮಾಡಿ,ಮಾಸಿಕ,ಕನ್ನಡ,,
3702,ವಿವೇಕ ಸಂಪದ,,ದಕ್ಷಿಣಕನ್ನಡ/ಉಡುಪಿ,ಎ. ಚಂದ್ರಶೇಖರ ಉಡುಪ ವಿವೇಕ ಪ್ರಕಾಶನಕ್ಕಾಗಿ,ಎ. ಚಂದ್ರಶೇಖರ ಉಡುಪ,ಮಾಸಿಕ,ಕನ್ನಡ,,
3703,ಅರಳು ಪ್ರತಿಭೆ,,ಶಿರಸಿ,ಬಾಲ ಸರಸ್ವತಿ ಪ್ರಕಾಶನ,ರಶ್ಮಿ ಎಂ. ಹೆಗಡೆ,ಮಾಸಿಕ,ಕನ್ನಡ,,
3704,ಕ್ರೈಂ ಹಂಟರ್,,ಯಲ್ಲಾಪುರ,ರಮೇಶ್ ಭಟ್,ರಮೇಶ್ ಭಟ್,ಪಾಕ್ಷಿಕ,ಕನ್ನಡ,,
3705,ಜನಮಾಧ್ಯಮ,,ಶಿರಸಿ,ಜೈರಾಮ ಹೆಗಡೆ,ಜೈರಾಮ ಹೆಗಡೆ/ ಪ್ರಕಾಶ ಭಾಗವತ್,ದೈನಿಕ,ಕನ್ನಡ,,
3706,ಜೀರಿಗೆ ಮಾವು,,ಶಿರಸಿ,ಶಿವಾನಂದ ಕಳವೆ,ಶಿವಾನಂದ ಕಳವೆ,,ಕನ್ನಡ,,
3707,ಜ್ಞಾನಂಜನ,,ಸಿದ್ಧಾಪುರ,ಗಣೇಶ ಹೆಗಡೆ,ಗಣೇಶ ಹೆಗಡೆ,ದ್ವೈಮಾಸಿಕ,ಕನ್ನಡ,,
3708,ಕರನಿರಾಕರಣೆ ಕರಪತ್ರ,,ಸಿದ್ಧಾಪುರ,,,,ಕನ್ನಡ,,
3709,ಕರಾವಳಿ ಅಲೆ,,ಕಾರವಾರ,ಇಂಡಿಯನ್ ನ್ಯೂಸ್ ಪೇಪರ್ ಸೊಸೈಟಿ,,ದೈನಿಕ,ಕನ್ನಡ,,
3710,ಕರಾವಳಿ ಮುಂಜಾವು,,ಕಾರವಾರ,ಗಂಗಾಧರ ಹಿರೆಗುತ್ತಿ,ಗಂಗಾಧರ ಹಿರೆಗುತ್ತಿ,ದೈನಿಕ,ಕನ್ನಡ,,
3711,ನಿತ್ಯ ಸಂದೇಶ,,ಶಿರಸಿ,ಅರವಿಂದ ಕರ್ಕಿಕೋಡಿ,ವಿಷ್ಣು ಹರಿಕಾಂತ್/ ಸಂತೋಷ್ ನಾಯಕ್,ಸಾಪ್ತಾಹಿಕ,ಕನ್ನಡ,,
3712,ಶ್ರೀಧರ ಪ್ರಭ,,ಶಿರಸಿ,ಶ್ರೀರಂಗ ಹೆಗಡೆ,ಶ್ರೀರಂಗ ಹೆಗಡೆ,ತ್ರೈಮಾಸಿಕ,ಕನ್ನಡ,,
3713,ಪ್ರಜಾಧ್ವನಿ,,ಸಿಂದಗಿ,ಇಂದುಶೇಖರ್ ಮಣೂರ್,ಇಂದುಶೇಖರ್ ಮಣೂರ್,ಪಾಕ್ಷಿಕ,ಕನ್ನಡ,,
3714,ಸಾಹಿತ್ಯ ಸಂಗಾತಿ,,ವಿಜಯಪುರ,ಶೈಲಾ ಪ್ರಕಾಶನ,ಅರವಿಂದ ಮಾಲಗತ್ತಿ ಕೊಣಾಜೆ,ದ್ವೈಮಾಸಿಕ,ಕನ್ನಡ,,
3715,ಶಾಂತಿಕುಟೀರ ಸಂದೇಶ,,ವಿಜಯಪುರ,,,,ಕನ್ನಡ,,